,Frame,angle_11_13_15_at_13,angle_12_14_16_at_14,angle_11_13_23_at_13,angle_12_14_24_at_14,angle_11_23_25_at_23,angle_12_24_26_at_24,LDF_bloodflow
0,0,129.590014,116.175985,124.912264,138.465878,148.037279,139.156722,
3,3,119.970511,126.642806,118.266606,138.792536,143.960011,137.51605,78.2
6,6,118.39485,120.576245,114.231931,138.109628,136.118053,142.061438,70.3
9,9,110.740615,116.207194,110.173619,137.729528,136.32026,127.414221,49.2
12,12,119.378066,128.308051,109.435626,137.684705,131.934455,129.129593,45.8
15,15,118.756626,120.751706,107.211508,138.927584,136.734354,129.293823,51.8
18,18,114.433965,118.382117,106.483721,138.731633,138.075751,126.023426,33.3
21,21,115.404049,125.828607,105.05159,137.922056,138.293237,126.317749,58.7
24,24,115.925061,126.521295,102.668788,138.454697,138.694152,125.284096,70.0
27,27,116.232509,127.123383,104.21042,136.439845,125.22931,115.363286,52.5
30,30,125.01728,129.766477,95.829148,139.497532,129.45505,117.6503,52.4
33,33,119.907524,134.565774,95.903831,136.084627,119.32958,100.256101,42.3
36,36,120.971939,139.126586,92.206024,133.664902,122.83113,115.094126,43.7
39,39,128.063306,137.019502,85.721478,130.847841,128.668896,119.708826,39.2
42,42,131.385644,134.024196,84.137565,129.462038,132.280086,122.910569,31.9
45,45,124.960062,140.742627,81.724732,125.546235,134.056747,116.277411,69.6
48,48,125.989327,136.831044,77.637023,127.507281,135.313813,117.087128,78.0
51,51,123.338495,144.391229,75.619105,123.04265,130.886933,117.441212,65.1
54,54,131.054798,140.729492,72.865943,121.473203,131.929642,125.213075,49.1
57,57,133.734274,145.203452,70.896196,118.470806,135.734895,125.655042,44.4
60,60,136.499555,143.819441,68.476529,113.445947,147.434867,127.94027,45.5
63,63,136.475872,145.840127,68.093782,112.255616,151.042728,130.181513,45.8
66,66,137.771519,145.514298,66.575849,110.712607,152.777491,126.005939,46.6
69,69,138.534709,141.187008,64.300739,109.869474,157.013371,128.623822,84.3
72,72,138.850907,141.878149,63.29036,107.008968,158.184513,129.782489,80.6
75,75,137.325161,144.592011,63.546872,105.716814,138.892979,118.416744,66.9
78,78,141.776572,150.768307,60.667945,100.50938,149.553274,122.648389,63.1
81,81,140.956183,145.685135,60.290779,106.389846,165.814419,138.420412,55.4
84,84,144.103443,143.91119,58.38591,110.223488,146.672387,125.686468,52.8
87,87,149.243406,142.467363,57.165327,111.690457,151.010131,128.490086,48.0
90,90,149.214032,149.825809,55.853275,105.700015,147.45313,135.401876,68.5
93,93,152.406914,148.520843,54.902737,110.049239,144.865185,139.090207,115.2
96,96,155.915701,144.341519,53.624868,120.888386,141.342187,150.382078,119.4
99,99,157.625364,144.433682,53.559965,123.491777,147.580437,136.616241,90.8
102,102,155.771306,140.135176,52.554575,122.726681,149.258234,137.792834,78.6
105,105,158.721723,152.474759,52.551803,127.062072,139.875832,148.46319,76.4
108,108,158.922093,145.718145,50.449909,120.868837,136.564584,138.608888,85.9
111,111,159.494739,132.384841,48.681447,121.558251,145.731626,133.142415,72.1
114,114,158.089289,121.435558,46.469381,127.269634,129.215891,130.395816,89.1
117,117,160.755372,124.382114,46.43053,125.329508,127.335956,114.170957,124.9
120,120,156.03761,129.890995,44.515441,126.798549,123.358012,115.028769,157.7
123,123,146.257608,128.25469,44.739717,129.136069,132.753788,111.827585,149.7
126,126,141.791239,127.237887,44.468631,130.66888,139.598027,112.495602,128.1
129,129,144.100581,115.423107,45.037591,127.029406,146.634758,115.503963,129.1
132,132,148.498569,128.302381,43.896382,128.762165,132.804033,100.54062,137.1
135,135,146.02415,131.637854,44.678646,130.368625,128.923794,100.271177,122.5
138,138,143.410766,127.804193,46.010604,131.172377,132.502293,107.690114,105.2
141,141,147.490603,147.102991,42.671147,135.118378,127.743987,113.266537,118.9
144,144,141.713945,128.288069,41.541098,133.771502,137.330871,113.710035,171.6
147,147,145.288166,118.812912,41.657667,132.621915,141.709843,116.523427,162.7
150,150,141.959777,127.181021,41.514769,131.593912,134.798574,109.142132,163.3
153,153,138.630137,133.808992,41.496655,129.579976,131.437369,106.222291,142.8
156,156,141.903099,125.008006,39.280053,130.105771,145.214385,117.112562,106.9
159,159,138.792043,124.664931,38.918025,130.77721,138.42585,111.296758,94.9
162,162,149.181285,131.135978,39.147679,127.813004,135.609891,107.196813,110.4
165,165,141.505086,133.831777,38.873778,130.882391,125.908132,104.280507,124.5
168,168,126.154546,133.713454,38.776395,131.549941,125.665728,103.530551,149.2
171,171,132.577952,140.096477,39.409006,133.517867,124.709394,98.626305,138.0
174,174,136.843162,138.382862,35.052245,134.481704,121.653509,103.909737,137.6
177,177,124.94741,128.075843,33.835442,133.702966,122.952855,102.86925,123.5
180,180,135.854778,127.848085,35.188589,131.78699,131.733972,106.98645,120.2
183,183,143.451427,127.56026,32.677531,132.892094,127.44604,100.29775,115.0
186,186,140.691893,132.110155,33.696516,130.810406,133.215906,104.852613,96.2
189,189,131.591924,144.845471,31.60005,135.052527,128.148295,97.415948,117.7
192,192,126.394113,132.906496,29.994679,133.165436,126.541427,111.316074,155.6
195,195,121.368241,128.506206,30.922218,134.004118,128.771822,119.911973,149.3
198,198,127.753163,122.428571,27.412641,136.100899,116.233175,113.694753,141.6
201,201,122.819361,133.709066,26.667319,136.809537,121.747483,111.664735,140.2
204,204,123.3992,129.316679,28.636936,134.354427,130.269801,113.471987,126.4
207,207,119.962029,129.520099,26.798113,134.008066,116.67024,110.821703,123.4
210,210,126.99047,141.661079,25.520497,134.927899,114.879623,103.579972,130.7
213,213,128.053648,137.913904,26.282729,134.442762,124.434937,104.308918,179.2
216,216,130.026415,127.795066,22.421431,132.805168,112.644894,106.392919,173.1
219,219,132.673042,137.229309,25.138809,129.781028,107.478346,109.204711,160.8
222,222,125.981611,121.485718,21.973602,133.520384,102.035702,106.128274,154.5
225,225,120.502945,127.841081,19.463968,134.143793,106.977248,94.36832,128.0
228,228,123.22761,126.584912,22.238911,132.967556,106.486042,92.603713,123.9
231,231,135.377423,127.999104,17.964511,134.314208,105.649712,91.585762,104.9
234,234,125.691979,110.470641,19.042893,133.653922,106.8427,91.311728,131.9
237,237,130.964302,121.009472,15.476848,136.699735,102.852617,84.841185,162.2
240,240,118.502949,124.629868,18.253876,135.591604,103.853146,87.683507,145.2
243,243,123.17648,121.531454,17.958609,134.765217,105.192054,93.064284,140.4
246,246,137.636534,120.391563,19.231287,129.910319,101.845488,94.615604,141.4
249,249,124.092112,117.477328,16.734684,133.197737,101.632101,84.553933,114.3
252,252,123.564407,116.401378,18.407963,132.813551,98.507311,85.29942,106.7
255,255,122.602854,117.742205,12.213118,129.808319,95.163211,90.644432,113.5
258,258,126.66786,112.435245,12.42321,128.135936,95.306682,91.680327,147.6
261,261,115.345918,109.411,13.693658,129.929302,93.384586,94.120247,171.8
264,264,111.786804,114.633057,14.150796,129.326038,92.938607,91.088425,159.6
267,267,120.730801,121.981678,13.802775,127.818539,94.027949,90.507422,146.1
270,270,120.223176,124.947812,11.66543,126.328954,95.955057,94.843578,130.9
273,273,101.728645,118.938029,20.35863,129.340778,100.704959,99.134275,130.7
276,276,109.53193,115.99279,12.372202,129.561707,90.888309,86.958092,128.7
279,279,102.661493,116.106488,13.138107,128.22585,96.394327,99.671098,121.3
282,282,104.289239,117.843848,12.877006,129.950872,89.545875,83.782371,149.4
285,285,109.988655,115.735678,8.766778,124.186378,80.681665,76.932565,171.8
288,288,117.108509,111.211265,9.766888,127.799729,84.250945,80.000489,153.5
291,291,128.658642,115.065533,11.984676,127.368239,90.492654,88.34114,137.1
294,294,122.525486,112.482633,9.47439,121.096957,83.699658,77.526149,149.4
297,297,122.546914,108.333709,13.644325,126.592977,94.352579,91.45413,151.1
300,300,136.496756,108.817367,12.007579,122.893582,91.256109,89.221067,140.3
303,303,126.956496,106.52953,8.26731,123.373179,87.700793,89.216407,111.5
306,306,134.130364,102.793753,12.932297,123.321493,92.549235,94.434379,106.2
309,309,127.396672,103.964991,13.969917,129.014462,95.563301,94.658733,152.7
312,312,122.381336,104.681543,16.474643,121.376092,92.303869,93.573016,144.1
315,315,119.883267,95.627464,15.577089,125.784521,90.484419,92.501076,139.6
318,318,131.477118,98.982941,15.355295,127.83572,91.219745,86.592798,131.0
321,321,133.507175,99.704815,17.450096,124.62119,91.761053,99.067924,113.8
324,324,134.030036,100.147934,13.456562,127.905733,95.724456,90.48353,106.9
327,327,114.998985,117.055466,17.7933,125.403458,90.004649,100.968872,87.2
330,330,112.163466,112.151564,18.360935,120.11287,89.669114,94.237785,76.4
333,333,114.964395,104.363147,17.838179,123.620834,92.567283,98.551582,118.0
336,336,123.872328,108.536793,18.723556,123.286642,92.362674,98.959243,143.8
339,339,110.402258,107.528572,25.584779,107.784296,105.92612,117.930768,136.1
342,342,117.034529,104.777053,23.419988,120.369929,100.501407,115.358382,129.5
345,345,124.961806,102.528251,20.245415,124.124864,98.192992,106.948514,104.4
348,348,112.133609,117.965799,21.819053,118.782314,90.283016,106.085247,93.0
351,351,111.056873,104.198934,22.794072,114.576019,101.135462,104.667202,88.1
354,354,114.879924,110.553934,23.029828,117.686163,95.742851,97.641985,99.7
357,357,114.379553,106.07664,24.301957,116.745642,107.714999,117.360086,148.6
360,360,127.527761,102.40737,21.318915,125.887845,100.519715,106.860927,120.8
363,363,128.958438,105.193796,21.982539,122.041142,87.577777,113.00739,101.3
366,366,120.401394,104.114934,20.404816,129.76618,99.272238,88.923906,118.9
369,369,136.254274,107.068603,16.118667,129.614991,97.356067,90.77427,99.1
372,372,120.173524,100.306298,16.046475,130.629734,96.500776,104.684967,67.0
375,375,122.991703,110.46917,12.672607,126.075759,87.063338,105.025687,75.8
378,378,111.976529,117.294012,19.435261,125.422112,100.837327,116.756878,119.1
381,381,95.927794,129.446089,17.202266,119.981673,113.580389,113.714695,124.8
384,384,102.447521,141.279382,10.635622,135.619365,99.774547,109.67808,120.0
387,387,100.004312,140.280536,14.332939,131.025327,100.253269,115.470334,133.4
390,390,121.605325,125.660296,17.41539,136.175561,103.253364,110.153346,110.4
393,393,112.755475,115.00348,12.528291,138.044077,103.257354,108.113007,99.6
396,396,113.271461,146.539454,21.018514,138.258631,118.817666,102.4511,94.0
399,399,114.530372,146.890704,19.476328,136.505492,117.047783,104.241017,102.5
402,402,112.021266,131.586809,24.750641,126.410384,126.883123,116.784887,125.2
405,405,116.712467,153.782184,22.865488,136.16064,124.439057,105.155886,102.1
408,408,119.146372,146.866005,26.81765,136.605306,131.325492,114.898611,111.3
411,411,128.574306,150.990877,28.633394,141.931237,134.527146,112.21297,108.9
414,414,135.403367,147.211639,32.432121,141.897986,136.357687,111.298064,77.0
417,417,152.175953,142.102838,36.68628,142.792907,143.06009,115.837302,59.7
420,420,141.200712,145.195098,38.336666,141.647149,141.03486,112.681121,48.2
423,423,141.49601,142.726291,41.473617,140.430996,146.004258,116.171174,75.0
426,426,144.635759,139.201381,39.368459,138.704984,158.03514,127.376382,112.1
429,429,152.137561,134.467057,39.845993,135.158615,156.370149,125.135111,105.0
432,432,156.924931,134.157837,39.691283,136.194137,149.597823,119.817668,98.7
435,435,155.681157,140.042283,40.816486,136.230184,152.641761,120.475228,79.5
438,438,154.352813,147.870471,42.19672,136.12342,158.356659,126.542401,61.7
441,441,152.05047,143.347177,42.375697,136.685599,147.723886,124.801831,50.2
444,444,156.330649,140.622696,41.153853,134.679647,145.546812,129.480001,55.1
447,447,157.141387,144.756617,42.384011,131.722799,143.657352,127.091643,86.9
450,450,159.712608,143.843313,41.41838,128.264227,140.024265,125.664338,109.5
453,453,162.332246,147.386572,39.95929,126.589302,141.747589,133.099435,91.7
456,456,164.510067,151.256749,42.335083,127.643381,137.701039,131.508272,100.7
459,459,163.570163,154.463835,45.226079,135.158386,138.877389,129.150949,101.9
462,462,161.33149,142.51217,44.35536,131.541428,139.59303,129.359677,91.0
465,465,165.232698,147.401832,44.463448,132.1864,137.836417,128.059161,70.4
468,468,164.332509,161.056585,49.678715,133.18971,125.211123,124.120467,75.4
471,471,161.393774,147.307356,45.303284,129.802474,134.985664,127.895,99.5
474,474,163.080127,150.396428,44.441406,129.815793,133.932845,126.709637,119.1
477,477,165.329175,134.874085,45.275067,131.325574,133.459624,131.53525,94.2
480,480,165.013632,146.925651,45.64202,131.753958,139.944874,135.78205,96.2
483,483,165.355513,134.320584,46.659974,136.908678,147.448093,142.10589,91.8
486,486,165.810643,136.356453,45.969223,134.115923,145.703876,138.966386,77.6
489,489,164.272362,156.686845,46.915202,129.144465,134.934117,126.698227,74.2
492,492,159.742952,160.918438,47.805194,127.863064,140.187624,125.740668,77.9
495,495,157.051729,158.416155,49.856106,124.237251,138.662096,126.950722,119.5
498,498,152.930798,159.304555,52.231415,121.439529,132.684227,132.1786,113.3
501,501,155.639368,158.936606,50.73077,124.660562,140.209441,128.937314,101.8
504,504,157.270743,157.035424,50.689523,126.575131,146.714033,131.076246,102.4
507,507,152.20137,153.610879,50.713106,124.585377,152.9708,128.219471,87.2
510,510,153.084084,149.752135,50.903942,126.848933,147.007003,130.681148,69.1
513,513,148.879622,151.201085,51.211595,125.56084,156.241644,135.052992,63.9
516,516,150.54808,148.966511,52.232654,126.155882,154.374499,134.147682,64.8
519,519,148.234466,145.848329,50.824543,121.85836,159.655672,136.594173,93.4
522,522,149.234744,151.224607,51.396413,116.094168,153.278802,126.664628,97.7
525,525,151.597325,143.728759,51.879098,116.341732,152.397662,140.380426,85.6
528,528,148.366854,142.341383,49.859302,114.295247,154.377852,138.889895,107.3
531,531,148.943575,142.05807,48.410805,114.857289,154.673353,141.257311,100.6
534,534,148.634625,148.67499,48.429146,99.503106,148.507876,138.127319,82.0
537,537,144.008696,144.99824,50.20793,103.516309,156.836262,135.042777,61.8
540,540,141.833913,145.305812,50.578036,101.554514,150.579319,130.358315,70.4
543,543,141.532751,147.515428,50.87713,97.468682,147.752819,130.776373,128.4
546,546,137.599057,145.046712,49.670431,93.87986,145.699927,136.377452,139.7
549,549,138.536908,140.382898,52.065337,98.22502,145.391293,140.349895,110.9
552,552,140.138245,146.180496,52.297835,96.997892,159.079722,140.791569,81.3
555,555,141.009699,150.233156,53.175962,95.733907,146.503915,133.930861,76.0
558,558,129.801135,149.680757,56.689718,96.032091,149.694319,133.782603,77.7
561,561,137.068272,151.840668,57.168141,92.1458,139.558685,135.530967,77.2
564,564,132.393403,155.940018,60.121012,96.575995,146.346731,136.284247,104.0
567,567,135.283068,142.880228,61.689145,102.68326,145.263244,135.633318,129.9
570,570,137.842467,147.149636,62.456677,104.603326,137.63913,135.98228,112.3
573,573,131.167989,152.938568,65.555508,102.56027,148.999329,136.564165,100.6
576,576,133.804729,155.178386,64.730275,91.48005,154.801913,140.531841,84.9
579,579,129.726392,150.289404,67.247793,104.370793,151.446696,144.123489,81.3
582,582,130.049915,148.525863,70.367496,97.531028,148.257116,141.207399,72.1
585,585,128.102057,148.079804,70.209564,105.329355,147.53441,140.702085,86.7
588,588,129.274593,145.775019,72.162149,105.887744,142.899757,137.979149,126.2
591,591,121.262843,141.988284,72.292849,112.601999,143.04625,133.844453,112.8
594,594,116.033783,148.084229,72.103347,117.017541,152.389282,133.378224,107.3
597,597,119.686959,135.56345,73.338544,123.162103,151.418851,132.731128,117.7
600,600,115.736754,137.957177,75.433546,123.07546,147.236351,133.539524,114.2
603,603,117.27518,134.582581,75.669121,126.416072,146.42377,131.951447,102.2
606,606,114.842908,132.324481,78.380601,127.812806,142.804238,130.429139,87.1
609,609,114.823711,126.42191,79.973927,130.033231,138.752811,128.45364,119.8
612,612,115.49068,128.929956,83.320639,131.719826,138.326869,129.642083,136.8
615,615,115.999214,132.800815,85.984001,133.341688,134.38562,130.529514,122.6
618,618,117.825943,125.889418,89.027197,130.920305,134.268669,129.662792,128.1
621,621,113.386614,125.791226,88.266643,134.298358,137.047828,128.896135,94.1
624,624,115.153069,122.356107,96.739697,132.067827,127.381695,127.067747,82.6
627,627,114.433922,125.795436,96.241999,136.690841,121.883495,121.875437,76.6
630,630,116.461033,121.468733,98.496123,140.134882,123.55618,121.018958,69.8
633,633,113.928117,122.143419,96.295376,131.601475,130.006936,126.143295,133.7
636,636,108.440735,117.354833,100.468292,137.453345,125.880158,121.907469,123.1
639,639,108.936845,116.372463,102.163637,135.212604,127.276548,124.908211,113.4
642,642,109.733574,123.438611,102.940093,140.604604,136.283316,133.169065,97.3
645,645,111.800521,115.888728,106.880404,143.95825,136.79763,129.35697,76.2
648,648,106.585213,115.292819,108.065486,143.48007,136.434053,125.991691,72.5
651,651,106.742489,107.573786,108.064955,142.666534,137.696219,129.780038,66.0
654,654,111.594499,122.174643,108.510755,141.850449,140.02887,133.466577,79.8
657,657,108.375798,119.782999,108.072552,142.929425,138.506673,131.927863,116.9
660,660,108.933299,121.277436,109.736102,142.254095,135.929266,133.837071,130.3
663,663,110.434253,121.85861,111.498135,142.272462,139.661917,135.895262,144.0
666,666,108.160129,124.317342,112.533623,142.36468,139.415726,131.33236,134.6
669,669,109.138815,119.510399,120.280572,139.962757,141.81191,132.488262,108.0
672,672,108.615338,117.898607,122.731244,141.731508,139.733135,136.50996,140.9
675,675,101.871893,116.210456,123.654233,138.901233,138.349178,129.262036,122.3
678,678,107.939724,116.393382,125.144446,142.42466,134.275542,131.36673,108.6
681,681,106.909795,114.993975,123.049445,140.952087,139.674375,139.388649,115.3
684,684,110.809733,117.902328,121.940092,141.754288,140.159772,139.327029,100.2
687,687,113.263399,118.474753,123.053892,141.312222,146.168752,145.499346,91.4
690,690,116.693769,119.322697,124.403447,141.281311,144.546114,145.069727,90.5
693,693,113.933657,121.980853,118.744059,139.883382,140.730961,137.984733,73.6
696,696,112.873077,123.12365,125.58369,140.642652,141.561232,139.984144,68.1
699,699,109.744723,120.081915,127.849851,141.382453,145.725612,139.558827,62.0
702,702,113.339802,125.096573,123.531648,141.420978,139.625046,137.145679,83.7
705,705,111.767584,111.704892,126.42677,139.846985,143.450999,141.431517,123.8
708,708,120.757819,111.117152,131.43162,139.382697,139.28172,146.247157,102.5
711,711,113.264549,113.052187,128.19452,139.056817,146.158851,141.493387,96.5
714,714,115.463608,111.798236,133.322481,140.20145,140.496395,140.349569,102.9
717,717,114.953067,110.160791,134.01495,138.138875,137.730144,139.822143,89.7
720,720,116.244142,110.510853,133.74798,139.403913,135.074212,139.3884,71.5
723,723,116.057011,114.961483,133.400967,138.810106,134.440805,137.652565,85.0
726,726,118.725899,115.595308,134.250616,138.832213,136.248982,139.282893,121.3
729,729,120.371402,121.630848,131.828985,136.547727,139.725623,139.23707,126.0
732,732,118.952822,117.410021,132.687714,137.785671,143.209963,144.809779,117.9
735,735,118.241731,114.962945,130.890286,138.414856,138.655856,138.642461,108.2
738,738,116.50376,109.344432,134.220401,136.976836,142.096212,145.856999,105.7
741,741,122.538584,118.671383,134.040262,139.140106,138.590578,143.428732,93.9
744,744,123.658093,115.265013,132.3294,139.240329,138.473368,141.204763,84.1
747,747,121.220751,114.092468,129.903318,138.908937,142.03585,143.731304,99.8
750,750,116.92007,118.252829,126.507384,140.095973,143.25202,145.130317,154.1
753,753,110.816767,114.956727,120.999807,137.84962,149.309742,144.427275,135.0
756,756,112.521229,119.050682,118.412735,140.362229,151.324413,143.22689,126.6
759,759,112.651602,118.346864,114.278386,139.784919,151.523806,141.293061,138.7
762,762,114.2779,123.213072,113.298794,140.785196,141.622942,141.484545,118.2
765,765,113.393817,121.127484,111.32614,139.496541,143.864882,133.176342,114.6
768,768,108.559925,116.517021,116.202695,140.019735,144.579052,133.144431,98.2
771,771,112.900597,120.85692,114.533129,139.801614,140.939418,130.918205,113.5
774,774,104.380059,113.838507,118.705688,139.441298,136.882101,127.614387,152.8
777,777,109.443033,121.946083,113.971962,140.905474,139.444472,129.346806,134.0
780,780,106.069458,121.558982,111.346706,139.142214,140.328636,127.518164,126.8
783,783,110.277994,117.433098,113.651432,141.206768,138.848738,126.798653,117.5
786,786,108.24602,123.422237,108.868277,136.297932,141.621661,129.411448,109.9
789,789,109.157224,121.68878,110.708159,141.040731,129.334665,123.756058,109.4
792,792,113.543154,121.543729,111.513884,142.538644,129.025506,119.196882,106.7
795,795,114.178202,124.729871,106.072926,141.408865,127.239762,116.843652,158.3
798,798,113.995601,118.820197,102.740631,125.975491,131.761878,122.69838,152.2
801,801,112.557749,117.715482,103.517556,135.087544,129.545655,117.987176,121.8
804,804,113.096419,121.580131,103.054204,138.405725,131.086738,120.114911,134.8
807,807,114.660409,130.351692,101.936808,135.308317,126.645982,118.031908,107.8
810,810,114.599198,134.037419,98.595573,130.412093,132.562886,120.497655,121.9
813,813,120.539003,132.125431,90.104578,125.828178,133.700651,115.087149,119.6
816,816,115.697163,126.321902,99.977703,134.536553,129.078737,125.390297,117.0
819,819,119.851183,127.435751,91.131478,133.391558,131.401887,120.398368,156.9
822,822,119.674111,127.905806,89.344403,129.410482,138.28265,125.749599,152.4
825,825,115.975693,131.853302,88.305742,128.076914,138.656175,125.603137,138.9
828,828,115.962919,128.613113,91.11614,130.505989,134.722654,121.217777,131.3
831,831,122.639526,131.295778,84.167527,126.363925,133.441157,120.555483,103.6
834,834,122.533101,142.497498,82.926558,126.452362,132.538706,119.796415,90.8
837,837,125.970594,137.183268,81.554029,127.325486,130.708988,122.204985,92.0
840,840,120.248115,136.82787,85.787141,121.624187,124.273182,106.678528,124.2
843,843,122.177132,138.148222,81.285304,122.90155,129.055742,113.189909,167.1
846,846,125.07551,139.577922,80.48481,126.952233,129.388708,116.094311,136.6
849,849,119.043864,135.93155,78.389154,117.355217,134.731513,116.325276,133.2
852,852,120.826328,137.324402,80.1999,119.197874,133.19241,117.467634,121.9
855,855,124.010472,138.502946,80.388042,119.722487,136.29131,122.250249,115.2
858,858,123.019128,143.782368,78.934014,116.945277,136.661738,119.727474,116.4
861,861,126.601494,145.768894,78.552582,117.326912,138.162166,119.105282,108.1
864,864,128.21687,142.476114,80.274212,115.926635,142.518157,129.201553,130.7
867,867,131.283479,142.447209,76.735526,117.174958,147.724858,131.468465,136.6
870,870,132.073545,141.290428,74.401536,110.143453,138.569164,117.233877,133.8
873,873,132.218039,142.745996,75.204467,110.226593,145.867854,123.717588,138.9
876,876,135.478632,145.454897,72.162866,109.248046,149.098993,127.331376,133.1
879,879,135.628834,140.81065,74.329286,109.62144,146.041196,128.667461,121.3
882,882,133.526497,140.251914,75.120568,107.749377,142.058285,126.995063,137.1
885,885,139.606594,144.598259,69.782213,105.883657,152.379746,135.659933,144.0
888,888,136.753724,139.837222,71.965993,110.126452,147.725167,130.647577,147.5
891,891,135.736451,139.237981,73.630123,109.057667,141.677874,132.573981,150.0
894,894,137.668187,139.575288,68.816425,103.580032,148.85458,134.59839,145.3
897,897,138.917701,144.369305,67.139439,101.0531,150.169774,136.749499,141.1
900,900,138.162214,144.496151,67.757239,109.844087,139.23854,137.235188,126.7
903,903,136.418958,146.326151,67.886034,107.074738,148.239798,127.138705,120.4
906,906,136.416642,143.879079,66.31443,106.671264,147.495099,128.131364,111.2
909,909,140.692843,143.578165,61.550502,100.083694,150.231171,137.701605,132.8
912,912,139.286329,147.06679,61.127465,100.536423,152.117949,128.546255,150.4
915,915,140.166793,138.679131,61.820822,110.641324,144.060576,130.911121,134.7
918,918,140.877753,139.573318,59.422304,104.973902,150.264968,133.390459,139.3
921,921,143.981236,144.556777,58.265006,107.884559,156.118387,137.131354,144.9
924,924,146.550203,143.523904,56.539689,104.517781,162.185902,142.375881,145.3
927,927,148.938696,142.467067,55.221097,99.795526,150.832428,138.80215,131.1
930,930,147.797899,140.67869,56.118896,103.755907,151.653331,136.534509,123.7
933,933,148.423876,145.813767,54.897079,102.069615,149.999352,131.737382,154.7
936,936,152.369661,141.698257,52.516191,98.396866,149.043853,137.266987,170.2
939,939,149.277441,145.471192,55.290791,107.333903,142.37458,141.977363,151.7
942,942,148.385972,145.552996,55.35845,104.389042,150.814315,138.130294,160.8
945,945,151.355403,146.460679,53.296662,104.709991,144.20633,132.167549,151.2
948,948,149.745622,148.164681,54.87032,101.281829,133.801194,141.009275,129.5
951,951,151.362938,147.042422,53.855694,105.178191,149.689379,127.743342,128.4
954,954,148.893645,147.841298,56.495201,108.500608,153.159683,128.953009,138.7
957,957,154.244462,136.692779,55.990243,114.81714,138.503108,138.660075,168.4
960,960,156.823495,137.35104,54.29918,116.574958,145.258665,141.929243,159.6
963,963,153.690092,139.452907,52.906296,116.940333,156.667475,127.268577,147.5
966,966,153.228182,140.1271,52.336046,121.390441,138.851452,139.370305,154.9
969,969,157.896344,143.552318,52.811527,123.403673,147.348216,126.003588,140.6
972,972,156.214522,145.043163,54.878067,125.62541,146.870535,127.877163,127.5
975,975,159.24095,138.433783,52.991819,124.196357,136.650753,127.578682,128.3
978,978,156.057111,144.365863,54.269816,122.567129,139.583302,131.709189,162.9
981,981,156.265268,140.994033,52.904615,123.286945,141.655131,131.268461,149.6
984,984,158.253897,140.420583,51.202088,119.817762,138.623208,130.799719,147.8
987,987,159.550213,135.939462,50.090432,125.795129,132.264322,126.196868,147.7
990,990,160.822706,127.119182,47.236218,125.145982,127.406325,124.413292,147.6
993,993,162.553853,135.556519,50.263391,127.387326,121.330259,126.989166,136.5
996,996,159.678251,137.142976,47.216063,125.413808,131.483048,114.53966,138.0
999,999,148.154421,129.272436,49.14923,131.032037,132.486564,105.903266,170.7
1002,1002,150.655287,129.578074,48.747502,125.170292,125.807876,101.163264,186.5
1005,1005,153.129865,128.436817,47.223412,129.002625,126.534493,101.258704,173.2
1008,1008,148.742634,136.744609,50.135285,130.497461,127.475643,103.094431,170.4
1011,1011,151.267584,143.645768,51.011777,134.377466,130.585179,104.125496,158.3
1014,1014,151.693385,133.991335,50.768431,135.107287,133.284246,101.126432,163.6
1017,1017,146.975751,131.236028,49.264366,134.895853,132.447444,113.388071,140.1
1020,1020,145.258996,145.41703,48.302818,136.025175,130.598769,116.981114,162.1
1023,1023,151.24404,138.222614,46.383175,131.574931,121.580631,104.567777,171.3
1026,1026,147.920359,140.751596,45.092931,131.570336,119.217716,100.834134,164.3
1029,1029,154.932565,138.935957,45.561917,128.29563,113.719631,95.275791,141.5
1032,1032,131.488686,136.206059,42.596912,133.016499,114.94086,99.324074,123.1
1035,1035,137.670663,136.612411,37.348053,132.683785,114.36628,129.791178,142.6
1038,1038,140.475028,136.2042,37.622534,132.359438,117.895691,108.5956,135.2
1041,1041,130.095605,139.488973,35.523699,132.448004,117.515767,120.309394,135.7
1044,1044,125.851024,138.228693,33.383823,130.587026,125.675137,114.961478,153.4
1047,1047,135.73036,122.189813,31.398313,129.768485,124.327492,115.968323,144.4
1050,1050,98.815595,130.220965,24.856268,129.27034,121.44188,114.553839,134.1
1053,1053,119.684102,132.499927,24.477514,133.398762,112.157342,108.416407,143.7
1056,1056,128.739484,125.296213,24.673619,130.35742,123.227263,111.616243,135.1
1059,1059,135.976468,139.682942,25.279836,130.239706,111.48476,109.360688,125.7
1062,1062,115.245128,141.745892,23.915086,131.037976,109.379248,123.741459,108.6
1065,1065,114.097446,131.33037,19.407503,127.753532,119.851863,109.900195,109.9
1068,1068,116.706981,139.599996,19.945609,132.137982,114.371191,115.961948,161.8
1071,1071,119.168306,131.698138,21.577305,132.649873,117.881885,105.117916,169.6
1074,1074,115.732841,128.757887,24.055205,130.420751,121.660471,115.326077,148.7
1077,1077,120.232763,121.028902,16.905906,133.718253,104.706865,110.801809,161.5
1080,1080,114.83303,133.64393,15.248199,126.706812,112.738226,106.822843,157.3
1083,1083,123.043235,124.803998,18.662828,131.852729,108.22525,117.004108,139.6
1086,1086,121.653585,128.640136,18.372418,132.631769,103.508882,113.903915,131.5
1089,1089,136.305929,125.2042,17.44894,134.205582,113.811367,113.593343,130.6
1092,1092,136.727129,134.237325,12.473182,133.454023,104.770479,93.245956,160.8
1095,1095,134.085068,122.445034,16.250664,130.379369,106.439458,100.040586,150.4
1098,1098,116.317957,132.95835,14.970334,134.203353,114.731285,110.91551,149.5
1101,1101,127.186634,132.667761,20.52643,132.332191,113.358866,110.066706,131.1
1104,1104,121.764392,132.247877,18.855341,132.38762,120.468302,103.609709,121.0
1107,1107,125.599655,107.62798,24.57489,127.159261,122.767086,115.244547,112.4
1110,1110,118.452483,133.967449,16.783849,133.75284,110.090247,98.0674,99.6
1113,1113,128.717981,146.133629,18.744985,129.311127,105.497207,105.85442,124.1
1116,1116,121.627554,136.069523,21.270246,124.459097,116.142269,114.201122,161.8
1119,1119,123.749054,143.330357,22.515939,127.637916,118.231375,110.667841,143.1
1122,1122,127.771948,152.088763,23.08269,133.856306,123.007031,104.089589,154.8
1125,1125,117.405505,140.498751,24.05458,128.722307,115.608621,110.219162,138.4
1128,1128,133.536318,140.871417,25.318533,131.432644,131.307666,102.822685,130.0
1131,1131,130.590821,133.777232,28.351602,132.295865,132.523646,111.545404,115.3
1134,1134,129.862361,151.596358,27.598782,129.803079,122.421046,118.361945,120.7
1137,1137,144.11786,139.001284,27.478508,132.029212,134.260989,112.537947,157.5
1140,1140,135.675803,143.064645,28.741655,131.376968,138.062131,113.797731,161.5
1143,1143,143.426355,140.371693,33.701837,131.498363,136.086769,109.151292,157.6
1146,1146,146.9039,141.803535,35.052779,131.574661,137.096296,109.932922,148.7
1149,1149,144.952309,147.257572,36.548831,133.944043,140.501801,113.746208,132.5
1152,1152,145.45655,150.32171,38.440043,134.359437,138.026927,109.509685,98.1
1155,1155,147.246216,141.908131,41.423726,134.202214,150.230348,121.604175,95.5
1158,1158,151.302217,139.253703,42.709411,133.648107,160.27215,125.746542,126.7
1161,1161,150.099156,138.052777,42.682424,132.872811,154.578346,124.448011,149.9
1164,1164,148.819977,145.470269,46.824157,134.315157,149.402963,120.611661,152.6
1167,1167,153.078049,146.751287,48.24986,132.200963,154.915698,124.232412,165.2
1170,1170,149.66465,142.742724,47.722687,131.818701,155.592327,120.349438,143.8
1173,1173,148.243766,145.227086,47.034476,129.087437,147.420953,116.393008,114.5
1176,1176,150.44238,143.978721,46.146552,128.502366,138.709503,116.363181,108.5
1179,1179,150.646882,139.341924,46.444635,130.819838,143.206346,117.272281,107.8
1182,1182,151.016756,148.37263,46.123117,125.531163,144.935277,115.557513,153.7
1185,1185,149.8795,153.833796,49.607075,132.748707,151.024198,122.228172,149.5
1188,1188,148.131169,144.094704,49.043762,133.9223,147.871485,125.044633,133.6
1191,1191,155.062132,172.817987,48.688,114.944126,147.969782,120.668016,128.3
1194,1194,157.890185,154.822775,47.312506,119.263375,140.997748,130.977295,109.0
1197,1197,159.439497,169.01436,45.558631,125.409774,138.156806,128.083889,101.4
1200,1200,163.025896,161.426333,46.441908,139.541593,139.067271,132.655847,97.8
1203,1203,157.848851,160.07331,47.492753,128.772534,131.74687,124.952095,111.2
1206,1206,158.601452,152.00525,48.849117,129.743258,132.877909,127.307095,149.7
1209,1209,154.607171,150.868005,49.635555,123.668912,122.084345,116.697776,123.4
1212,1212,162.667248,149.604372,48.722715,130.932088,125.045366,123.921723,126.1
1215,1215,164.014588,150.067958,47.442997,131.363907,132.636887,124.132957,98.1
1218,1218,166.407889,127.153737,46.810416,136.924714,132.235172,131.932285,98.0
1221,1221,163.37763,139.446358,46.430357,134.771686,143.887751,136.985039,107.4
1224,1224,167.686597,152.621839,47.37733,132.585833,135.711857,128.782902,121.3
1227,1227,163.681825,147.022687,48.769005,132.350745,134.763151,132.01963,153.0
1230,1230,166.354765,165.522983,46.642682,132.032012,133.654159,126.878595,151.9
1233,1233,165.798593,164.385737,47.093991,129.626632,133.030714,124.929489,143.3
1236,1236,162.424021,154.073821,50.037296,125.330739,131.657544,116.933513,141.5
1239,1239,159.711741,158.200595,51.586176,128.525921,136.688223,120.975659,134.4
1242,1242,158.98689,152.672736,51.602854,127.445713,140.278457,123.525427,109.4
1245,1245,160.143299,155.631229,51.670655,127.593965,141.335665,121.08485,95.7
1248,1248,158.41299,160.721143,51.509467,131.047864,142.178243,124.255021,130.8
1251,1251,153.128,158.64015,52.575336,130.645793,143.91903,124.929454,146.0
1254,1254,152.040788,151.922425,50.648377,130.365407,152.397098,123.480261,144.2
1257,1257,151.603982,161.998795,51.244928,120.80781,148.640206,123.886119,145.0
1260,1260,149.561976,160.020906,51.291166,109.940219,152.818732,132.760641,118.4
1263,1263,149.129322,156.394499,53.418648,116.738424,139.608127,131.095807,111.3
1266,1266,144.675173,163.330813,55.060022,110.243767,146.294716,134.331947,116.9
1269,1269,135.182397,136.027314,54.168754,112.094463,157.723816,135.772737,99.8
1272,1272,139.545937,142.063643,54.825131,108.564186,155.626705,133.742501,154.4
1275,1275,137.271448,142.534543,56.625944,109.64583,154.778655,132.968275,151.0
1278,1278,139.06787,146.098444,58.761734,109.02439,148.324603,130.469,135.6
1281,1281,134.790556,146.01699,62.048075,110.904731,148.616216,132.477009,144.2
1284,1284,132.721951,148.277598,65.363835,120.850282,142.671014,129.529334,126.3
1287,1287,130.031739,145.039576,68.022878,115.374154,147.167039,131.053121,127.3
1290,1290,129.960341,154.81666,67.893343,112.901169,147.702213,132.352208,131.8
1293,1293,131.415264,143.742259,70.087849,113.380029,146.74674,136.038332,144.6
1296,1296,132.050898,146.972669,70.545238,106.329233,147.266276,135.650033,148.6
1299,1299,127.381654,147.534522,73.251169,107.98143,149.241075,134.425813,145.1
1302,1302,129.898107,152.462876,72.752648,103.67426,155.634494,138.496552,156.1
1305,1305,126.847904,144.265001,77.192651,113.869556,150.078612,134.868255,135.4
1308,1308,121.957335,143.72157,75.378625,118.845304,152.282247,128.655674,122.3
1311,1311,120.518442,138.866333,75.877581,120.409189,153.128575,127.509253,114.4
1314,1314,115.709736,132.722054,82.525517,124.62333,139.729169,119.647978,130.2
1317,1317,114.860011,132.756858,80.974953,125.3682,141.110932,123.272645,159.4
1320,1320,120.437543,125.46762,88.847974,118.988126,129.945618,127.761684,138.6
1323,1323,111.541414,128.296922,81.079254,122.223063,146.524809,127.712606,154.8
1326,1326,116.745249,132.254789,89.502706,122.643838,141.717308,128.82347,150.7
1329,1329,111.728595,122.075495,89.727221,125.547503,138.636331,128.069069,128.5
1332,1332,113.828139,113.31901,90.488957,130.912959,135.471829,124.560459,102.6
1335,1335,112.636977,129.363815,90.413207,123.903035,143.324026,128.880095,97.8
1338,1338,113.543615,127.084694,91.390778,124.841352,142.627046,128.850005,121.0
1341,1341,118.985235,125.075597,94.383229,131.238348,142.298683,137.183279,141.6
1344,1344,110.962137,111.816218,99.520688,129.130395,135.993502,130.555551,135.8
1347,1347,108.504245,103.499008,102.059579,135.721892,128.369769,131.04468,132.5
1350,1350,127.581419,118.679814,103.104121,132.606505,138.556277,131.571585,118.0
1353,1353,111.685159,121.989033,102.957985,126.915725,135.581305,121.919685,97.5
1356,1356,106.94939,115.863181,102.1337,132.378964,134.082624,123.833433,89.7
1359,1359,109.046053,120.562311,108.139292,132.040497,134.421934,123.792287,115.3
1362,1362,109.644181,113.41342,110.743517,133.749529,127.910119,123.287784,148.4
1365,1365,106.481462,114.516457,113.966041,131.135122,127.804573,118.1498,147.0
1368,1368,103.621551,103.979793,117.136839,140.010132,140.483715,109.126145,130.1
1371,1371,105.752524,118.624353,115.764138,137.816088,132.354472,125.801936,119.2
1374,1374,100.086022,104.385984,119.685382,135.442783,131.563368,122.381777,108.0
1377,1377,105.105353,115.71159,117.460924,135.095098,140.892992,132.429212,113.7
1380,1380,94.617543,103.505403,118.918916,132.901568,136.356477,106.459209,116.7
1383,1383,102.866419,106.917073,123.643162,135.817237,136.908393,120.213462,140.8
1386,1386,95.855913,105.980867,125.909819,135.930233,142.217711,115.868252,139.2
1389,1389,103.920118,115.335413,125.902565,138.941964,141.931037,127.649854,135.2
1392,1392,104.582172,112.66583,125.110706,136.585037,143.553869,132.658063,128.2
1395,1395,100.575364,111.613241,127.486015,135.487289,141.013108,132.695246,121.0
1398,1398,97.580701,102.996185,128.334771,135.689298,143.624496,122.328049,112.9
1401,1401,102.697761,104.63413,125.132699,140.153163,139.611472,120.116662,116.0
1404,1404,106.404159,108.2057,124.865815,137.682593,143.439571,134.609041,165.1
1407,1407,108.081143,116.302264,130.516787,139.457482,140.610844,131.276547,166.3
1410,1410,101.744285,107.426093,131.105638,135.381863,140.383659,132.717903,153.2
1413,1413,105.417511,113.30744,133.062086,137.86326,145.678761,140.25467,145.8
1416,1416,105.266211,116.231886,131.906834,137.226716,149.94437,143.247347,131.4
1419,1419,107.087636,113.438435,133.370335,139.519683,145.390115,139.695097,118.0
1422,1422,107.2957,114.481363,134.036215,140.250719,144.30557,135.272198,109.9
1425,1425,113.669594,123.127699,135.268816,139.879727,139.161781,134.990961,147.0
1428,1428,118.687268,117.907943,131.675768,139.86373,145.910621,139.190482,170.7
1431,1431,111.074826,109.375178,134.977754,142.765917,143.606581,131.770199,143.7
1434,1434,119.35874,120.692931,131.8052,140.466329,147.637124,142.458875,144.1
1437,1437,112.383111,118.97323,138.58818,144.786834,135.686292,149.052748,128.1
1440,1440,110.279703,112.921798,136.080898,142.349558,147.718489,142.361754,127.7
1443,1443,113.737048,116.292669,133.99356,140.168153,147.307687,136.481231,111.1
1446,1446,109.811997,111.291084,139.312526,142.133194,140.330877,132.476072,124.1
1449,1449,115.961771,113.433981,137.475416,143.005307,136.399944,133.827549,157.7
1452,1452,111.651137,120.084402,139.171386,141.848963,141.243247,136.105416,138.5
1455,1455,107.947691,117.571215,136.095426,139.234257,152.995368,142.770983,127.2
1458,1458,107.344838,112.666969,135.990523,138.486251,150.260223,143.082936,120.5
1461,1461,117.786485,115.316131,134.752656,135.496536,145.259687,149.031984,111.0
1464,1464,111.33407,117.716017,137.982173,140.973855,144.819859,141.149469,101.3
1467,1467,116.958773,114.168314,139.057759,142.158254,140.084408,137.12214,105.8
1470,1470,120.590136,116.557419,134.157671,138.441169,139.946073,138.428714,142.5
1473,1473,117.654288,122.516454,137.376779,140.504455,138.664521,133.610805,129.4
1476,1476,122.80934,123.2294,130.251346,136.750739,140.573078,134.254819,109.8
1479,1479,129.980365,123.118564,130.547425,138.515203,133.648113,140.200868,113.9
1482,1482,127.880334,126.316567,123.014927,138.462018,140.549057,133.922229,97.8
1485,1485,125.065994,123.952607,112.741818,137.548468,150.946673,133.565804,77.1
1488,1488,123.374101,124.695906,115.573542,135.8284,143.139325,131.906571,74.7
1491,1491,124.192323,124.956302,113.471601,136.412025,141.885011,127.269622,115.2
1494,1494,116.134168,117.702068,113.40923,136.218191,137.009531,124.018168,118.2
1497,1497,117.183018,114.010079,118.466822,138.31531,132.860175,116.987595,104.1
1500,1500,118.709834,118.963451,114.441169,140.547845,136.000125,116.627869,92.0
1503,1503,123.990496,131.060102,105.88646,144.555733,140.154798,107.428243,75.1
1506,1506,123.793161,121.474941,103.488721,143.116755,143.460998,120.320283,64.9
1509,1509,119.66998,117.817272,107.381224,144.660515,145.569124,125.031202,59.8
1512,1512,127.190592,131.228542,101.422481,142.546206,141.129972,119.238762,57.1
1515,1515,128.060646,124.74711,105.117184,145.499909,138.195761,117.401608,83.8
1518,1518,121.815955,134.225798,102.022275,143.161194,143.367614,121.530779,80.8
1521,1521,119.451661,128.745086,98.786429,142.912922,143.75738,122.086782,86.5
1524,1524,123.43339,130.584668,100.028785,144.827171,145.567757,120.837156,87.3
1527,1527,124.822345,123.160278,98.472811,144.097025,143.485992,119.164243,79.9
1530,1530,129.942797,137.915488,98.054996,143.026214,143.725567,120.578082,76.9
1533,1533,125.76509,125.617987,100.652256,144.864601,139.860259,118.338294,67.8
1536,1536,132.809144,135.642449,90.793832,143.549889,155.456854,132.538213,99.5
1539,1539,133.261419,131.661025,92.677128,143.70976,150.619603,130.09099,94.5
1542,1542,133.82724,136.937611,88.432972,144.375009,152.526253,131.55765,94.5
1545,1545,130.267141,140.779072,87.258703,143.434818,157.803293,132.082761,86.8
1548,1548,126.142065,132.575433,89.780808,140.481845,150.966147,125.026904,73.7
1551,1551,128.102225,139.371885,86.190099,142.333113,153.785366,129.459646,71.2
1554,1554,128.056444,131.107597,85.969043,140.737609,150.438426,128.951523,53.6
1557,1557,128.756332,132.0899,86.878142,139.616855,149.165897,125.877529,79.1
1560,1560,131.050614,135.772035,81.387099,139.569291,158.582885,128.279465,95.6
1563,1563,130.352506,131.656934,84.326172,137.748145,148.696955,122.737291,75.0
1566,1566,126.094247,135.884757,83.959693,133.499931,160.485605,131.709583,96.0
1569,1569,129.677122,135.339444,88.14134,127.076198,147.972291,125.825652,83.0
1572,1572,132.431872,150.941222,79.845273,127.11523,165.086514,136.000525,71.1
1575,1575,135.474604,147.279468,81.938896,129.399575,155.522408,134.089197,84.3
1578,1578,131.627028,137.087884,82.965242,118.578406,143.915682,120.867433,82.5
1581,1581,134.004267,148.789539,75.71239,110.849447,158.939337,128.855651,91.1
1584,1584,132.707845,139.915912,82.9295,122.289257,143.028001,114.991396,82.5
1587,1587,136.405842,143.884446,80.022869,123.161639,142.103939,119.09753,80.0
1590,1590,132.685278,139.546627,76.926789,126.069345,152.410782,120.851788,87.9
1593,1593,129.124694,136.370066,76.736317,119.368529,141.783276,117.304675,78.5
1596,1596,133.452461,138.441219,75.00088,122.99799,145.127511,119.868551,73.5
1599,1599,136.287615,129.686228,72.417046,128.802244,148.006847,127.674475,77.4
1602,1602,137.452884,134.909441,69.922508,126.732427,150.697453,124.497663,132.4
1605,1605,137.407253,144.278686,69.797179,119.857086,149.523598,124.4017,129.6
1608,1608,148.772801,136.699131,66.280249,122.89688,139.771643,111.1309,128.4
1611,1611,151.762047,135.024377,62.420382,121.170191,139.057877,113.991012,133.0
1614,1614,149.404896,130.842062,65.859032,129.495471,128.0528,118.419246,100.9
1617,1617,153.789809,128.204512,64.15651,129.111535,111.630399,101.534387,92.6
1620,1620,154.313273,132.966971,61.018082,131.005046,131.582854,103.32641,90.7
1623,1623,148.519754,131.288031,61.712917,133.015753,120.013327,102.012426,118.1
1626,1626,157.585355,131.919093,59.304492,130.686236,128.074195,100.150585,116.5
1629,1629,158.275459,128.193383,61.877721,137.489921,126.886381,100.444824,117.3
1632,1632,158.432017,131.071718,61.431729,136.38273,123.901815,97.871005,116.9
1635,1635,161.110078,142.698704,61.823505,134.634187,121.457064,94.458465,102.2
1638,1638,160.659387,149.55568,65.137882,133.761641,123.135469,97.177464,95.8
1641,1641,159.886048,139.416451,69.373987,133.841469,111.795966,96.143018,96.1
1644,1644,161.725755,158.272703,66.562564,137.213615,121.514346,94.50418,117.6
1647,1647,160.319683,148.913558,64.808407,136.741377,131.781143,102.94323,135.9
1650,1650,156.077916,145.468076,72.315012,135.201583,111.345502,88.66037,114.8
1653,1653,155.885757,148.843964,69.520715,136.239806,117.813752,99.702222,115.5
1656,1656,155.665194,145.22946,68.433976,136.878718,109.674702,93.292053,89.9
1659,1659,155.732526,142.491353,68.518345,136.786685,116.210275,99.613997,93.3
1662,1662,158.716748,144.131251,67.626509,132.795012,110.514886,103.354076,82.1
1665,1665,159.480064,138.280494,63.903298,135.41869,117.239527,102.634919,104.2
1668,1668,156.006205,145.559141,68.309252,132.039452,117.621913,106.398956,115.4
1671,1671,158.784367,143.238473,68.289225,135.150622,106.685133,92.568514,102.3
1674,1674,157.836442,144.654093,63.254617,133.19514,112.58174,114.163054,112.5
1677,1677,156.68731,142.596039,63.360556,131.382368,109.236225,95.985491,97.6
1680,1680,153.191485,147.410661,61.725948,129.043012,113.565829,106.420012,97.2
1683,1683,153.104807,148.529565,61.567611,127.682636,112.147941,98.51408,97.0
1686,1686,152.730376,151.387707,57.385495,134.501934,123.421755,113.028531,113.8
1689,1689,153.784542,135.474554,56.126547,136.599439,118.793152,102.544312,130.2
1692,1692,152.448744,137.3225,55.89237,122.256427,119.440904,92.552302,117.0
1695,1695,154.220137,147.605564,57.457283,126.160487,110.453315,101.162782,129.5
1698,1698,159.232553,148.055124,57.556984,131.052058,114.386595,92.864349,100.0
1701,1701,156.742085,148.673015,55.104063,133.44848,116.8048,95.026772,100.0
1704,1704,155.304872,133.808172,54.414949,126.099656,110.346797,100.521746,81.7
1707,1707,154.146686,145.538219,57.117779,126.487998,92.739431,106.089647,101.2
1710,1710,158.026671,147.466691,56.393503,123.630479,107.854352,113.079316,150.4
1713,1713,156.833723,139.406273,48.77684,129.412752,106.192161,102.227735,136.2
1716,1716,155.205468,148.449157,52.167872,130.418283,108.180623,107.727876,114.0
1719,1719,153.064418,147.57739,56.435545,137.599845,101.196323,98.243069,112.4
1722,1722,148.369357,145.490109,48.705572,136.345451,110.425811,99.638059,95.1
1725,1725,148.605973,141.817722,44.623797,134.485039,105.858815,126.671769,103.8
1728,1728,142.633563,136.923922,45.551523,136.753616,119.835408,107.125956,103.8
1731,1731,148.972014,138.923654,41.416413,137.048131,109.226823,100.998999,137.1
1734,1734,133.850549,130.43844,39.031632,135.634866,110.849127,124.383748,144.7
1737,1737,124.467031,133.955618,36.436783,134.918557,118.714523,119.962477,122.9
1740,1740,137.918146,136.150717,34.37399,136.61283,109.020218,125.648595,127.0
1743,1743,127.376304,139.19975,35.929474,138.514465,108.454566,114.967552,119.3
1746,1746,134.722979,136.693618,37.190043,137.389416,119.211389,115.425935,105.9
1749,1749,130.262236,134.266833,33.608524,135.971951,103.859267,112.041476,101.0
1752,1752,130.004846,127.631088,33.368291,136.304845,102.17214,116.430971,111.5
1755,1755,120.175081,115.669695,34.574338,129.644039,114.611417,116.673225,130.9
1758,1758,122.007745,139.57714,30.407835,137.336757,109.301758,109.316501,122.6
1761,1761,119.569125,126.045765,32.687951,135.102008,113.625171,103.208164,111.5
1764,1764,130.901399,127.472938,29.832347,133.970915,105.101971,99.501647,96.1
1767,1767,127.525232,132.688807,27.116907,130.431866,86.507537,98.316255,79.1
1770,1770,123.288028,133.980975,27.920002,137.501048,110.35286,98.747374,84.0
1773,1773,110.313772,134.307935,26.633239,134.475901,103.592264,105.323946,84.4
1776,1776,115.956131,127.798402,23.692629,135.992247,108.620671,102.156883,128.2
1779,1779,126.451389,119.383532,20.490587,131.739074,102.147378,95.585471,114.7
1782,1782,136.194262,117.588749,23.171603,132.688256,113.154902,96.007266,102.2
1785,1785,120.473815,116.103805,26.998718,129.496232,114.385516,107.159085,120.2
1788,1788,121.386094,118.765104,26.469423,132.195505,116.066992,110.119808,102.8
1791,1791,133.348821,110.681038,20.065901,132.062911,104.929963,88.076164,104.0
1794,1794,123.628828,109.634763,27.310974,129.457795,115.805876,108.188047,60.8
1797,1797,136.957225,110.963248,24.726523,130.415336,112.967795,104.194446,18.5
1800,1800,116.651779,110.346799,27.271081,127.804772,114.013371,106.2327,25.4
1803,1803,131.55108,119.69557,19.437099,124.93263,101.444783,96.041631,29.9
1806,1806,123.713923,118.727231,20.201512,127.466573,101.667253,100.298462,32.0
1809,1809,128.288874,120.494203,18.791374,127.687315,100.407613,92.013335,47.9
1812,1812,108.182082,113.360552,25.387048,117.913345,114.593998,111.21787,30.0
1815,1815,91.225094,115.164421,19.60316,128.816641,104.338141,107.808582,29.2
1818,1818,132.632701,111.767081,19.895757,128.878411,103.39857,96.251465,17.9
1821,1821,114.671844,119.892873,18.344574,129.238785,99.57313,95.323722,36.4
1824,1824,136.940855,123.711733,18.498416,127.229104,94.893153,98.663366,29.1
1827,1827,126.83571,112.659144,23.936529,127.737099,102.245469,100.902055,22.9
1830,1830,119.040191,112.692628,24.134256,130.276634,108.605998,106.283452,22.8
1833,1833,124.344899,117.083281,20.410777,131.606403,100.820683,95.596957,20.9
1836,1836,120.2956,122.01242,21.453436,138.828898,104.183607,105.384667,35.5
1839,1839,118.584026,125.015826,21.377584,140.700909,97.976025,100.884013,27.5
1842,1842,122.171736,129.053778,20.093199,137.223367,100.166195,92.501343,14.5
1845,1845,122.198699,133.791946,25.235148,138.536923,113.127051,107.187591,27.7
1848,1848,129.594475,131.86607,27.992249,138.116983,120.056169,103.172379,45.0
1851,1851,119.445371,137.626175,28.054569,137.848061,114.458183,107.197976,46.8
1854,1854,124.889785,133.082704,27.808305,137.234191,121.914456,105.228205,48.5
1857,1857,127.441988,130.818661,28.314445,137.447423,126.391028,102.716713,55.8
1860,1860,129.60633,139.708903,31.141542,135.802673,127.700229,108.190037,51.6
1863,1863,134.202679,136.518831,33.375015,135.752579,129.27296,113.64907,57.3
1866,1866,132.7298,131.8232,33.464742,136.721011,126.772737,119.547326,73.5
1869,1869,132.216674,121.810775,33.836403,132.821228,135.359562,119.502837,76.9
1872,1872,133.973043,127.793598,35.673626,134.556374,144.093,126.62229,75.7
1875,1875,138.060802,132.308777,35.60964,136.266448,144.692853,134.513634,70.7
1878,1878,150.027323,118.230511,36.666734,135.082071,147.995204,126.094877,75.4
1881,1881,145.274106,121.864537,37.427333,134.69179,147.63999,121.674031,89.5
1884,1884,149.170615,123.466703,37.03673,135.806478,148.35769,125.163799,90.4
1887,1887,148.066975,123.999109,38.078442,135.717692,149.125022,125.082906,92.3
1890,1890,147.449755,139.782527,38.683242,135.067391,143.425034,121.008278,92.0
1893,1893,143.243479,128.25393,40.752238,135.019564,143.975994,127.829531,98.6
1896,1896,144.559886,129.583345,43.071224,137.021728,144.050663,114.064986,115.7
1899,1899,143.62765,129.426352,42.244253,133.729144,146.703685,124.317482,136.6
1902,1902,148.12807,127.110192,42.076129,133.707202,149.822183,125.92625,134.6
1905,1905,153.453627,126.046016,40.975255,133.687609,147.001369,123.658829,124.1
1908,1908,156.547594,127.964497,42.166183,132.877522,140.732949,115.597109,123.7
1911,1911,155.332639,143.606764,45.875674,132.848514,143.322985,113.886483,117.4
1914,1914,149.4965,120.734985,42.890215,131.543228,132.623533,121.3227,103.4
1917,1917,152.492955,130.132406,47.962095,133.277509,148.775047,124.025946,104.4
1920,1920,154.524868,119.744327,47.528019,129.3275,147.597395,126.885914,101.0
1923,1923,151.368715,115.317334,48.659247,130.393693,143.016838,123.304001,99.0
1926,1926,153.650318,142.881526,49.036898,129.264392,145.407866,119.666457,118.3
1929,1929,156.156622,140.930316,48.646595,133.515599,142.500189,122.086091,91.3
1932,1932,158.675823,132.712086,47.696597,138.765371,138.609006,119.524223,70.6
1935,1935,158.909241,139.762073,48.444104,125.325942,139.937644,129.523647,65.1
1938,1938,161.368416,145.532445,48.327853,122.407493,140.081764,126.205278,67.2
1941,1941,158.001263,142.636341,47.818514,118.959506,138.012266,120.363618,72.1
1944,1944,159.513828,144.534657,50.753683,127.614208,129.64619,125.183282,84.5
1947,1947,156.702866,134.07996,48.948151,127.601345,140.030401,132.381128,103.7
1950,1950,153.103143,158.023946,51.818001,121.149748,135.484013,121.00372,104.8
1953,1953,156.315744,139.707903,53.553784,127.78983,138.721899,121.547794,75.1
1956,1956,149.742611,141.482641,55.373235,123.137282,145.837908,121.483926,79.3
1959,1959,152.613658,149.128993,55.666955,122.567379,152.663089,121.660363,87.3
1962,1962,151.455299,147.211281,55.557519,125.720714,151.300236,125.669289,108.3
1965,1965,152.358744,155.087417,53.981675,117.726914,153.232973,124.603376,103.5
1968,1968,151.296994,151.669552,54.464604,121.953564,156.258384,131.491183,112.1
1971,1971,154.124892,142.368161,53.51773,121.105516,154.793657,131.592694,99.8
1974,1974,149.858104,133.682636,52.573097,123.156014,170.305327,137.415636,104.0
1977,1977,148.445346,141.321096,54.802124,126.358443,155.181252,135.707612,119.2
1980,1980,147.84351,142.833227,53.931098,119.031304,155.72388,134.237559,122.3
1983,1983,146.312383,144.084601,55.24166,115.27069,151.457907,129.683916,110.0
1986,1986,147.104332,132.252324,54.393156,127.172059,160.424329,135.780072,95.9
1989,1989,148.835769,128.654895,53.196122,122.844189,162.295086,138.620102,98.2
1992,1992,142.142471,137.649917,56.535992,119.798682,158.341458,138.853801,82.9
1995,1995,144.247891,134.125296,54.761702,119.617142,158.326996,139.404566,86.9
1998,1998,147.068544,136.143446,55.629597,114.962507,152.487873,139.292271,115.4
2001,2001,144.584607,134.999348,55.182762,113.558859,163.48848,141.451792,154.7
2004,2004,143.117901,137.064861,55.985939,110.204223,164.64635,141.970487,164.7
2007,2007,140.616588,145.773939,56.606564,104.548451,160.815615,137.854255,119.3
2010,2010,139.906243,147.740787,56.914362,97.285093,162.648421,138.151301,118.4
2013,2013,140.795896,140.006071,57.637616,114.962771,157.122825,141.615181,126.5
2016,2016,136.688168,140.956788,60.954913,113.059517,151.220209,135.765299,103.9
2019,2019,138.45241,140.362736,61.223554,109.831096,150.205358,134.883949,99.8
2022,2022,135.175225,137.694766,65.78016,112.576262,148.376633,133.045135,71.3
2025,2025,127.684525,139.884547,69.287168,109.939225,151.048357,132.31452,59.8
2028,2028,128.589481,139.727154,67.736451,114.797896,148.548392,129.474575,64.1
2031,2031,130.784246,145.519985,67.671519,114.538201,155.96643,130.645701,70.3
2034,2034,126.921311,148.190686,69.013779,116.600884,162.880912,131.381748,73.5
2037,2037,130.480146,146.301233,69.956154,109.985548,158.660758,130.451143,74.4
2040,2040,127.314146,154.21201,70.646282,109.737408,157.597305,127.093777,103.9
2043,2043,130.182141,149.042176,70.69736,107.942693,150.632853,127.788626,96.3
2046,2046,128.721361,144.286425,72.551583,118.900707,155.67802,130.037929,67.6
2049,2049,123.39773,147.315165,72.236524,116.205084,157.197133,129.991569,65.4
2052,2052,121.981341,145.05374,74.864467,110.785856,148.303516,123.494274,45.3
2055,2055,120.02143,136.249503,76.149182,118.033079,144.745823,121.880476,50.3
2058,2058,121.607104,141.580589,78.805005,120.462442,140.641378,126.148447,51.4
2061,2061,123.299949,145.021059,80.248716,123.808742,141.191968,125.394246,44.0
2064,2064,117.651957,138.00967,79.102424,127.118422,141.294844,122.791537,38.6
2067,2067,119.731556,135.33894,76.579681,132.270341,143.855793,123.545081,25.3
2070,2070,111.7094,133.962625,73.773626,134.160553,147.853483,122.964017,34.7
2073,2073,112.153587,127.306388,81.203036,131.425829,141.968934,119.376647,56.4
2076,2076,111.770747,120.119422,86.898501,137.306527,133.644019,117.287794,46.2
2079,2079,112.786092,122.300007,88.463189,132.754858,133.990177,119.351325,32.9
2082,2082,114.519235,128.735075,90.056384,130.897516,131.993713,118.983497,26.2
2085,2085,111.893328,126.176871,93.646759,126.381524,129.953792,116.935223,24.0
2088,2088,114.491973,133.292102,90.364861,133.186901,131.710598,114.209406,22.1
2091,2091,113.014543,120.930979,94.312993,127.957212,129.637087,114.740407,22.8
2094,2094,113.104497,124.094099,97.125845,134.493626,126.706548,114.539619,41.4
2097,2097,112.707805,123.222388,101.601952,132.275581,124.555002,115.39921,51.2
2100,2100,113.879708,120.563772,102.985352,129.680068,124.761195,113.413066,43.5
2103,2103,109.250375,123.357901,103.804186,133.368818,127.532489,114.59665,41.7
2106,2106,110.768541,120.562345,103.10983,138.519918,130.961712,117.938567,42.2
2109,2109,108.978358,121.242158,108.724777,135.063073,123.540051,112.652345,28.9
2112,2112,109.666123,123.156554,109.63334,138.829964,128.875183,118.086394,21.5
2115,2115,106.530774,115.953148,108.748178,137.715946,128.056484,117.115058,25.3
2118,2118,109.935856,112.634727,110.448088,139.378627,124.414808,117.72951,28.8
2121,2121,106.778031,118.26568,110.39311,140.801876,131.40826,120.116282,32.5
2124,2124,105.659868,113.612289,121.892901,138.280937,128.037802,115.238019,30.7
2127,2127,104.518082,116.377255,116.120648,137.081482,132.153329,121.716545,27.5
2130,2130,105.450373,118.421311,115.271206,138.34856,139.661322,126.544839,23.9
2133,2133,104.811259,120.334918,113.315251,140.044251,136.449579,128.305368,27.5
2136,2136,103.675699,114.156821,118.366877,139.159549,132.685504,124.942141,36.3
2139,2139,105.824497,114.392817,116.90991,139.491632,140.30117,132.59062,39.1
2142,2142,109.512321,117.306885,114.368707,139.334904,139.232312,134.226741,34.2
2145,2145,110.2497,118.371405,114.90888,138.868695,142.080871,140.896308,41.8
2148,2148,109.1355,119.127159,114.283731,139.168155,145.65628,139.358705,39.8
2151,2151,111.348493,120.877736,112.375727,139.27298,141.168031,147.964079,24.4
2154,2154,112.197226,121.837835,113.440407,139.504079,144.165329,135.34393,22.9
2157,2157,119.355054,119.073303,118.839802,139.882542,142.040981,137.421845,34.9
2160,2160,114.514332,106.246098,125.615341,140.17682,142.567504,145.91861,27.6
2163,2163,117.375351,115.842284,126.73256,139.865127,143.099194,145.762971,20.7
2166,2166,119.403742,120.450995,123.610928,139.844839,141.325309,145.138795,52.4
2169,2169,114.442516,121.172472,124.290813,139.404121,143.540265,141.319527,61.9
2172,2172,116.642771,118.397025,127.371397,139.459153,140.064562,145.174994,59.6
2175,2175,114.645263,115.455029,128.601693,139.414961,140.627438,141.304227,52.0
2178,2178,117.132589,116.788932,130.394663,138.637099,140.6736,142.260309,39.7
2181,2181,121.401375,124.860373,131.244369,140.063014,139.892647,141.1062,46.3
2184,2184,121.101678,123.617344,130.298961,140.360138,145.252362,143.592552,29.1
2187,2187,121.972997,119.898773,128.764118,140.584489,138.954655,137.744722,12.8
2190,2190,123.06751,124.805926,126.96157,142.081624,138.67225,137.015839,8.9
2193,2193,124.178188,114.987233,127.18053,143.187419,131.871058,145.326977,31.7
2196,2196,118.715224,109.296357,113.972469,138.973309,144.21355,138.931942,41.5
2199,2199,117.113848,113.652176,112.947341,142.606203,140.755532,145.874749,31.9
2202,2202,117.456013,121.793542,108.30221,139.667721,146.641944,133.319536,25.9
2205,2205,123.197113,130.099855,105.029152,139.773,139.632634,125.271721,24.2
2208,2208,121.444384,126.57484,106.691084,142.08986,140.208663,128.515088,24.8
2211,2211,123.313195,121.986001,110.636978,144.272348,139.908507,124.77857,21.4
2214,2214,122.287965,124.163868,108.126941,144.316424,140.801957,125.544566,28.3
2217,2217,124.239523,128.158369,103.599696,145.277136,141.393075,121.277891,39.7
2220,2220,132.903808,129.921463,101.270863,145.326119,142.581988,122.185561,49.1
2223,2223,129.596635,128.344691,100.103917,145.902773,147.796856,123.557185,36.1
2226,2226,126.861655,130.783271,101.029018,144.658644,150.381603,126.161264,37.5
2229,2229,130.741289,129.740414,98.064834,145.879989,145.618107,121.567424,35.1
2232,2232,127.72574,127.986101,95.048196,144.787136,146.718589,120.185091,23.3
2235,2235,130.341142,129.536862,95.082186,144.136596,151.386463,128.399024,39.6
2238,2238,126.863824,120.785056,92.98803,142.653079,154.847024,129.201374,25.5
2241,2241,126.966273,124.818756,91.373319,140.991827,156.009379,126.500546,35.2
2244,2244,122.95417,128.471079,89.764772,136.761285,162.521257,129.759517,58.9
2247,2247,126.364435,126.973428,84.377708,135.359284,168.424241,133.536326,52.3
2250,2250,128.235779,130.489692,84.777964,137.599298,163.829472,132.71429,45.4
2253,2253,128.248961,134.345888,83.486119,131.884943,158.459003,121.978568,37.4
2256,2256,128.51717,128.717067,84.108273,132.679948,158.636528,124.636872,27.2
2259,2259,129.7752,135.674105,81.454211,129.047832,163.828601,129.971282,24.8
2262,2262,133.145875,137.007122,79.850222,129.629435,159.224042,128.340375,28.2
2265,2265,136.565029,135.93435,76.834065,130.917347,164.684329,132.54659,27.4
2268,2268,134.994927,139.394303,76.756879,127.89521,160.221754,125.477974,53.9
2271,2271,139.604224,131.657992,73.727233,132.180629,153.295347,125.611582,60.8
2274,2274,137.779946,137.825939,71.793756,123.427951,156.584537,120.615106,47.8
2277,2277,133.596634,138.800253,71.468835,121.268564,153.667697,119.935927,56.8
2280,2280,134.218475,137.827405,69.066937,122.985737,147.040925,120.838507,53.9
2283,2283,138.787532,133.217366,67.067099,120.159407,150.731978,120.824654,42.5
2286,2286,145.690874,133.080899,64.82559,125.095495,142.2697,130.960143,34.4
2289,2289,145.512609,135.510499,63.800995,122.372282,144.544263,119.745577,30.4
2292,2292,155.763504,131.103005,62.795831,123.54998,137.06715,119.354758,90.2
2295,2295,154.135002,133.679169,63.510443,122.72559,136.472489,113.880532,101.2
2298,2298,154.083739,144.410185,62.795244,121.98141,136.498598,112.293733,91.8
2301,2301,150.196921,143.206191,62.497316,125.106322,139.025623,112.891099,83.0
2304,2304,154.986146,136.055069,63.040776,129.080461,131.018944,110.179022,81.6
2307,2307,152.67328,138.81705,62.14423,128.558822,128.323976,120.905775,58.4
2310,2310,149.439381,142.37275,62.228042,132.152992,133.225181,118.327459,51.1
2313,2313,155.916034,133.566654,65.229513,135.678568,127.995712,119.078045,60.0
2316,2316,150.98134,148.599002,64.87938,125.868918,131.239376,109.692806,120.0
2319,2319,158.798458,155.86561,66.394871,132.72806,130.304118,107.486266,140.3
2322,2322,158.386567,145.393565,66.019073,139.687715,127.643364,119.378897,137.9
2325,2325,156.835001,138.751062,64.229248,138.80033,126.104871,118.655215,151.9
2328,2328,154.494672,141.826713,65.894479,138.13157,123.964499,115.973481,140.9
2331,2331,154.125814,151.099907,66.677448,132.860333,120.916724,112.898357,142.5
2334,2334,151.820434,138.972767,63.604772,139.804956,121.093106,120.780828,156.7
2337,2337,156.841848,145.985929,66.065966,138.111069,122.899234,121.218736,192.5
2340,2340,155.205437,132.563703,64.522375,138.099605,112.619612,119.787117,199.8
2343,2343,155.594632,133.38377,64.892398,138.97507,119.468265,113.791638,204.2
2346,2346,152.829016,134.123846,61.51587,138.272531,117.712979,120.829579,209.6
2349,2349,150.832478,136.288026,59.679624,136.578268,125.270777,125.515237,206.5
2352,2352,151.595388,138.799555,59.007756,137.294657,125.978951,116.008724,191.9
2355,2355,149.673108,129.071333,57.674588,139.978866,110.573135,123.238104,217.4
2358,2358,148.97757,125.050757,56.994237,137.459673,113.302094,119.423592,260.0
2361,2361,145.908729,121.831643,54.584018,139.121366,114.644452,128.68383,265.5
2364,2364,148.591757,131.665196,55.009779,137.621846,121.328418,120.116332,258.1
2367,2367,146.842558,138.597427,56.195855,137.307489,120.600854,110.495076,272.8
2370,2370,150.920713,127.4989,53.450011,137.195111,113.524455,108.667502,257.2
2373,2373,154.208425,139.165452,53.453633,135.491141,122.722135,113.479173,275.2
2376,2376,151.059953,144.982005,54.802168,138.047342,109.930883,117.498156,309.3
2379,2379,149.131894,146.304382,54.485104,138.229023,110.278578,108.66404,300.5
2382,2382,145.919013,154.460787,53.209204,141.673002,112.638169,104.985258,278.9
2385,2385,140.783467,134.923788,51.103086,139.436233,120.726503,120.496941,295.5
2388,2388,143.55419,143.60824,53.480843,136.811385,118.367522,118.049997,275.9
2391,2391,146.619396,142.352788,51.795418,136.471303,120.78722,122.341042,278.5
2394,2394,145.600408,141.873621,48.961833,135.683861,112.174547,120.339766,316.9
2397,2397,150.273156,140.183577,48.407653,134.821394,111.465672,106.813023,326.2
2400,2400,137.684611,145.364942,44.981415,138.535859,100.875433,117.371359,312.5
2403,2403,144.502893,137.837855,38.33639,131.33298,97.720887,124.80273,316.5
2406,2406,133.626536,129.970463,35.792692,132.537514,96.244035,123.297903,319.6
2409,2409,131.035849,138.968809,38.859778,136.843774,101.410162,121.808965,289.2
2412,2412,111.140406,134.602134,37.440325,137.131147,99.446336,112.059787,283.3
2415,2415,149.804435,114.219381,31.480818,126.584997,103.873086,125.53134,293.6
2418,2418,120.223719,145.004887,36.352848,139.785708,114.348424,114.482113,309.2
2421,2421,129.025064,126.992518,32.194261,133.395655,96.704661,132.031422,284.6
2424,2424,126.399088,128.642076,29.715384,131.256867,105.463421,113.294889,273.2
2427,2427,123.675038,126.306537,29.15974,136.399174,106.355295,125.432617,260.8
2430,2430,124.992815,123.633985,27.246177,135.525395,102.864052,121.038875,232.0
2433,2433,102.705408,124.652936,27.409021,132.945702,112.530786,112.401102,259.1
2436,2436,123.968626,116.011288,28.72065,132.351551,109.536365,108.421725,304.5
2439,2439,134.543925,122.987934,26.753535,123.385407,105.123514,106.297645,305.3
2442,2442,136.335056,116.356883,27.801891,126.766183,103.065584,124.321108,292.8
2445,2445,123.594105,121.644932,21.638309,123.016479,105.214429,108.163569,266.4
2448,2448,137.061574,123.086741,26.759496,122.848108,102.88567,116.978262,245.6
2451,2451,147.197779,140.250383,26.373406,115.628052,102.869326,117.94949,273.7
2454,2454,132.378179,110.800887,28.931986,122.814906,110.594402,123.773095,299.1
2457,2457,123.029248,116.386169,29.3403,127.311649,107.416235,112.561654,282.2
2460,2460,133.788475,119.559015,27.452663,126.728574,104.677608,114.823999,277.2
2463,2463,141.392738,122.744853,26.456015,129.980679,100.886596,117.253339,268.9
2466,2466,126.854115,123.979966,27.696332,130.947368,111.174386,108.373965,265.4
2469,2469,123.833207,125.384053,30.411571,128.535896,99.650338,134.993272,267.8
2472,2472,130.964539,115.84854,25.136555,130.485642,99.451514,119.661771,296.0
2475,2475,122.14764,120.90573,27.36047,130.632891,99.252257,130.980111,294.2
2478,2478,146.252967,122.643486,26.477586,122.759578,102.683384,129.397017,282.9
2481,2481,135.012189,116.717461,28.481618,129.347547,101.836356,132.034057,272.7
2484,2484,146.071279,125.162826,22.402349,112.605849,96.176553,120.550137,269.5
2487,2487,141.788332,113.07506,27.120023,126.171317,107.703233,112.924641,247.0
2490,2490,135.792675,117.580358,25.08966,121.10779,95.69434,132.831206,271.2
2493,2493,141.495234,112.897264,22.810083,119.075586,89.126307,130.263466,285.2
2496,2496,136.792074,120.395135,25.488391,124.318778,96.461365,125.493363,276.7
2499,2499,140.729664,125.095697,26.350608,120.48064,96.141534,119.397433,265.3
2502,2502,148.19821,119.227616,25.461543,120.426803,96.43295,118.07465,262.5
2505,2505,162.02907,109.030175,20.111959,117.434202,76.84331,135.598999,260.0
2508,2508,142.751589,120.966054,22.579965,112.053372,85.092205,133.033024,249.7
2511,2511,141.089303,117.75828,25.680328,122.215464,97.377308,113.901528,273.6
2514,2514,148.390247,112.508143,26.947725,125.732264,97.313931,120.160259,276.2
2517,2517,137.286629,115.368363,23.292809,122.825321,89.002539,133.377795,281.7
2520,2520,143.363828,121.937986,26.517922,121.594051,97.481177,136.959999,255.5
2523,2523,146.021654,114.450729,22.597483,122.880005,85.292623,126.879776,249.4
2526,2526,135.625415,123.139149,21.935454,121.311965,85.018744,127.308124,210.3
2529,2529,143.27091,124.959533,26.312152,123.684521,94.608742,124.372253,210.9
2532,2532,137.780432,123.304957,28.319721,128.20117,101.04377,125.459802,212.7
2535,2535,143.14133,119.39597,23.652585,120.060793,95.095778,128.583425,204.7
2538,2538,146.988372,107.191855,25.637064,130.203966,110.548714,115.77252,203.5
2541,2541,119.871633,122.284176,25.954002,135.727754,108.788754,117.119754,194.1
2544,2544,133.87403,114.929068,28.587656,133.226826,113.292415,120.333611,188.5
2547,2547,112.864245,130.209846,27.618466,135.000204,120.721391,103.820138,189.8
2550,2550,122.408819,137.827028,25.756345,138.977922,115.768985,110.797903,214.4
2553,2553,127.191593,136.59881,25.802682,135.673474,132.092454,111.63067,210.3
2556,2556,121.198328,131.258139,29.97051,136.267249,120.294211,126.939972,215.2
2559,2559,130.169558,139.98789,31.421789,135.136297,129.483417,113.505152,208.2
2562,2562,138.758512,141.583361,35.23157,137.605911,133.649296,122.08119,191.6
2565,2565,132.925369,141.243037,35.710923,136.136533,136.074624,119.095803,160.7
2568,2568,137.492439,138.511922,38.936732,136.342222,139.970603,126.071508,183.3
2571,2571,144.272096,130.398026,39.348809,137.497874,149.6006,142.541077,190.1
2574,2574,139.129947,130.467671,39.876229,140.313687,154.003334,138.976239,176.4
2577,2577,145.091805,117.698967,39.125487,139.535682,162.423996,144.929031,163.0
2580,2580,150.389768,125.788431,43.402234,139.687132,169.315284,144.551594,152.0
2583,2583,151.267827,130.187389,43.97878,139.253736,166.019321,135.028053,136.8
2586,2586,151.369183,125.013636,44.397637,139.138097,165.382657,133.495561,122.6
2589,2589,150.038725,132.304013,44.630087,138.470068,166.716138,132.47468,140.0
2592,2592,145.936684,138.049695,45.575394,131.80748,162.258533,140.402082,148.9
2595,2595,149.723502,138.142071,45.741129,139.504605,160.756954,132.588197,133.4
2598,2598,150.850684,126.799413,45.396545,139.351895,155.575839,138.563409,138.3
2601,2601,154.363868,140.677169,45.632816,138.639153,155.478124,129.530154,129.2
2604,2604,156.928424,145.929893,44.993511,135.801327,144.672104,129.270062,108.2
2607,2607,156.187426,140.322517,44.580074,135.061763,148.119722,134.493106,93.1
2610,2610,156.98985,143.960189,46.60818,135.417797,149.341661,131.409412,101.3
2613,2613,158.193466,148.5594,47.147879,133.264504,147.428215,138.199377,115.4
2616,2616,158.970118,145.562428,47.463836,136.68776,139.566823,151.404781,115.9
2619,2619,161.027617,142.767168,46.385198,128.351131,134.344509,130.566403,98.4
2622,2622,158.536539,138.421351,45.259643,135.420714,138.488616,154.085891,85.0
2625,2625,159.644398,137.761897,46.668452,137.265059,137.879411,144.901308,86.7
2628,2628,160.678901,135.396217,46.334117,136.276357,139.6611,127.673943,75.7
2631,2631,155.101451,149.824282,48.913669,131.791384,135.294983,147.808916,95.7
2634,2634,158.978549,147.837672,49.201525,128.346941,140.089242,131.265755,94.3
2637,2637,158.548311,149.365129,49.606542,129.399232,143.67055,130.799176,69.7
2640,2640,158.673666,147.232698,51.187978,131.264381,147.024765,141.840936,70.5
2643,2643,153.890058,162.587293,51.636408,126.473904,143.913546,126.298503,63.3
2646,2646,157.945752,145.01888,51.266425,131.87037,153.424965,142.704038,61.8
2649,2649,155.012969,152.999263,52.048893,127.112964,137.601968,132.153497,52.5
2652,2652,158.85046,140.272522,50.663603,129.168999,147.789091,136.668157,64.8
2655,2655,156.248879,142.851355,51.532248,126.703228,141.906847,132.167998,78.9
2658,2658,162.278998,140.646212,52.302075,132.430339,137.79644,132.778466,67.0
2661,2661,150.830643,149.602018,52.090735,118.739711,147.791114,134.449215,68.2
2664,2664,151.947164,150.331064,52.866677,120.498171,140.967223,128.047175,61.7
2667,2667,152.932226,153.160495,52.75053,120.068386,140.615091,133.430015,48.1
2670,2670,150.518623,153.197965,51.921811,110.556208,143.365446,125.436347,54.2
2673,2673,148.952068,154.08645,52.224652,110.196606,146.439225,132.173185,54.4
2676,2676,149.029963,153.550791,51.833225,111.478147,143.572442,133.856568,54.9
2679,2679,148.561768,151.144992,52.685508,113.691085,151.445373,139.83146,49.9
2682,2682,146.870425,152.370414,55.026087,110.833292,138.618191,138.198167,44.0
2685,2685,146.170908,157.968925,54.464774,111.847899,141.511573,128.221031,39.4
2688,2688,141.558106,152.988655,55.54436,108.976202,139.187277,129.727156,37.8
2691,2691,138.744036,152.599174,56.320214,107.961553,144.558486,132.437998,37.6
2694,2694,140.291129,148.396119,55.946638,107.371456,143.317379,136.930972,34.5
2697,2697,135.398409,151.5058,56.390425,101.386848,159.271737,141.421361,52.5
2700,2700,134.669408,152.97826,58.274978,99.172277,151.601798,137.148736,53.3
2703,2703,133.962953,155.66554,58.758622,96.596235,152.283052,137.742834,39.1
2706,2706,130.672676,150.203232,61.81455,104.438861,147.231053,131.45847,47.3
2709,2709,130.796304,153.67008,62.780501,105.061478,153.473571,138.483123,44.7
2712,2712,131.316824,154.141099,63.709623,102.133527,155.549252,118.587316,49.3
2715,2715,131.477922,152.637977,64.157991,103.821304,157.336037,131.89347,61.0
2718,2718,132.443071,155.977505,64.505793,100.022979,166.616986,105.465529,81.0
2721,2721,130.930149,162.7407,66.004397,101.306171,162.434062,125.948841,78.8
2724,2724,131.18052,155.869153,67.454067,103.991093,159.973955,141.22313,93.6
2727,2727,125.988189,157.669604,69.879896,105.326656,157.476151,124.910317,81.8
2730,2730,122.613045,154.586791,69.364832,109.976576,159.091952,133.999518,73.9
2733,2733,122.785502,154.600173,71.536204,108.252194,152.56574,138.094903,67.7
2736,2736,123.278467,145.419431,74.440921,110.196481,147.993086,139.894977,71.6
2739,2739,119.532648,140.261497,77.560688,116.248789,146.436561,137.348656,99.4
2742,2742,117.492345,137.59144,80.622996,118.571196,144.196047,138.454082,100.3
2745,2745,114.286363,141.432211,82.941306,117.017328,148.080977,136.237794,90.2
2748,2748,115.203279,137.564069,86.794101,122.111671,141.876328,138.719702,87.5
2751,2751,118.152199,132.827,86.617159,124.96692,135.833402,131.990068,88.3
2754,2754,113.578354,131.268212,93.585803,120.503924,138.308654,133.631203,85.3
2757,2757,114.924828,124.351639,91.194094,128.93052,142.83051,124.727852,87.3
2760,2760,117.099543,136.924583,88.69768,126.927937,133.230444,102.401899,98.0
2763,2763,111.875155,131.17138,90.517683,130.325965,140.9669,123.632257,115.3
2766,2766,112.653798,132.780075,92.352526,130.211624,139.039092,100.546072,121.1
2769,2769,110.36229,124.247186,95.894026,131.219507,140.948872,127.437854,111.8
2772,2772,110.740906,125.276192,97.789924,128.875231,133.306423,119.924451,89.8
2775,2775,109.619918,125.702599,105.271826,131.273342,131.006819,120.989947,82.6
2778,2778,111.182584,124.710985,105.227594,135.224242,135.000484,124.873616,66.7
2781,2781,104.786068,121.043348,109.777554,131.017509,135.685381,119.608942,65.2
2784,2784,101.696928,131.423697,103.452507,139.960183,137.148592,121.864263,63.8
2787,2787,102.330134,118.658248,109.560947,134.233157,139.985139,131.893989,62.6
2790,2790,110.303932,125.021957,106.215474,140.195632,138.725225,128.619696,60.4
2793,2793,113.465579,128.034017,107.376311,139.733834,136.470117,126.689549,59.1
2796,2796,110.408519,121.660144,117.321268,141.024294,139.134494,128.628334,72.7
2799,2799,109.535608,123.778717,107.722895,127.430513,133.676112,123.694094,76.3
2802,2802,114.930604,125.115841,108.975566,129.615093,130.678822,116.615906,74.9
2805,2805,116.475236,125.147698,109.500653,137.847275,118.892887,108.776628,104.9
2808,2808,117.000449,125.32144,107.146423,137.568897,121.700617,108.291709,112.1
2811,2811,116.469097,130.3576,107.015469,137.898716,118.820798,105.630249,100.0
2814,2814,112.579623,123.363577,112.249293,134.904719,117.296344,103.913165,82.4
2817,2817,110.555621,121.197638,113.459135,138.169947,128.927637,113.073659,91.5
2820,2820,102.254884,118.213939,113.079676,137.432906,127.688276,130.103852,98.4
2823,2823,109.133129,123.61973,113.394857,140.063103,122.102983,127.569376,101.9
2826,2826,102.392998,110.028757,122.63796,135.53022,133.482548,141.803373,112.7
2829,2829,106.660455,114.003073,120.423124,138.729699,126.947069,151.66956,125.4
2832,2832,116.61683,122.391244,120.199414,141.982323,118.438507,149.782061,96.9
2835,2835,109.667168,114.733158,127.943481,143.79361,129.751832,150.206675,83.3
2838,2838,117.413181,122.289666,126.676777,143.602407,136.550086,147.271098,82.9
2841,2841,121.01783,118.652808,131.88479,141.860124,125.969373,154.168727,86.4
2844,2844,119.424208,123.743937,129.940023,140.924428,125.143303,147.213869,83.5
2847,2847,113.007698,112.614694,135.918748,142.759223,126.488371,148.268287,90.0
2850,2850,120.269355,111.678815,135.267344,141.022774,128.846291,143.800914,106.3
2853,2853,112.261674,119.586491,131.690179,140.347627,124.531278,145.49092,109.6
2856,2856,108.16637,116.933325,132.489756,139.430697,128.061791,146.719292,107.2
2859,2859,115.170587,118.357916,134.636993,138.730489,121.251714,140.286529,92.8
2862,2862,111.037831,114.53363,137.030989,140.48208,122.918292,139.995786,84.3
2865,2865,116.258254,119.597528,137.863387,140.89995,128.217865,141.998242,110.5
2868,2868,118.503038,122.429125,135.973745,140.510271,120.280711,143.002321,124.2
2871,2871,115.484963,114.595258,139.002535,140.564895,131.383085,136.068391,108.2
2874,2874,120.241925,120.238738,137.584235,140.640389,130.930092,131.942078,96.8
2877,2877,107.909398,119.860599,137.554412,134.261595,139.741784,145.035656,89.3
2880,2880,114.199219,123.485406,138.737537,137.784706,133.660895,139.423559,80.3
2883,2883,115.815242,117.587221,140.812962,139.462719,140.465467,140.012555,74.3
2886,2886,117.197306,113.817425,139.106001,136.363272,129.340504,140.154563,61.7
2889,2889,117.155749,121.558295,138.933674,137.832569,130.175851,144.290593,79.8
2892,2892,119.448349,116.119514,140.504019,137.51641,126.624595,143.145881,74.7
2895,2895,115.401828,111.460565,142.408028,140.392487,134.753083,140.469171,66.6
2898,2898,113.46275,113.923779,139.634171,140.034964,127.758941,143.410353,52.5
2901,2901,118.058416,114.159872,134.041902,139.631328,130.99733,147.200365,37.3
2904,2904,119.549056,127.910035,128.787633,140.873263,129.550153,130.095314,36.0
2907,2907,122.884033,122.793174,122.430358,141.239101,133.357712,128.806579,39.4
2910,2910,119.086345,123.532214,120.195612,141.153534,126.438738,125.283217,58.5
2913,2913,119.280436,124.988929,124.07234,141.096664,122.85177,116.970441,57.7
2916,2916,127.574914,123.440968,116.413367,141.562206,131.007613,118.465398,53.7
2919,2919,117.283304,124.335531,110.267597,141.567677,122.062696,109.747125,46.8
2922,2922,122.122412,128.178772,100.6626,140.617625,122.407509,108.506503,46.2
2925,2925,122.078763,130.043234,94.025147,138.833917,121.744287,104.660356,33.8
2928,2928,120.571262,115.960989,96.73505,131.292727,119.958911,105.309714,29.1
2931,2931,118.252742,122.682255,94.168905,133.974035,135.878889,120.724229,33.3
2934,2934,118.69524,123.279015,94.910709,134.39724,134.087074,118.962484,35.3
2937,2937,105.453485,97.49486,95.302572,136.11381,130.649883,112.536633,45.8
2940,2940,126.326356,130.426223,88.194493,133.653416,133.807419,120.383715,61.7
2943,2943,107.397877,102.371874,90.209122,135.483833,132.33957,117.71919,47.7
2946,2946,115.322901,106.023337,84.211244,133.491553,137.247828,118.747946,53.9
2949,2949,116.263823,114.698528,85.377249,133.125562,144.539477,124.318435,41.2
2952,2952,109.450484,104.719603,82.559123,131.731514,142.590327,120.523313,34.9
2955,2955,126.230835,116.302704,76.9053,123.076283,146.239779,131.86503,28.0
2958,2958,137.6566,129.440592,71.114872,113.484474,142.838,137.410212,28.6
2961,2961,141.943903,144.360662,66.673439,110.967855,140.289181,118.891915,37.8
2964,2964,138.098119,138.812348,62.733787,107.601292,137.401067,132.994064,57.7
2967,2967,137.21782,132.118485,65.693065,119.210515,146.051852,138.967581,63.8
2970,2970,146.214736,127.626925,59.257574,117.862524,126.76486,86.186404,52.2
2973,2973,149.406279,129.811753,61.332041,117.010783,137.317136,127.65565,46.1
2976,2976,146.448726,136.133587,63.068886,114.118843,128.022821,123.42743,39.0
2979,2979,154.360328,130.267861,60.153513,123.683123,136.782097,137.84041,46.0
2982,2982,140.281792,123.546496,63.740312,125.898843,139.444679,133.218148,31.1
2985,2985,142.054639,122.10618,65.238918,117.951877,139.108133,131.212233,43.8
2988,2988,145.575875,130.160566,63.132744,118.034146,132.5499,127.73544,74.3
2991,2991,145.895431,144.898794,61.245043,112.495773,145.417908,134.021694,85.2
2994,2994,149.816439,132.121088,58.693686,118.786273,139.63332,127.509467,76.7
2997,2997,153.516565,138.17244,58.578382,118.447441,128.979886,120.048265,68.8
3000,3000,145.364638,131.923426,63.219156,128.534806,141.469137,135.819925,67.7
3003,3003,149.606141,132.907295,62.533005,125.584112,135.794581,129.141656,67.6
3006,3006,149.049719,135.293413,56.945186,121.43113,143.273102,128.425186,63.6
3009,3009,156.917792,130.791344,53.401697,121.142825,135.808144,131.842173,55.4
3012,3012,153.628412,125.337698,56.375391,122.636847,138.011791,119.63408,52.8
3015,3015,153.549762,133.473377,56.240818,122.959984,134.671832,122.509937,83.5
3018,3018,154.835632,139.633632,55.982595,118.213554,132.019471,123.904732,85.5
3021,3021,161.073556,141.390884,53.916833,124.079896,145.003427,130.07848,81.2
3024,3024,160.821938,142.224072,54.105498,128.918973,145.009795,122.077473,66.6
3027,3027,161.387664,153.032804,55.288544,133.447096,152.123526,122.93278,42.2
3030,3030,162.56389,147.221737,53.759566,133.148673,146.723165,113.790798,36.2
3033,3033,161.870941,149.183452,53.423308,135.437194,149.421854,119.946608,41.1
3036,3036,162.064011,152.603151,52.792129,135.161703,148.62944,114.909713,38.6
3039,3039,161.742096,148.840934,53.35536,135.575704,147.573129,116.260979,77.5
3042,3042,159.425507,157.476196,54.790372,135.44416,149.91071,115.951896,108.9
3045,3045,161.589726,149.162518,52.683695,136.68425,148.666042,120.700577,100.5
3048,3048,164.107062,152.408668,52.787619,137.358653,145.546614,119.282881,77.7
3051,3051,164.041579,152.906992,53.396053,136.644764,145.150658,123.534878,68.1
3054,3054,162.736345,142.700762,52.243293,137.950269,142.20789,115.079716,69.9
3057,3057,160.794543,138.131657,53.019439,137.667995,137.596147,121.382566,76.6
3060,3060,160.158913,147.103898,51.805638,139.503341,140.667326,116.682242,105.9
3063,3063,157.720671,139.312856,50.822341,138.57599,141.625273,120.21007,135.2
3066,3066,156.131714,134.458119,50.293135,137.797264,137.007329,116.104151,137.0
3069,3069,157.847195,133.505043,52.130627,140.993184,131.673281,109.467802,123.1
3072,3072,156.992922,138.414494,47.965799,139.044055,129.666619,105.435295,123.9
3075,3075,156.330632,129.045928,44.542704,134.28348,124.91205,107.197933,129.8
3078,3078,150.776812,126.003538,42.513314,134.379977,122.667588,100.760495,127.5
3081,3081,149.76465,123.604512,41.43495,135.148731,128.765467,105.124743,129.6
3084,3084,147.616201,133.891769,41.10548,143.937763,138.678796,115.411076,161.5
3087,3087,146.325187,132.81542,40.200783,143.234891,139.645094,113.658675,195.2
3090,3090,148.577155,130.259028,37.679382,140.313932,132.592303,114.372787,204.8
3093,3093,141.800651,136.581404,37.097492,144.256775,134.170028,112.672788,203.9
3096,3096,140.687118,138.905955,35.362925,145.173485,130.832856,109.835803,177.0
3099,3099,140.635505,137.738246,35.493503,146.242984,130.876928,107.208277,180.1
3102,3102,136.776097,141.730792,34.48562,145.644596,127.824402,105.74479,179.2
3105,3105,131.242548,134.561493,35.159981,134.599419,130.957268,109.727597,200.7
3108,3108,133.852641,140.240379,33.330085,140.011358,120.202836,98.708953,215.3
3111,3111,132.299444,149.359086,33.124246,140.020911,125.760205,104.05425,200.5
3114,3114,133.347396,143.291017,32.787087,138.279696,132.6484,111.066512,196.8
3117,3117,133.605289,148.24722,32.793175,140.253652,127.140082,101.483968,196.5
3120,3120,138.1335,147.095032,32.915635,143.492782,135.090515,103.395709,179.5
3123,3123,120.570661,140.356606,32.114067,138.87765,126.815702,105.435081,171.6
3126,3126,126.088815,133.218565,31.100632,138.189561,135.607075,110.57941,169.9
3129,3129,121.639947,135.472377,30.664426,138.289555,138.58204,111.692938,195.3
3132,3132,120.407655,138.823873,28.668272,136.994533,133.492006,111.426157,192.9
3135,3135,120.35594,146.231947,28.817807,135.395853,133.360748,110.930553,187.9
3138,3138,124.048096,138.178641,28.797665,136.359636,134.324126,111.812624,169.8
3141,3141,123.300138,148.477486,28.868191,137.206181,134.097432,104.368666,157.9
3144,3144,119.673636,142.67981,28.579249,131.499745,129.096214,104.941658,153.6
3147,3147,112.188606,138.805445,29.213785,116.037334,129.489822,105.627735,156.3
3150,3150,116.29655,131.461088,27.330339,133.201678,130.599287,103.485192,165.3
3153,3153,116.966791,126.664227,29.047072,125.886054,130.184227,102.983729,166.0
3156,3156,104.335757,121.157146,29.364049,118.660214,126.353113,103.858734,172.2
3159,3159,113.049468,123.103847,26.9934,126.385973,124.674794,99.536036,163.0
3162,3162,119.460038,126.58881,25.309732,132.178796,127.658856,101.330488,151.0
3165,3165,114.450504,123.40794,22.890732,142.787041,132.887127,103.133953,133.0
3168,3168,117.979562,130.263973,22.603648,138.194343,128.621463,101.494209,154.9
3171,3171,117.895874,121.83031,22.905433,136.206944,128.510606,101.098645,156.0
3174,3174,109.447433,132.558664,21.085781,144.274213,123.825372,96.940575,158.0
3177,3177,107.477147,126.358781,20.33747,146.272212,122.782192,96.35234,148.7
3180,3180,110.383963,133.091208,22.140128,139.551995,121.582018,95.990269,150.7
3183,3183,106.084681,118.515918,23.835972,139.327552,127.087814,107.807072,132.2
3186,3186,105.45174,116.546524,19.801502,131.72638,119.360803,105.780816,109.3
3189,3189,107.42684,134.869252,20.009188,142.772382,122.530402,92.79664,128.5
3192,3192,114.450304,125.908995,17.183627,144.18714,118.046768,94.560452,130.2
3195,3195,114.653027,118.925919,19.090068,143.130796,120.043161,90.245664,105.9
3198,3198,110.181927,133.008248,16.784746,150.756624,122.668805,90.556768,114.0
3201,3201,103.857091,132.855849,18.218466,153.999965,121.442202,91.08753,100.5
3204,3204,107.453099,139.811892,14.24712,148.717453,110.542654,90.201764,94.7
3207,3207,105.888719,145.247654,16.292781,146.761145,115.444688,90.299095,106.2
3210,3210,105.718973,140.390155,17.270103,143.942395,114.751849,91.585235,119.4
3213,3213,105.963634,132.557824,15.093694,152.435108,114.128402,99.379298,108.8
3216,3216,105.684401,139.505048,11.373284,143.492486,112.253019,100.298888,107.5
3219,3219,104.746434,148.574809,12.876664,150.81311,113.83266,99.035574,110.4
3222,3222,106.569167,146.843293,18.149193,143.842686,120.135692,106.618975,116.7
3225,3225,101.542469,130.854276,15.215876,140.163836,116.179138,108.903122,122.0
3228,3228,94.430614,115.289011,9.680312,148.22608,112.004952,104.205867,140.8
3231,3231,107.690257,120.495575,12.56042,138.299319,111.012271,118.956001,171.9
3234,3234,103.090128,105.652103,15.844788,132.551054,110.667667,108.386144,155.2
3237,3237,100.716349,139.089775,11.134975,146.997688,111.965666,107.691596,148.2
3240,3240,104.94246,130.119202,16.919345,141.825349,109.703906,115.563275,135.3
3243,3243,108.587433,131.851251,13.083633,137.70949,102.572248,127.05581,106.6
3246,3246,107.704548,135.799056,14.417209,133.04388,107.348314,117.032566,90.8
3249,3249,106.930841,134.905359,19.753692,143.56258,109.605224,111.190121,127.4
3252,3252,111.031706,123.624816,14.583934,145.170577,99.975962,123.764616,152.7
3255,3255,106.719011,141.436797,14.349654,146.374929,105.015909,108.108246,140.2
3258,3258,108.660858,136.516573,15.862685,149.593598,94.795677,107.715614,143.1
3261,3261,102.330226,133.033256,19.81948,121.690525,124.185202,113.586747,137.3
3264,3264,113.027757,136.643966,8.843884,137.409044,120.837703,99.982661,110.4
3267,3267,106.062598,131.388214,10.485331,145.142478,120.041802,96.08991,100.8
3270,3270,111.268512,131.028596,14.144839,148.205092,126.456889,98.055697,120.5
3273,3273,112.934276,120.694618,13.375806,130.859836,127.723555,103.36326,131.0
3276,3276,104.582013,123.524432,15.248619,146.516777,119.021404,94.186352,135.0
3279,3279,108.255826,124.545876,15.009504,145.76834,118.511224,95.280371,115.2
3282,3282,103.683753,116.55139,17.912027,134.582482,118.914192,94.888502,115.0
3285,3285,110.023466,115.093459,15.644292,146.373553,121.859942,98.278395,95.7
3288,3288,110.21226,117.66566,16.32421,133.307224,126.30761,98.362027,96.0
3291,3291,109.777116,107.165894,21.409745,144.855443,128.886579,100.667295,133.3
3294,3294,108.263196,102.678359,24.687926,142.828053,129.62365,103.804213,128.5
3297,3297,104.752554,106.890451,22.95275,124.299079,130.746043,108.863125,119.8
3300,3300,110.809782,122.10828,24.677883,115.762264,141.802212,113.787945,98.3
3303,3303,105.422494,110.579481,24.397395,103.862592,143.034821,118.5982,106.9
3306,3306,110.661155,110.709411,28.1051,129.282243,143.048962,114.843382,84.5
3309,3309,125.216947,107.257339,29.323343,129.736451,143.163611,113.715884,102.0
3312,3312,117.452113,105.568341,28.636187,111.21005,139.651429,120.942286,109.3
3315,3315,107.734077,115.100335,25.251481,114.208613,136.614908,121.425145,98.7
3318,3318,112.541169,129.240218,26.633158,112.822189,133.677282,119.24853,81.5
3321,3321,115.709581,137.519329,26.53428,125.503638,138.081237,125.547483,76.3
3324,3324,120.546826,135.809781,27.794156,112.627489,134.659405,120.685634,73.3
3327,3327,128.643966,149.964643,29.403103,114.513159,130.900721,112.906047,68.3
3330,3330,134.785307,118.577082,28.420355,127.025564,129.933466,116.016897,82.0
3333,3333,130.257393,136.543365,29.277553,121.81998,128.038831,115.948336,88.1
3336,3336,134.983358,152.426656,28.864108,128.204912,128.487827,116.035096,97.8
3339,3339,144.083363,124.983876,30.03853,121.397445,147.694147,132.614446,88.2
3342,3342,136.04815,125.12463,30.680384,119.983758,131.502567,117.08043,78.0
3345,3345,144.648521,134.173073,31.716606,122.89666,127.285604,112.899558,61.4
3348,3348,150.187577,136.649607,32.024648,121.953343,143.83199,99.34165,49.5
3351,3351,150.016632,143.334827,33.285405,129.443866,125.301301,99.961931,71.3
3354,3354,155.955477,126.03789,32.661041,123.427825,141.816113,96.777812,85.2
3357,3357,156.540022,123.482008,34.478612,126.722442,165.075937,110.037094,84.4
3360,3360,158.199722,129.622185,35.818762,128.907756,155.731179,106.744893,76.0
3363,3363,157.096276,138.01153,36.76539,131.527692,133.40532,105.733398,61.0
3366,3366,156.995128,149.114279,40.44496,132.621662,145.753704,122.273078,46.5
3369,3369,151.712264,152.663055,43.787938,131.01773,151.798037,128.778199,39.9
3372,3372,148.526637,148.328149,43.947933,130.806995,150.729059,126.390297,37.4
3375,3375,156.737117,147.048277,42.638891,128.55106,150.745832,130.832788,67.7
3378,3378,152.676641,152.48494,42.732558,128.730601,162.163102,119.523193,70.2
3381,3381,153.582254,153.858164,42.773947,127.249699,145.076521,119.228388,46.2
3384,3384,150.042603,147.658613,42.919046,126.641924,148.95733,121.714063,52.2
3387,3387,155.560647,160.036109,42.085617,115.710569,150.133633,128.783171,44.2
3390,3390,153.850398,152.235204,42.45354,117.786337,147.443089,127.481808,33.2
3393,3393,155.092471,156.442535,42.574601,116.96845,152.633784,129.374139,40.7
3396,3396,155.276063,157.980436,41.896855,112.065787,143.156089,125.727429,45.9
3399,3399,155.546245,157.607027,41.712606,108.880398,148.522076,130.698275,60.1
3402,3402,150.405686,157.735575,44.13257,109.193362,151.818672,130.403872,69.9
3405,3405,140.599778,151.789661,44.874328,106.489956,151.309327,120.638353,72.9
3408,3408,145.482015,149.070901,45.050212,111.887247,133.589011,115.090073,65.4
3411,3411,148.920783,150.47994,44.561578,98.501816,144.229189,83.774758,53.7
3414,3414,148.566475,147.103451,45.027366,94.823672,145.573132,86.042233,44.5
3417,3417,146.455432,149.253977,48.953032,104.40796,137.136983,124.41707,69.8
3420,3420,143.794707,152.491939,54.259352,111.101179,140.742443,89.375817,94.8
3423,3423,152.728706,145.522815,48.664159,92.76721,140.945217,109.901278,95.2
3426,3426,147.883894,149.157951,52.567908,102.436323,154.625176,81.491988,106.7
3429,3429,136.274179,146.725331,60.535258,108.823535,139.629942,89.48006,88.9
3432,3432,142.004148,152.936948,59.269355,110.255697,141.759603,75.909154,89.4
3435,3435,129.026685,148.179631,68.26051,108.387229,139.355728,84.694648,89.3
3438,3438,129.056778,148.879843,70.828386,110.467666,144.107885,74.852746,93.4
3441,3441,130.526422,149.495984,63.382915,98.652294,151.303024,74.525422,98.4
3444,3444,126.671681,149.596661,71.240122,112.788785,162.820705,81.756948,90.4
3447,3447,126.311923,139.265037,73.782322,117.361888,153.703924,90.284667,92.7
3450,3450,124.705283,142.395,76.52094,117.656881,154.163722,95.504075,72.8
3453,3453,118.571805,143.045101,83.132805,113.862164,151.959702,89.715761,77.0
3456,3456,109.090691,139.844223,86.5276,120.926437,145.086532,101.571753,86.6
3459,3459,117.179213,140.348592,83.207792,120.339147,143.605829,124.255383,74.5
3462,3462,107.770197,136.076654,90.832488,124.075086,143.692517,104.290589,75.6
3465,3465,109.333012,127.73227,95.451403,127.35036,150.124585,83.15466,66.3
3468,3468,110.963502,133.348048,91.980804,123.494761,144.424247,89.703792,73.7
3471,3471,105.283927,126.139517,92.747423,128.788527,145.429,122.353287,85.3
3474,3474,106.453106,126.336374,92.679348,129.064699,144.18713,120.743827,88.9
3477,3477,109.441397,124.982321,95.596538,132.101619,132.394762,114.256827,88.7
3480,3480,104.830555,127.904099,97.132253,129.981878,134.606225,110.650448,73.4
3483,3483,107.409275,123.850241,98.846368,134.090897,135.419418,82.504858,74.2
3486,3486,103.993643,122.915108,103.01979,134.71472,142.433998,98.043446,67.9
3489,3489,105.885918,119.555697,104.544699,134.388838,140.025303,88.281906,67.0
3492,3492,109.307331,119.069208,107.04937,137.198251,140.406734,84.351798,53.2
3495,3495,109.219942,118.864151,110.325263,138.792187,127.727127,90.675207,69.1
3498,3498,100.954857,116.884385,114.723539,137.607601,139.52772,97.132861,79.2
3501,3501,104.05468,112.246763,118.918954,135.217503,143.051712,76.405155,58.1
3504,3504,101.722346,114.646337,119.129861,138.117098,146.876609,79.990007,44.3
3507,3507,96.734256,115.086906,122.626271,137.540115,140.094277,82.173558,56.1
3510,3510,97.765633,110.486576,123.966854,138.208877,143.408936,72.99628,57.3
3513,3513,100.449116,114.596108,124.306274,137.778898,142.959915,81.421459,56.6
3516,3516,100.302349,115.263144,128.59073,138.791764,135.484674,100.998159,58.1
3519,3519,98.665544,107.645739,132.389168,136.807941,142.71697,75.607749,61.3
3522,3522,100.889209,111.682185,131.572695,135.067935,136.143007,96.64625,70.7
3525,3525,102.817398,112.041074,136.355663,138.930542,136.121627,119.027441,44.6
3528,3528,100.811,107.059758,136.731971,136.919719,144.932495,123.186511,35.4
3531,3531,99.13912,113.246156,137.528359,137.930019,138.790302,132.28618,41.0
3534,3534,119.859654,130.4147,131.801043,135.919945,129.208043,112.632967,41.1
3537,3537,122.624952,131.871022,130.930118,134.156089,127.671129,121.328123,42.2
3540,3540,105.911405,112.498164,136.035106,135.64875,135.24927,119.24512,42.3
3543,3543,103.457868,111.964075,136.90764,138.205046,140.602,113.597233,41.0
3546,3546,110.261833,116.896216,133.620491,134.823356,137.036492,95.118989,62.6
3549,3549,114.820726,120.774212,137.387913,134.930046,120.329433,80.932884,60.7
3552,3552,115.569065,121.042027,134.989016,134.199053,121.584307,126.863794,79.6
3555,3555,108.393722,114.308347,132.945792,137.227329,140.733618,129.165516,74.7
3558,3558,114.591533,125.303548,131.460619,131.414409,132.345887,122.336612,89.4
3561,3561,120.493306,117.391251,128.662889,129.947521,128.452255,102.46501,85.2
3564,3564,121.00347,124.283644,131.453895,131.166505,132.089924,102.273915,85.4
3567,3567,122.741259,124.22439,125.441518,125.207421,135.891982,90.947929,89.1
3570,3570,110.633192,121.861986,127.947597,124.878683,137.421817,98.509689,121.3
3573,3573,128.048475,133.817947,134.935576,137.105474,130.142507,130.115082,103.4
3576,3576,120.451734,122.791261,128.830552,133.704694,131.182968,120.577884,84.8
3579,3579,126.335064,123.152099,124.451015,112.843472,140.074686,92.251835,67.1
3582,3582,125.018747,115.245411,131.920988,116.430247,130.417378,95.575937,60.9
3585,3585,121.188741,121.368335,131.60791,124.208808,130.914312,111.034836,45.7
3588,3588,122.833547,129.16868,130.723007,124.845965,134.823937,144.111635,50.4
3591,3591,119.801335,129.813537,129.449107,123.491032,131.71129,111.227369,42.8
3594,3594,139.035016,131.975467,130.354631,129.065693,130.724653,137.908291,53.5
3597,3597,126.693917,130.219927,131.514369,127.954815,132.249346,140.028405,76.8
3600,3600,123.304617,122.046612,133.472414,123.975649,140.360696,101.355218,87.4
3603,3603,117.963014,125.154676,131.866032,130.307061,127.513726,122.279559,80.8
3606,3606,115.639611,121.84885,132.908011,128.724377,131.54847,110.113981,80.2
3609,3609,116.691945,122.300756,132.539214,129.583465,139.138192,105.348563,84.0
3612,3612,107.721403,117.151488,129.088714,134.153671,139.052595,106.647097,45.9
3615,3615,111.773933,119.346007,131.232375,136.076463,128.283056,118.295502,38.8
3618,3618,117.368922,123.951339,126.701905,132.894657,135.249463,108.815636,43.4
3621,3621,110.865306,123.835377,120.869768,136.82406,132.623296,104.647468,48.2
3624,3624,115.000223,123.224865,119.724631,134.53338,137.157163,90.492734,46.4
3627,3627,121.746133,132.613916,116.460561,135.724952,127.519757,95.362594,62.1
3630,3630,108.524787,123.121859,114.265009,138.266456,132.055649,111.667591,47.2
3633,3633,107.327786,133.875702,107.204342,134.644663,135.407628,112.856327,47.3
3636,3636,107.813335,120.992666,105.067361,135.868768,142.584286,79.371856,49.5
3639,3639,107.993494,119.219474,102.337347,131.850979,135.454171,71.473691,55.4
3642,3642,113.453194,123.106216,97.934576,131.380027,137.979971,73.031406,49.4
3645,3645,110.87261,117.022842,101.954017,133.434674,132.130743,81.334581,58.7
3648,3648,112.642424,109.710646,100.409868,132.549039,135.610807,98.661244,77.7
3651,3651,116.771753,114.779225,96.531533,128.745418,135.53466,68.972928,67.9
3654,3654,117.087479,123.44439,93.811453,128.376738,139.064434,88.133998,51.6
3657,3657,116.04731,113.592881,86.730696,126.996515,153.704419,76.667741,29.0
3660,3660,116.67396,120.238546,91.182643,129.857253,151.360968,101.507594,24.3
3663,3663,120.773697,107.430514,90.257072,129.240101,132.628898,82.40287,22.4
3666,3666,133.438159,127.923205,82.538646,132.155417,124.11391,108.604837,17.0
3669,3669,129.525235,127.147313,77.523788,123.775056,135.426582,96.506627,21.6
3672,3672,127.900349,129.674109,76.756049,126.357695,138.285,86.999198,28.4
3675,3675,132.449382,128.618802,79.267293,130.130979,125.727859,102.659575,56.9
3678,3678,136.355772,128.96464,71.945416,123.983487,138.659332,81.467991,58.4
3681,3681,136.096536,139.779572,72.716451,123.906584,137.662056,92.540663,55.0
3684,3684,133.652834,141.676444,77.448762,128.994144,131.159069,80.581504,41.4
3687,3687,135.028368,145.211269,74.095181,130.991498,132.103134,88.396718,36.2
3690,3690,142.462818,139.463227,65.864255,122.960713,135.17535,110.898332,29.8
3693,3693,138.914825,141.766681,70.650474,122.488144,140.365553,82.76037,39.2
3696,3696,143.651893,145.876974,62.197377,120.080795,127.453702,94.634974,24.5
3699,3699,145.372334,134.066203,60.710189,123.40558,127.651028,92.567125,43.9
3702,3702,143.011107,141.610068,62.967898,122.011041,138.081564,108.741258,85.1
3705,3705,145.086496,142.279483,58.388408,122.014074,129.876014,105.280113,69.4
3708,3708,145.793377,134.50945,59.190728,122.056015,117.292572,117.587463,50.5
3711,3711,144.724421,138.197766,60.283663,118.456434,123.267782,113.395051,37.7
3714,3714,138.264649,146.006045,57.016345,119.399979,140.597548,119.793187,36.8
3717,3717,143.386243,149.172102,53.753223,117.848936,127.809984,96.016015,36.4
3720,3720,141.917594,148.32268,51.213354,118.228239,122.482268,93.834355,19.8
3723,3723,129.125345,140.166693,52.495992,124.044699,133.132349,107.549047,28.2
3726,3726,140.224273,138.991751,52.348015,123.345356,131.119166,112.094893,72.7
3729,3729,141.769298,144.238747,49.60984,117.079292,147.356165,81.241977,81.4
3732,3732,138.184894,142.344129,50.837739,119.312461,135.273229,117.475711,60.3
3735,3735,135.541334,140.186502,45.9187,124.460175,147.519173,121.886532,63.1
3738,3738,135.137267,135.991897,48.294708,121.849552,145.568646,122.58542,58.5
3741,3741,136.280655,122.637686,58.669234,126.930302,143.533203,109.880684,43.0
3744,3744,154.119429,144.036652,53.325552,121.161192,128.229922,111.645314,42.7
3747,3747,152.247273,118.827231,55.972372,123.625293,128.780483,109.208276,34.3
3750,3750,151.401564,125.977768,51.967799,124.132007,134.930758,115.536823,64.7
3753,3753,157.002677,140.375146,51.182581,125.607603,129.329235,110.13548,91.2
3756,3756,159.656426,136.098181,49.698069,126.443883,132.263704,118.057375,83.6
3759,3759,169.845473,146.158292,45.979355,127.144211,129.528981,118.184768,86.0
3762,3762,165.018078,124.231149,48.342312,129.83194,126.921361,115.763233,81.2
3765,3765,168.57225,146.611001,45.969821,126.343331,123.741421,106.135017,62.1
3768,3768,165.707862,154.071929,47.169781,132.755126,126.96365,102.480343,61.7
3771,3771,172.958635,156.702442,47.554419,127.83577,129.184893,105.213929,71.6
3774,3774,166.236159,156.785555,44.763578,129.887536,130.122734,96.181981,121.4
3777,3777,165.968894,155.417276,46.150392,130.231258,124.789518,94.342325,121.5
3780,3780,163.69287,160.390041,51.152048,129.918101,121.801683,95.914427,121.6
3783,3783,160.189446,158.624772,47.151847,132.302844,123.883232,94.616795,105.8
3786,3786,157.674566,151.836737,46.952363,131.627737,129.835437,97.034755,89.8
3789,3789,161.446966,151.745923,47.92299,132.166046,125.420504,93.380553,80.8
3792,3792,160.48821,146.712199,49.959806,131.497725,112.836843,80.348003,110.9
3795,3795,160.756621,147.636454,48.298568,132.607129,112.042467,79.109706,150.8
3798,3798,156.181373,138.469588,48.073849,137.650781,117.05442,85.650518,160.8
3801,3801,159.33726,130.24528,43.483362,132.770957,117.521786,96.97695,179.4
3804,3804,155.798602,134.655538,42.49568,138.267921,139.467177,103.906109,173.5
3807,3807,147.537824,132.143881,41.084831,139.195983,117.912157,88.77111,174.6
3810,3810,155.205085,133.563179,38.670416,140.828262,127.937387,93.9309,171.2
3813,3813,154.68991,124.28156,37.740867,140.066061,131.381725,99.35006,173.8
3816,3816,150.119236,123.588612,35.905392,136.669706,139.676777,107.620362,199.7
3819,3819,156.11005,135.934595,36.275215,138.780668,116.26139,88.340433,215.4
3822,3822,153.601902,141.756232,32.854839,139.755436,123.606,92.706048,217.8
3825,3825,146.555292,130.896941,34.007485,139.020757,135.470131,104.561034,223.3
3828,3828,147.491603,130.556599,33.15216,143.441222,130.320969,97.434656,199.1
3831,3831,156.060897,139.66344,34.635173,141.393601,137.927609,102.554332,189.3
3834,3834,150.87912,145.98431,32.281993,137.711063,126.319898,92.650298,187.5
3837,3837,137.332592,143.163793,32.311323,137.865914,131.125405,105.721944,170.4
3840,3840,139.295027,140.6966,30.859989,141.874983,125.562376,101.470806,184.8
3843,3843,127.607448,144.227906,33.153161,124.15434,129.303896,103.726039,203.2
3846,3846,131.51724,143.796632,29.05092,140.054867,118.705406,91.494512,198.8
3849,3849,123.529431,141.786117,31.363898,124.771134,129.982239,102.125414,197.3
3852,3852,121.316922,147.019931,31.761727,124.061838,131.81371,110.762979,198.8
3855,3855,117.804357,145.023048,31.801799,118.42053,128.557347,105.976931,184.4
3858,3858,118.508473,144.14445,30.187143,123.493666,129.852003,105.78936,185.5
3861,3861,114.378719,146.438707,29.278672,120.059318,132.660778,105.488246,202.1
3864,3864,109.973849,130.463129,28.073188,118.627491,132.109818,105.733398,226.3
3867,3867,120.335673,138.0705,28.420473,132.92786,131.266961,103.485323,217.9
3870,3870,131.36417,128.859986,29.709071,128.504264,139.556573,114.845642,202.9
3873,3873,114.460108,123.911404,25.15939,109.236424,127.859326,107.010958,194.0
3876,3876,109.632705,125.778211,22.470377,115.222991,131.288165,109.668988,193.2
3879,3879,109.276117,120.721105,22.327783,117.559678,128.137522,107.838633,185.4
3882,3882,112.81527,133.529063,21.354089,114.031346,129.498982,108.922552,207.5
3885,3885,114.705031,120.000038,21.680433,136.269373,130.362416,110.901284,225.2
3888,3888,118.373837,128.95219,17.81001,129.426925,129.741452,107.655789,223.6
3891,3891,117.419111,125.158477,18.574046,137.896804,127.787709,101.481868,213.6
3894,3894,111.596463,129.066707,17.332349,134.073241,123.586555,99.452331,217.7
3897,3897,108.570734,135.12163,16.680407,126.234381,116.329519,99.842958,213.9
3900,3900,115.977106,114.771753,12.424795,125.247036,120.800414,105.107772,210.5
3903,3903,110.307174,113.178038,14.263641,121.739372,119.109476,108.210261,218.1
3906,3906,111.904399,115.213581,13.794893,122.856756,120.432579,109.261647,245.3
3909,3909,112.475858,106.699851,15.826811,117.898951,123.648314,115.521183,233.5
3912,3912,112.159634,114.888831,14.093355,130.764365,121.193919,112.733232,213.5
3915,3915,104.842088,95.064995,24.178854,146.641004,124.87348,119.262053,191.7
3918,3918,104.729716,126.466335,26.289222,132.139342,127.499118,110.559285,207.9
3921,3921,100.871825,134.543461,16.394473,137.775966,114.381214,108.914452,180.5
3924,3924,106.912929,119.084513,17.774114,130.566984,118.7681,111.639094,196.1
3927,3927,109.128485,117.631677,8.804659,125.20988,114.34718,117.005459,211.1
3930,3930,100.475031,138.990369,15.598816,135.148935,115.875959,127.917988,207.4
3933,3933,119.268233,117.235519,8.126449,124.261896,125.36464,122.108764,216.1
3936,3936,101.460228,127.924786,9.270712,104.646089,126.178354,127.47606,195.1
3939,3939,115.361502,142.368676,4.424465,120.851445,119.118302,117.020024,190.0
3942,3942,100.156982,128.885506,16.843621,120.137735,104.870483,122.691196,176.7
3945,3945,98.207591,157.437062,15.750213,135.030394,125.744571,128.219327,200.1
3948,3948,101.131928,133.782802,17.550607,144.998195,114.348086,111.51524,229.8
3951,3951,103.793938,108.068467,19.23185,130.809788,117.900337,124.549588,225.8
3954,3954,108.618647,127.595826,18.522214,142.97006,104.445244,112.099273,203.6
3957,3957,94.958366,114.551991,18.987162,99.0138,113.030499,120.058755,203.6
3960,3960,102.232472,126.468317,20.780112,148.229065,116.037333,125.293087,212.6
3963,3963,98.946967,110.233338,14.811886,128.518158,110.765627,124.520954,211.0
3966,3966,103.939618,111.707013,15.37827,137.098154,124.115083,113.77816,227.0
3969,3969,101.872263,115.107847,15.174068,141.118681,126.988646,120.732832,233.1
3972,3972,110.763612,157.828185,3.984036,150.988795,131.95342,116.039117,199.2
3975,3975,112.354959,113.260376,3.958167,143.330218,127.744673,114.527876,191.7
3978,3978,106.384065,122.828385,9.159739,138.653288,121.33932,108.699792,199.2
3981,3981,110.833871,116.285129,13.492756,133.525362,127.370759,106.464667,211.3
3984,3984,103.575551,115.742521,16.728479,159.630961,131.331829,107.763873,209.4
3987,3987,104.56682,120.43775,17.53105,139.374639,132.217078,107.599876,216.6
3990,3990,113.044119,119.90718,18.413664,135.775,133.733871,104.185337,230.4
3993,3993,117.936233,108.245737,16.126083,155.64675,132.36413,106.244242,226.1
3996,3996,106.117988,119.366625,20.834097,100.595467,134.990063,104.676465,219.9
3999,3999,108.730781,118.451763,24.814725,127.190915,135.639787,101.428447,218.6
4002,4002,105.227801,120.132544,25.552762,95.444708,139.367449,109.850724,216.4
4005,4005,104.38145,101.835158,25.046292,144.09619,136.545279,111.688632,195.7
4008,4008,114.893059,122.290705,24.55501,143.817739,138.249411,112.226501,184.3
4011,4011,108.206652,119.646818,26.182986,138.025237,138.001776,112.937513,189.2
4014,4014,107.962314,114.39194,26.906202,129.310208,134.367896,115.675742,175.0
4017,4017,111.508117,104.36307,28.60945,109.973212,138.654816,120.807378,185.1
4020,4020,121.546555,117.466184,28.123063,130.754198,134.348364,114.776187,192.7
4023,4023,126.480365,126.974311,28.166108,128.458712,142.782088,119.835962,188.1
4026,4026,130.613232,134.001417,28.925706,125.593276,134.754292,111.914102,196.3
4029,4029,125.069614,126.104472,27.871697,116.396095,144.231073,124.000414,201.4
4032,4032,133.774373,131.43709,30.362601,122.898671,146.42236,123.958281,215.8
4035,4035,131.136584,131.812392,28.130789,128.447299,140.833534,123.693946,204.9
4038,4038,146.417276,128.374808,28.230072,135.118869,148.911108,129.998095,203.3
4041,4041,143.725189,123.001452,28.789833,140.200921,143.580767,126.178375,188.3
4044,4044,152.017159,136.368603,30.73932,129.079573,159.144088,132.479737,174.4
4047,4047,142.400054,122.91778,29.962165,140.091781,129.892296,114.226091,183.1
4050,4050,140.577279,130.71823,30.42903,140.561489,125.109369,109.408218,217.2
4053,4053,146.240527,124.88158,32.680147,133.484496,131.339768,114.717925,212.6
4056,4056,148.878774,146.797564,33.953741,128.931499,140.917167,121.027804,189.4
4059,4059,151.840785,135.040651,35.0278,126.595582,145.298731,120.779923,191.6
4062,4062,153.866955,129.569322,34.578908,128.943216,151.597952,128.693683,169.5
4065,4065,155.304815,142.925071,34.964277,124.215828,141.54375,121.202343,154.5
4068,4068,159.864936,142.362554,35.501217,123.607651,146.405902,108.811467,164.7
4071,4071,156.850014,157.933141,38.086092,114.945451,162.16435,130.911379,174.6
4074,4074,159.476491,150.600122,38.973574,115.239078,156.694656,125.704622,167.5
4077,4077,159.878818,140.018477,37.21763,116.565561,132.099288,99.208815,170.2
4080,4080,161.145231,148.487691,38.912523,122.233509,141.619922,106.723795,142.3
4083,4083,162.406528,138.922574,40.093468,129.037458,144.297418,96.52211,131.9
4086,4086,162.853995,150.44855,41.069783,134.353811,154.488167,113.129734,124.6
4089,4089,161.614509,138.803474,42.864739,135.615053,149.282499,114.688445,121.0
4092,4092,163.008991,148.048651,44.144057,131.852714,150.779373,109.02929,140.7
4095,4095,161.514551,154.09377,43.626777,131.884032,155.833765,120.606092,136.4
4098,4098,157.247645,158.563309,43.694001,132.625103,153.590624,115.36867,134.3
4101,4101,161.821737,157.564061,43.518219,135.988781,147.614366,111.011201,127.5
4104,4104,160.677242,158.504664,44.023681,135.513998,150.002675,120.448379,113.9
4107,4107,152.700657,145.862891,44.942873,134.595677,146.259406,117.013503,116.7
4110,4110,145.257127,158.996505,48.643295,132.689989,149.155157,121.46119,119.3
4113,4113,160.591366,152.388222,44.436125,133.256566,146.603705,105.428705,134.2
4116,4116,154.853064,148.524835,43.934171,132.857633,149.745117,112.237964,121.5
4119,4119,153.256724,155.518335,43.350003,131.908791,152.858984,113.685317,112.5
4122,4122,154.98242,159.56475,44.201885,128.79778,148.696201,104.19619,117.0
4125,4125,150.628995,162.91933,44.738427,128.723523,146.715466,121.951937,131.1
4128,4128,152.578425,158.855276,43.727917,125.594866,142.06279,112.077662,110.1
4131,4131,154.063444,159.04923,46.136469,127.549887,146.361846,97.624846,118.0
4134,4134,158.424514,159.74054,45.209268,123.387404,129.067889,113.399147,110.1
4137,4137,150.950478,146.689056,47.555699,126.370817,131.25476,110.547706,108.8
4140,4140,152.829299,151.948742,44.37535,123.613384,137.127739,110.069549,101.3
4143,4143,158.230918,159.885222,45.25086,121.693615,131.014421,101.488677,99.7
4146,4146,154.579386,157.93688,45.367116,118.581183,127.005486,100.702126,108.4
4149,4149,150.36708,160.780202,46.121648,123.501314,147.134633,95.935621,108.8
4152,4152,153.379423,157.176959,44.464319,120.810767,146.420096,117.17079,93.5
4155,4155,149.224435,145.306552,46.077205,115.898535,129.750585,117.29432,93.9
4158,4158,152.491581,165.254777,46.677979,116.788495,133.897589,105.56749,83.3
4161,4161,146.154648,146.370627,50.497423,118.378488,126.659045,102.125311,69.1
4164,4164,144.868651,146.429801,53.38668,116.280649,135.787662,82.130612,51.0
4167,4167,145.714139,146.388693,51.48473,116.130954,126.898821,82.208994,25.8
4170,4170,143.939767,154.8924,51.643188,101.817126,127.091687,86.216908,31.2
4173,4173,146.655113,150.733285,51.495509,107.147486,131.377315,82.621173,41.2
4176,4176,142.958112,146.916915,58.350317,113.770096,124.558818,83.905025,38.4
4179,4179,139.606918,151.247722,61.752588,110.160831,126.595827,92.698028,64.8
4182,4182,134.802567,146.815915,64.909758,110.849391,138.169038,81.964812,92.9
4185,4185,130.263675,149.797999,65.251188,117.158672,153.488528,87.20691,81.8
4188,4188,133.248845,155.046271,65.128477,110.208359,137.844029,86.517114,66.6
4191,4191,134.982599,146.392916,65.028353,101.871673,140.719551,91.276414,77.3
4194,4194,138.438079,159.251424,64.774989,95.073011,147.903282,80.720753,87.3
4197,4197,134.556118,153.490751,68.22125,105.992271,147.359213,77.770942,81.9
4200,4200,139.697705,141.106765,68.431566,102.033737,125.638973,85.507856,90.0
4203,4203,136.6975,136.78372,65.655209,92.784985,118.636713,82.045386,97.8
4206,4206,120.216405,141.895623,77.711836,109.189411,146.166049,77.74809,99.6
4209,4209,114.426996,136.456074,79.173716,121.180035,139.851612,129.869095,88.5
4212,4212,105.525105,140.259156,79.343796,115.344966,146.29941,81.934192,98.3
4215,4215,109.087632,137.611788,86.553274,122.795409,139.069413,98.003298,95.5
4218,4218,102.664092,136.526086,88.686602,129.954735,136.69591,116.735158,94.1
4221,4221,110.674819,131.474597,94.637052,131.362856,129.401388,97.717924,99.5
4224,4224,110.507257,132.669285,97.61036,128.879014,131.004446,94.233091,91.9
4227,4227,113.284081,127.70952,103.334597,132.487069,130.659234,76.132609,63.3
4230,4230,109.000837,128.226708,102.917605,126.77145,134.083532,85.259551,88.0
4233,4233,108.668185,127.617131,101.583975,128.532824,133.229927,71.532318,92.8
4236,4236,97.5005,113.883091,106.517505,131.370212,135.268408,73.59263,86.8
4239,4239,103.584932,119.295713,104.980132,128.622434,130.929852,66.316898,87.3
4242,4242,109.389636,120.530271,104.793027,131.881346,134.886091,70.726087,77.1
4245,4245,108.572189,120.177117,109.982611,131.478913,126.678962,71.847696,73.5
4248,4248,103.85454,120.665391,114.872585,133.350999,134.271747,71.019922,63.2
4251,4251,101.164866,114.091068,117.422271,134.422089,127.242706,79.534789,75.2
4254,4254,104.437464,116.711866,118.620019,135.318453,132.254739,75.27071,83.0
4257,4257,102.486597,118.169591,122.695176,135.419068,132.212849,83.316195,98.2
4260,4260,102.993982,114.027414,121.933565,134.312822,135.62782,82.885163,82.3
4263,4263,97.621561,111.249216,127.874113,135.764281,139.529782,86.10579,78.1
4266,4266,103.199138,114.288113,125.155074,134.777236,141.739649,94.086161,86.3
4269,4269,101.171809,113.653477,124.594125,136.293834,132.810318,106.167656,82.0
4272,4272,90.743189,107.810098,126.369603,136.531468,146.309512,80.419994,76.3
4275,4275,98.513516,108.583572,131.396082,138.136103,147.767635,85.430224,53.3
4278,4278,101.374019,113.722491,133.89435,138.833716,145.990684,97.359856,64.0
4281,4281,102.719398,115.392309,130.816276,133.524056,153.748718,76.697376,77.8
4284,4284,118.590715,130.489763,118.386195,135.805304,140.336161,120.919906,80.8
4287,4287,108.521215,119.454194,129.374454,134.686084,143.5294,84.963684,70.1
4290,4290,103.379504,123.220281,127.028978,134.68699,144.668919,128.494524,70.0
4293,4293,102.116555,115.24052,132.982443,137.617837,132.687734,126.269126,78.3
4296,4296,108.588661,118.725565,136.816114,138.423799,125.983008,116.401407,76.4
4299,4299,109.821547,124.05356,130.619508,136.292727,128.995872,126.41614,81.1
4302,4302,109.016742,117.85901,130.690945,136.621544,131.874575,128.689639,74.1
4305,4305,118.930301,128.493601,126.590024,128.820796,125.358895,126.671093,63.5
4308,4308,112.049356,137.892031,124.13539,132.727332,129.233868,121.947683,83.9
4311,4311,119.540373,123.204135,127.284401,121.558829,132.986575,95.180805,81.7
4314,4314,126.242634,124.120567,130.256217,126.715361,131.376654,96.551185,78.7
4317,4317,120.990764,123.88779,129.738608,130.136784,124.808221,122.069908,69.7
4320,4320,117.260801,122.339998,130.299269,131.981838,121.011483,122.685909,62.8
4323,4323,116.673878,119.711836,129.645123,132.156995,132.774196,127.046713,55.5
4326,4326,116.652642,120.149467,132.329106,133.710073,129.201747,126.657198,52.1
4329,4329,123.523253,125.330914,129.740224,125.090213,128.859013,127.158026,44.8
4332,4332,126.381063,128.475841,128.027365,128.190882,128.029245,127.964075,40.9
4335,4335,120.494537,123.311343,128.299967,129.282559,127.345602,127.246967,60.6
4338,4338,118.034097,126.416519,130.419467,129.228825,132.324349,133.096003,55.1
4341,4341,108.705347,112.6034,132.611281,133.605144,134.951075,121.852509,45.9
4344,4344,109.966515,112.63953,134.187612,137.210603,134.299892,108.307486,44.8
4347,4347,114.017765,116.541116,133.127585,132.779653,135.228094,118.682954,46.9
4350,4350,116.637438,116.104249,129.256344,133.572015,130.600041,132.337123,40.5
4353,4353,122.35459,116.548386,125.452086,128.429192,127.863349,127.68743,40.4
4356,4356,110.498114,108.84322,126.786756,136.579269,122.834715,116.405474,40.6
4359,4359,121.393892,125.483236,114.86651,134.57905,127.165098,115.958823,55.1
4362,4362,125.26827,129.558859,111.44001,136.451843,124.856408,118.603593,58.6
4365,4365,125.828205,133.931834,102.528712,136.877651,127.035102,110.789757,54.5
4368,4368,117.438275,119.054207,110.517297,139.433815,128.870534,111.08174,53.9
4371,4371,114.521471,121.703407,107.520173,142.802643,126.379496,92.80374,42.8
4374,4374,117.84503,123.829616,102.931144,138.670477,137.199045,83.26794,31.1
4377,4377,115.52857,120.760488,107.016818,141.250918,133.504683,119.233954,36.0
4380,4380,114.659391,117.430342,100.702852,136.610991,132.476753,116.893129,47.5
4383,4383,113.167139,109.325315,102.644648,138.612878,128.825196,112.348123,59.0
4386,4386,116.694491,118.932181,99.637226,136.51636,138.290225,81.897272,58.1
4389,4389,111.766542,102.373654,101.16859,138.059633,128.159796,81.839427,72.4
4392,4392,116.683035,110.918915,96.887196,139.346973,124.412121,105.344427,67.3
4395,4395,118.524716,114.47166,92.712334,136.177294,132.387132,105.776968,47.7
4398,4398,113.011266,119.87171,91.102963,130.597487,125.628739,108.177815,35.1
4401,4401,117.569943,118.613096,86.274133,134.288044,133.846664,115.285284,35.5
4404,4404,113.485092,108.450028,93.48999,134.076858,131.989854,93.279882,45.6
4407,4407,117.2395,126.002681,89.723445,133.039592,139.662789,93.309971,77.8
4410,4410,111.874842,116.075293,86.291087,130.274047,134.336464,104.848091,90.5
4413,4413,120.85343,143.411626,85.107641,116.068083,124.318457,108.5694,113.7
4416,4416,126.027153,117.245525,81.824236,118.40807,136.877545,120.439411,113.4
4419,4419,136.908054,137.648083,81.450942,128.497685,133.406243,114.81476,93.8
4422,4422,136.866471,162.554547,81.251223,124.841172,135.594457,118.748979,67.3
4425,4425,145.446194,144.282401,69.558802,122.802135,133.72337,101.853717,49.8
4428,4428,146.89495,144.225125,66.075998,118.761108,116.052572,76.415465,77.0
4431,4431,148.605296,144.057186,66.444651,120.771982,118.142899,103.931718,110.5
4434,4434,151.286607,140.410463,62.479822,119.604719,124.835579,82.016111,131.6
4437,4437,152.056326,144.952402,63.47076,116.833622,121.488455,113.472249,133.6
4440,4440,153.049843,134.271105,59.900596,119.597532,126.412186,111.254271,130.8
4443,4443,150.716205,140.768969,56.343905,112.249255,131.150201,114.460122,117.6
4446,4446,143.755478,148.436141,56.993436,115.935729,141.09207,121.795697,118.4
4449,4449,150.199324,140.453768,56.297755,115.435764,140.634939,124.511831,116.6
4452,4452,147.775682,134.677066,53.917982,120.396629,133.679952,118.224628,158.4
4455,4455,139.242456,132.65529,50.859199,112.584172,139.173333,115.596095,190.7
4458,4458,155.537315,140.650918,52.919722,122.205729,137.952929,119.626062,192.3
4461,4461,152.186002,148.93669,54.877181,112.836323,142.643052,115.406498,200.1
4464,4464,153.116656,147.768553,51.929792,113.216414,143.608773,120.212574,185.8
4467,4467,151.885305,138.930275,49.286711,115.168767,140.305877,122.181526,164.6
4470,4470,152.038582,122.888918,50.511471,118.776524,128.768001,116.215584,169.1
4473,4473,153.176501,138.077462,52.982115,115.589341,139.283292,117.2806,189.8
4476,4476,154.040385,136.976769,51.193274,111.379379,130.845024,112.666501,213.4
4479,4479,157.651549,134.365623,51.109752,118.554151,127.540651,114.981764,250.4
4482,4482,164.838554,141.993818,51.992386,121.013093,125.679144,105.997296,244.8
4485,4485,161.646468,133.980459,48.246831,114.763691,132.799612,117.194054,238.9
4488,4488,165.343146,144.787963,49.01045,114.691023,131.884602,112.259834,240.6
4491,4491,161.3824,148.351916,50.192036,123.745795,128.358553,113.758679,227.4
4494,4494,162.205794,132.989047,48.982267,122.983688,124.292981,115.621137,209.5
4497,4497,162.385316,145.751201,55.311108,121.961184,132.258926,116.383262,226.2
4500,4500,168.185576,168.117651,55.646465,131.204573,124.526413,116.251497,272.0
4503,4503,170.669871,144.842334,49.948644,127.899681,122.02728,98.601709,290.2
4506,4506,171.420897,139.994741,50.291687,124.043429,119.643875,101.756113,286.7
4509,4509,160.614364,153.099211,55.106529,123.518992,113.521005,95.574811,276.9
4512,4512,169.754545,149.711585,53.091478,124.021078,115.044768,93.325212,273.6
4515,4515,169.70088,151.486795,55.175297,126.578385,111.174945,95.693054,275.0
4518,4518,169.972668,148.308788,49.883408,126.009861,133.132456,108.55971,288.1
4521,4521,170.086657,152.064868,52.690185,131.242929,126.152685,111.302908,307.4
4524,4524,167.858585,161.916737,49.304604,127.618378,132.73741,106.809286,320.9
4527,4527,168.91436,157.092801,52.898376,129.7394,127.431298,110.473225,323.8
4530,4530,166.569685,148.351541,49.6085,130.169342,147.056639,114.425866,298.4
4533,4533,164.810516,154.507564,50.745018,133.996394,128.662538,101.087676,308.9
4536,4536,164.061469,151.153159,49.016986,135.112241,124.220779,93.511565,313.9
4539,4539,163.191082,147.717268,47.313121,133.910665,134.356684,104.311206,327.7
4542,4542,162.077306,137.011379,48.560077,135.497595,135.911315,105.426375,340.2
4545,4545,163.154163,138.295412,50.978469,134.955651,127.164985,100.385946,357.2
4548,4548,156.417237,127.860412,47.039853,133.846941,126.818317,101.206027,331.9
4551,4551,160.551151,138.614742,44.46378,135.101846,133.116479,103.772422,335.7
4554,4554,160.993823,136.527084,45.778263,134.42949,123.530079,95.498371,340.3
4557,4557,161.336778,129.672211,47.216165,127.388461,95.355466,72.980252,327.9
4560,4560,158.66034,120.064661,44.905334,130.951793,126.4833,111.679377,336.2
4563,4563,154.01754,128.088058,37.003738,126.328155,140.676887,113.552492,342.4
4566,4566,148.245236,124.04109,38.968546,132.433064,129.381378,103.147351,342.2
4569,4569,150.236874,131.822476,40.029207,137.170731,111.228204,88.278542,340.7
4572,4572,151.275962,139.032585,36.220326,135.659024,113.642624,89.844628,342.9
4575,4575,149.438604,138.837267,35.919588,136.863832,115.079443,90.019756,351.2
4578,4578,140.442925,130.504926,31.596772,137.193199,125.821454,104.960526,336.1
4581,4581,141.501914,129.972083,33.716211,137.537457,123.652459,100.087192,321.3
4584,4584,148.232489,134.713012,35.043963,139.181452,114.443155,91.673012,356.1
4587,4587,143.590212,134.143837,30.380193,133.734602,113.33196,90.984076,335.8
4590,4590,136.592553,146.91826,30.57302,136.557928,116.187614,95.483303,311.5
4593,4593,142.191573,140.380599,31.287124,133.480396,120.631962,99.096801,311.5
4596,4596,132.589764,142.4951,30.770802,137.968669,117.133053,93.505264,302.3
4599,4599,134.910001,142.783414,30.089746,137.799127,131.920907,104.913187,308.4
4602,4602,135.153655,143.936404,25.920215,134.700732,100.450451,82.455672,304.9
4605,4605,131.494522,133.241037,28.324342,136.31967,122.048463,96.975525,305.6
4608,4608,124.261513,133.825341,28.167009,135.952778,123.425732,99.752403,306.8
4611,4611,120.059057,138.051179,30.678317,126.957565,128.662923,106.617761,304.9
4614,4614,115.645751,133.899766,28.799629,126.424628,125.511131,99.546611,278.1
4617,4617,115.596829,127.434222,28.285862,130.238435,131.209036,105.38131,276.6
4620,4620,118.691837,145.653122,26.549457,138.110794,133.050833,102.622455,307.5
4623,4623,119.648704,136.275065,27.366223,135.388741,131.102358,111.314121,335.7
4626,4626,127.077909,127.590717,30.056831,122.485401,128.258548,108.772451,301.5
4629,4629,112.559843,132.088314,24.986849,130.109638,128.807671,108.903323,289.4
4632,4632,118.034814,124.510011,25.607264,125.632139,123.551065,108.692742,281.8
4635,4635,95.804913,123.320945,22.452405,103.034976,119.228796,110.653738,284.7
4638,4638,118.26721,122.834609,26.360358,119.787438,134.312551,111.72534,294.1
4641,4641,117.908923,123.494065,26.067369,124.41032,130.748864,103.198251,307.1
4644,4644,115.192485,131.539895,25.81157,113.670807,132.767757,111.603831,287.9
4647,4647,125.373217,121.473064,28.040314,104.112875,135.819965,108.086422,287.7
4650,4650,121.185454,128.072459,29.967287,124.593174,134.801203,104.259225,278.6
4653,4653,129.310055,132.176814,30.795142,129.28579,136.876738,108.601601,253.8
4656,4656,125.197488,130.013738,29.672704,125.67105,133.426673,107.106051,249.9
4659,4659,124.749017,138.878079,31.318158,128.202515,145.783011,111.783955,275.2
4662,4662,122.214767,139.176254,28.179772,131.937507,126.124828,105.535025,281.2
4665,4665,134.813867,127.26972,29.28663,128.410341,137.838717,115.320121,273.9
4668,4668,128.902098,123.89338,29.953194,128.635982,137.418486,111.967177,260.4
4671,4671,129.578786,132.28494,29.439047,128.769248,135.241072,119.550724,234.3
4674,4674,128.402491,134.876246,29.64283,126.874224,132.093905,108.908499,207.4
4677,4677,132.284868,142.679309,27.992844,131.275522,125.870896,104.212013,233.2
4680,4680,132.230772,151.994569,27.933853,134.867891,115.931465,98.261308,242.9
4683,4683,135.960927,142.578129,30.170179,134.519392,127.439292,104.428005,238.2
4686,4686,121.4301,135.268906,32.115934,129.933136,124.0664,108.042268,216.0
4689,4689,130.780905,140.790496,29.890476,130.917028,135.485955,118.790516,207.7
4692,4692,136.549062,124.360958,30.124263,131.899021,123.862672,108.153045,198.9
4695,4695,147.564216,107.481612,30.211125,126.910434,132.470042,119.052816,187.4
4698,4698,147.225155,120.674254,31.438534,131.902028,143.734904,119.735495,227.1
4701,4701,149.164021,129.853467,35.3835,130.494958,138.922328,116.453635,237.7
4704,4704,152.060554,128.477237,37.499788,130.57654,137.306719,109.531891,222.1
4707,4707,154.954481,122.635206,35.686394,129.366695,157.493327,103.823995,220.7
4710,4710,152.024358,129.935165,35.299088,125.000065,135.94187,104.070571,189.0
4713,4713,151.915803,134.580389,35.888751,120.728134,141.992886,110.603504,161.2
4716,4716,153.276644,138.33145,40.699936,134.700839,141.603517,113.058532,165.5
4719,4719,148.421813,149.080561,44.256782,133.315721,159.904164,118.487644,199.8
4722,4722,144.971952,151.54703,46.493845,130.420023,148.638152,126.952813,193.2
4725,4725,149.634412,135.690971,40.968488,125.621918,167.618771,137.7664,175.6
4728,4728,137.94685,161.310757,49.64244,113.346104,172.946322,134.372963,187.4
4731,4731,131.613044,142.209964,55.255971,115.164734,152.723522,132.396133,172.2
4734,4734,137.773529,143.071522,60.476297,115.394309,138.289375,114.77384,152.2
4737,4737,117.75848,143.063815,75.539729,124.928673,143.442573,118.126018,167.3
4740,4740,111.583815,126.600218,85.753624,125.712773,143.466866,107.281833,177.7
4743,4743,101.757568,131.38133,93.11978,130.273328,143.608796,122.898013,180.6
4746,4746,93.265001,121.14865,104.298729,125.507363,141.329859,131.540802,191.2
4749,4749,93.62285,122.690322,113.321377,125.937109,118.047436,102.019365,170.0
4752,4752,95.78799,121.398382,124.304244,125.231279,126.261779,131.603195,133.7
4755,4755,100.189293,113.975354,129.131682,124.245519,129.171014,138.106827,124.4
4758,4758,105.397582,118.789703,126.415617,131.298463,136.089153,135.784621,127.6
4761,4761,114.517126,127.72334,121.843629,126.455995,137.850662,138.929132,165.4
4764,4764,117.728003,121.907481,122.175984,127.234301,134.060844,136.007864,175.3
4767,4767,113.748923,127.792877,116.323417,125.443282,133.096117,126.59646,162.1
4770,4770,104.763093,119.332437,126.780245,129.752706,148.067016,132.595183,144.8
4773,4773,112.326789,125.118907,120.821759,133.744581,127.273852,122.375011,121.6
4776,4776,103.307865,125.924502,132.305011,132.169762,141.522838,131.330705,104.1
4779,4779,108.103485,123.899657,131.777756,135.165566,146.477291,137.647891,105.2
4782,4782,106.653304,121.691306,125.619332,135.408159,149.583916,140.956944,131.1
4785,4785,106.179527,123.92031,111.838686,134.639987,151.641274,142.545495,137.6
4788,4788,106.950963,132.455268,114.192705,132.306206,142.629135,139.296046,129.7
4791,4791,105.352123,122.911841,112.49242,130.218643,148.939602,141.982273,130.3
4794,4794,108.269548,122.983916,113.409857,130.439544,149.894938,139.774476,118.4
4797,4797,106.380818,127.649207,111.581383,131.012657,145.631599,137.390894,104.5
4800,4800,110.424731,128.376916,108.355916,132.437932,147.407133,138.627505,96.5
4803,4803,106.985287,127.206867,108.811057,132.319657,152.235073,144.026098,94.3
4806,4806,104.945413,122.410265,113.067667,132.56564,145.934966,140.388329,113.2
4809,4809,106.160389,125.563365,116.619985,134.116395,145.238416,140.056338,113.6
4812,4812,107.638963,122.82852,119.240814,134.786525,144.49024,141.261785,107.2
4815,4815,113.846335,131.848427,115.793743,134.627486,140.217196,139.007887,93.4
4818,4818,108.31346,126.325913,120.614093,133.459139,141.16108,140.959233,78.5
4821,4821,101.3896,119.100514,123.498315,112.953692,142.863878,149.737191,77.7
4824,4824,108.104786,149.134048,127.619064,65.423585,147.906794,159.215818,84.1
4827,4827,109.518881,152.111777,126.209498,50.658097,154.665249,163.064147,118.9
4830,4830,109.638967,159.648991,124.181469,39.341457,158.621262,161.610427,115.7
4833,4833,114.459343,157.486038,115.732087,33.748584,157.889184,161.310718,122.5
4836,4836,106.328756,151.581713,111.981848,28.412619,157.267468,162.322311,114.6
4839,4839,111.954246,138.393614,110.667994,28.455599,155.87033,155.633124,92.7
4842,4842,115.217885,130.493801,111.364419,27.361157,153.587369,148.384318,91.0
4845,4845,120.743417,133.846836,112.498365,29.973189,152.177772,149.411666,109.8
4848,4848,119.051848,134.74128,109.95207,30.835959,150.487341,151.685878,139.2
4851,4851,118.142543,132.761623,108.190116,29.889349,154.014772,151.448362,138.3
4854,4854,117.090262,129.931678,108.709611,29.890539,157.60766,153.812588,130.6
4857,4857,113.303021,134.73722,96.541982,29.105827,156.674122,155.183357,118.4
4860,4860,113.993877,138.075349,81.179772,30.105565,150.695284,165.033883,104.8
4863,4863,112.392432,135.250736,77.879056,32.058144,150.602823,167.329594,87.9
4866,4866,107.672639,139.600059,82.185406,30.614759,155.043139,164.092177,84.9
4869,4869,117.422612,136.955013,88.380524,31.474223,152.315694,153.724495,94.6
4872,4872,126.72534,136.885911,93.398922,31.797209,150.906225,153.103315,93.6
4875,4875,127.751607,136.943243,82.706941,30.654893,149.847416,150.530459,72.7
4878,4878,118.371138,139.008808,86.604979,29.80494,151.17233,152.135218,58.5
4881,4881,130.978305,140.949429,89.81331,29.491615,148.68126,151.729172,47.0
4884,4884,126.530661,144.81325,93.464105,29.171053,152.467945,157.591272,64.4
4887,4887,127.159487,142.388427,103.814943,29.646505,153.030466,158.327232,72.7
4890,4890,135.868614,142.339996,126.390311,31.660089,154.427604,160.804439,85.3
4893,4893,133.32189,142.979085,117.893845,30.391507,152.908919,157.446324,96.3
4896,4896,134.126485,142.462178,116.195463,29.835437,155.232667,155.513248,85.7
4899,4899,130.422638,144.768149,111.027267,30.666195,158.334328,159.357138,82.2
4902,4902,126.419942,146.648779,106.652434,30.015921,159.028851,159.943771,82.7
4905,4905,128.254049,143.252739,94.799432,32.278769,158.849945,161.91343,63.4
4908,4908,99.224468,142.512298,104.462584,47.376101,158.857769,158.821839,65.4
4911,4911,102.815452,134.888508,122.870009,81.562683,144.838138,147.67872,81.5
4914,4914,113.6964,124.939489,130.057407,125.637312,138.261162,140.824207,103.5
4917,4917,113.762321,124.036235,123.655005,122.502475,140.261699,136.487409,101.1
4920,4920,119.216613,117.600855,126.028319,135.08781,132.63163,133.88181,95.3
4923,4923,110.774233,119.244223,122.431526,129.224053,134.774555,134.749482,85.6
4926,4926,111.35586,118.736708,122.167568,132.643208,132.20394,131.433916,86.7
4929,4929,115.588017,121.495104,123.875436,129.563845,123.016257,125.200081,103.1
4932,4932,111.791851,124.044128,118.852091,133.303407,133.879947,129.165617,100.2
4935,4935,105.764764,116.072337,118.750395,125.749991,133.241623,132.193541,112.7
4938,4938,108.282068,109.471475,116.787402,120.052506,129.225341,126.410156,99.2
4941,4941,109.012844,117.883269,120.872182,114.843259,119.920118,128.083244,100.6
4944,4944,108.024561,119.119524,117.848457,124.352189,137.061156,139.307646,94.0
4947,4947,108.683478,117.775801,118.107409,121.530805,137.367382,135.145908,97.3
4950,4950,105.948709,119.293503,116.210506,115.02759,138.557077,139.315383,89.5
4953,4953,107.515419,119.633186,114.754365,116.426147,141.69313,126.383662,88.8
4956,4956,109.660733,125.316937,121.926384,101.684505,140.415535,127.635642,76.5
4959,4959,105.049454,124.268145,118.650108,105.85239,144.323903,126.732993,88.3
4962,4962,109.566744,116.823186,118.469542,119.484575,138.682899,123.307658,97.0
4965,4965,107.364182,118.350865,118.237495,103.80317,140.858279,128.322843,96.1
4968,4968,104.198149,125.403223,116.950266,93.512644,140.852695,128.246883,92.8
4971,4971,107.176993,111.721562,111.931042,114.904224,141.662937,123.795642,72.7
4974,4974,112.033171,109.58511,111.748839,118.219765,136.541417,122.94766,74.1
4977,4977,112.714945,109.227648,114.731595,120.796077,135.741673,126.995733,75.9
4980,4980,112.323446,107.20396,114.220776,116.74023,134.908512,124.791613,93.2
4983,4983,111.894494,109.726182,119.860321,115.601644,144.914177,133.573269,118.9
4986,4986,109.855957,113.089205,111.499826,115.949947,142.337624,127.208118,134.2
4989,4989,106.156247,111.156403,117.554349,115.925851,136.085779,122.752861,95.6
4992,4992,107.663371,114.039691,117.450108,115.037295,144.65913,131.364012,90.2
4995,4995,103.959849,113.847274,114.889963,111.007606,143.546322,129.915545,74.2
4998,4998,104.092568,116.006772,114.421437,110.323472,141.561339,129.349566,67.1
5001,5001,99.615917,112.551273,115.480823,113.55497,140.19735,129.944384,67.1
5004,5004,99.906394,117.368205,116.165676,109.480842,139.877687,131.879087,99.7
5007,5007,104.074723,120.886212,118.337147,108.64291,140.469013,135.55459,107.3
5010,5010,115.111558,118.42315,118.935789,122.618593,133.708022,130.689459,118.0
5013,5013,118.169555,113.331525,117.89342,127.064507,136.868067,134.998221,104.0
5016,5016,111.62463,117.711333,112.560632,124.670424,136.863405,130.909721,92.9
5019,5019,104.920575,119.197264,113.851121,124.094675,135.906341,128.796024,81.9
5022,5022,110.078245,117.725616,116.233985,124.636432,132.950173,128.050094,59.4
5025,5025,104.922771,118.584839,114.174968,122.201267,132.239626,126.265366,88.6
5028,5028,101.606173,119.307538,112.258121,120.531509,149.77064,132.18383,148.2
5031,5031,106.571809,121.97581,122.598874,126.636603,138.863084,140.905718,155.7
5034,5034,108.711523,128.168846,120.294898,123.08846,138.259922,139.802299,142.7
5037,5037,106.985862,129.352136,121.045545,127.502302,138.346706,141.576353,124.1
5040,5040,109.757931,124.401008,121.393844,134.187052,135.21037,139.841903,108.4
5043,5043,111.765343,122.423049,123.311744,131.711443,133.273415,139.977926,108.0
5046,5046,113.501978,124.07348,123.533236,130.174224,132.760915,135.875456,93.7
5049,5049,115.573021,119.915521,125.576662,131.130055,134.772238,136.072605,100.0
5052,5052,115.324431,119.125304,125.760193,132.693478,132.725377,136.488552,136.2
5055,5055,114.938252,120.521285,123.672157,131.758817,134.03611,136.800143,143.0
5058,5058,106.380019,116.485892,123.325098,131.788561,142.345465,139.470642,144.9
5061,5061,108.861065,117.826468,122.25968,131.442733,143.127956,142.457561,137.3
5064,5064,112.870319,119.653637,123.766141,131.493391,143.284342,144.896176,110.7
5067,5067,110.15487,122.768266,120.909254,130.362669,139.779477,139.352244,80.5
5070,5070,107.082479,116.364499,121.915987,129.728259,141.457086,139.377194,94.6
5073,5073,109.038311,119.710031,122.210162,131.439026,145.118026,145.856074,80.3
5076,5076,107.472229,118.563628,124.998528,129.190925,145.321716,147.480345,117.1
5079,5079,109.222967,117.938008,125.438752,128.209021,146.211954,146.501822,166.9
5082,5082,112.291955,118.290603,125.968267,129.71927,144.358399,143.964833,166.6
5085,5085,113.398591,121.54297,126.181173,129.478446,138.452154,137.408422,136.8
5088,5088,113.745432,121.393028,124.092367,131.796384,141.513469,137.930185,152.5
5091,5091,113.117351,119.183513,122.52382,129.937689,141.747774,139.946898,157.5
5094,5094,111.28587,123.487902,121.08121,132.020929,143.128298,139.88553,100.7
5097,5097,104.252781,116.905792,123.419224,132.264957,144.865326,144.255677,71.2
5100,5100,109.407411,122.44805,123.886103,134.087158,138.856671,144.941838,77.0
5103,5103,110.966917,121.86191,123.694046,131.920741,141.402185,143.727898,88.4
5106,5106,110.554055,122.107857,124.019767,132.348251,140.915234,141.930794,96.4
5109,5109,111.085563,120.246693,122.947246,130.665858,139.504389,140.971399,74.6
5112,5112,109.402909,121.3732,120.517763,131.42753,139.694047,139.922862,75.3
5115,5115,110.402773,121.165543,122.051112,130.98699,140.056071,140.688092,78.6
5118,5118,112.550717,119.829021,124.926428,133.459353,134.587364,137.816233,108.2
5121,5121,108.437543,114.894321,125.121994,127.942947,139.680027,143.01769,105.1
5124,5124,107.237639,121.520073,124.613825,129.05571,143.39675,142.574438,72.5
5127,5127,112.592742,120.56295,122.977303,135.303665,137.879272,140.335711,61.0
5130,5130,110.71142,124.815983,122.222492,134.901227,132.216687,133.645435,99.1
5133,5133,109.870743,121.232584,121.753723,134.470011,136.22917,137.294044,119.8
5136,5136,109.284087,119.410632,122.812019,129.56326,140.313694,141.117774,118.1
5139,5139,107.246027,121.717129,123.144626,131.949616,140.319366,143.31127,102.6
5142,5142,107.521975,117.705461,124.974091,133.31559,135.920077,142.811013,88.5
5145,5145,111.736841,121.47803,125.911031,136.237524,133.147781,138.891814,71.1
5148,5148,113.407767,120.765353,127.156467,134.343037,132.718476,137.576144,53.1
5151,5151,111.369187,120.833091,120.576814,132.247901,140.939606,138.637544,45.9
5154,5154,104.508045,120.639638,119.845067,126.373473,140.724727,137.190167,58.0
5157,5157,102.979414,123.031671,114.459797,119.275825,138.807537,139.347589,96.7
5160,5160,105.223576,125.321095,109.028428,116.351242,141.609747,134.802492,113.4
5163,5163,98.126973,129.249238,107.336747,126.232036,139.346013,130.240498,129.0
5166,5166,103.98285,122.486872,96.053232,119.777972,138.639486,103.384551,119.9
5169,5169,110.625863,135.599589,81.372247,117.250825,145.003408,113.882699,125.2
5172,5172,121.246281,135.317493,75.354312,114.505081,128.912547,117.489247,100.8
5175,5175,144.926942,146.840528,56.640843,93.706054,142.381756,103.106648,91.7
5178,5178,146.694412,144.444662,47.161934,96.925714,151.788556,133.562818,111.1
5181,5181,145.755443,144.195011,47.090642,100.646262,154.734091,135.811126,158.8
5184,5184,144.619544,135.861866,47.664073,112.011284,159.927497,135.767595,172.3
5187,5187,140.741273,131.96548,44.488834,122.370007,167.214684,138.64837,180.5
5190,5190,143.105295,132.400822,53.85746,130.648287,134.909271,117.451924,186.7
5193,5193,146.315463,123.252992,43.990973,131.496277,144.126711,108.874768,169.9
5196,5196,151.188183,119.196842,35.987816,130.29335,158.355782,127.888745,165.6
5199,5199,147.956706,131.875991,36.381329,133.536562,146.921512,125.61659,186.8
5202,5202,149.580885,128.126073,35.336955,113.758114,147.752292,138.052276,253.0
5205,5205,152.401554,122.89643,32.437903,132.614186,154.167387,136.353463,278.2
5208,5208,147.830789,135.397219,31.911996,118.838974,153.672755,134.97538,266.1
5211,5211,145.829213,123.08536,32.707882,118.207718,154.479942,132.988998,269.6
5214,5214,145.046689,137.581817,31.522199,136.362544,147.519504,125.062307,253.3
5217,5217,146.039997,123.40587,33.485524,126.154775,157.676104,126.833867,237.7
5220,5220,142.319089,121.604242,32.811709,132.528957,152.702423,127.225334,233.2
5223,5223,139.968057,121.500792,34.667707,136.432196,152.554181,121.213943,278.0
5226,5226,137.775637,143.130454,36.500138,103.500607,161.794659,139.816478,286.6
5229,5229,140.228738,127.050014,37.518533,121.276992,173.187042,145.866258,293.4
5232,5232,143.849866,125.122438,33.382348,129.725448,155.680001,132.292883,280.0
5235,5235,144.550457,122.892818,36.227859,131.191654,164.538955,143.313344,267.7
5238,5238,147.243433,126.433373,36.596609,116.435228,171.206611,137.042486,269.1
5241,5241,155.363856,133.829008,40.665543,117.491849,171.288406,142.503687,268.3
5244,5244,158.853833,105.527026,40.797811,125.919109,156.821712,142.309997,306.2
5247,5247,154.395968,117.48814,60.154258,121.776478,148.844609,126.72819,300.4
5250,5250,139.713501,126.382611,79.235151,114.851168,139.837406,131.550987,254.5
5253,5253,124.758159,127.372255,101.101613,108.735715,140.714824,137.390275,269.2
5256,5256,108.70292,120.6019,117.14035,132.42957,137.016888,137.12357,291.7
5259,5259,101.576348,118.150861,114.339279,133.255358,149.333137,147.103893,273.9
5262,5262,102.222624,115.949154,119.386856,135.463157,140.5908,139.165158,251.0
5265,5265,101.044281,118.632304,119.508018,131.241689,149.102582,143.897275,259.0
5268,5268,104.059167,118.367319,120.643185,130.277051,146.527986,146.135539,271.3
5271,5271,104.635047,117.644804,119.274879,129.281165,150.52243,145.451496,263.5
5274,5274,104.772137,116.792333,121.11441,131.485325,151.782909,146.041699,250.1
5277,5277,110.748209,117.881717,127.113013,127.136768,143.819877,145.253688,233.8
5280,5280,112.01869,121.123629,124.762452,130.428134,140.812249,140.975795,233.6
5283,5283,110.338537,113.261,125.57207,126.528707,142.460286,139.977104,248.3
5286,5286,109.12723,117.188593,125.627009,124.789002,139.133191,139.349468,240.9
5289,5289,112.606704,120.604415,126.805854,127.571186,135.450455,138.134156,235.3
5292,5292,110.596431,115.168987,126.85721,129.385244,139.028892,137.969072,244.6
5295,5295,111.876415,118.324891,125.953422,135.12242,135.275637,136.708227,229.7
5298,5298,111.837331,114.799908,126.488331,132.322814,137.901628,138.351031,212.9
5301,5301,111.597805,119.222956,125.059269,129.840882,140.061734,139.856158,223.3
5304,5304,113.418589,117.695662,125.942919,133.603393,138.852164,141.744096,238.3
5307,5307,107.755968,121.396614,127.780756,129.312103,141.997829,145.660602,238.4
5310,5310,108.685404,116.621153,124.418484,133.247823,140.162399,141.271145,223.9
5313,5313,111.924492,118.721269,126.088002,133.098612,135.132064,139.164907,219.9
5316,5316,110.248463,125.63345,123.439732,136.126298,136.056503,139.135515,217.7
5319,5319,106.455024,113.425403,124.091155,130.354155,145.739868,145.533101,202.8
5322,5322,109.735986,118.675823,128.567829,126.828669,143.549271,144.004693,218.1
5325,5325,112.8279,121.451212,128.430178,131.490456,138.151126,140.87493,224.5
5328,5328,109.538406,117.562204,125.738652,133.942162,146.407865,141.257674,205.8
5331,5331,115.847982,115.075516,128.219652,133.542134,133.344256,135.534144,212.0
5334,5334,111.609862,117.382227,123.80175,135.354076,142.279448,137.010183,211.9
5337,5337,111.281732,114.734749,126.870995,135.243243,144.153143,140.13659,184.3
5340,5340,109.116143,115.747479,127.907354,130.68199,141.998257,140.588268,184.7
5343,5343,107.897718,119.114348,126.027748,130.102056,141.428404,142.728663,205.0
5346,5346,110.597113,124.059476,124.968065,133.535182,135.792006,136.42416,196.4
5349,5349,109.297028,119.148483,126.102211,126.502609,144.45444,142.301911,192.3
5352,5352,110.469649,119.023057,127.67294,127.493206,151.227642,151.603336,201.0
5355,5355,106.444145,116.209921,120.841136,129.137955,153.38162,149.165328,192.5
5358,5358,105.434147,120.364654,110.410257,126.458604,151.56662,139.6176,167.0
5361,5361,105.606526,128.233644,106.533488,126.281529,147.767148,132.291813,185.5
5364,5364,127.084276,131.473732,96.780898,133.566624,137.496099,124.586017,212.2
5367,5367,133.77652,129.716314,91.517553,137.319653,139.418786,125.327507,214.1
5370,5370,151.929236,128.52874,67.195469,135.904309,139.907928,124.024582,226.3
5373,5373,153.612763,134.90716,63.201923,124.639054,150.671183,127.937709,233.5
5376,5376,146.375378,133.778517,74.564058,131.977427,143.547738,125.178503,196.2
5379,5379,140.739006,129.358369,83.508878,133.439462,140.144084,125.56068,204.3
5382,5382,136.221189,118.963319,90.895486,131.374571,138.579362,127.377352,240.0
5385,5385,130.163248,119.069412,99.029531,131.512677,133.157074,122.789543,232.0
5388,5388,114.407564,126.403647,110.231193,134.192155,130.288525,123.762401,221.3
5391,5391,111.05002,132.826542,112.931797,134.860512,140.234535,127.710596,216.8
5394,5394,110.413591,136.842566,114.441,134.474174,142.088403,128.808103,198.0
5397,5397,105.791291,139.365439,108.729782,132.753697,143.735498,130.814621,207.6
5400,5400,107.742229,133.826142,111.021751,132.925764,148.746348,130.070512,196.0
5403,5403,112.115916,128.973896,112.29354,130.109863,146.947654,131.423227,178.1
5406,5406,98.472783,125.339652,107.340438,129.6584,146.152762,134.549106,194.8
5409,5409,116.941528,128.492523,108.506582,130.991018,143.750055,133.62963,216.8
5412,5412,119.774739,120.848908,113.40081,134.248787,137.607572,132.168131,207.1
5415,5415,124.334506,122.919641,120.493166,132.941763,130.685578,136.875779,192.2
5418,5418,118.291078,120.555395,121.111889,133.136858,132.643117,135.838772,189.0
5421,5421,117.791054,119.991964,124.410161,134.393638,140.583092,138.639643,206.2
5424,5424,111.115108,116.760933,126.440449,133.256734,145.734585,142.331621,222.8
5427,5427,113.266332,111.405716,128.977994,128.187362,148.343806,146.345141,226.5
5430,5430,109.063365,115.139451,127.92675,132.320615,145.878583,145.215125,216.7
5433,5433,115.260319,116.012483,130.682195,134.901929,131.611212,135.317764,204.2
5436,5436,114.71449,116.198384,129.539216,132.581772,125.878619,126.521778,172.6
5439,5439,110.490247,120.989106,128.619498,129.2354,131.214506,129.556148,166.2
5442,5442,110.816336,122.519523,125.803467,120.349081,137.21219,142.978439,162.9
5445,5445,113.11914,120.497504,118.256772,129.244493,126.286665,140.392901,194.1
5448,5448,108.241853,120.694504,117.304965,127.537612,140.079071,149.575867,179.8
5451,5451,110.916031,121.659874,120.483161,127.086313,138.973798,148.890615,168.3
5454,5454,112.504387,121.106386,118.369521,130.004786,142.591406,142.71806,146.3
5457,5457,103.400758,112.927984,117.061698,107.567982,143.064073,143.929487,133.2
5460,5460,114.383886,127.506934,102.227601,80.973245,137.553648,133.758008,131.2
5463,5463,123.897019,144.11657,83.434678,54.052606,147.659326,149.755696,131.1
5466,5466,112.360823,157.922924,82.081064,33.58815,147.030368,130.699624,157.9
5469,5469,103.555609,166.521566,84.436342,24.695342,152.213612,146.853423,165.5
5472,5472,112.075922,173.534364,88.554954,24.932722,145.406496,152.778469,137.7
5475,5475,125.268752,166.196894,88.500638,25.660877,117.668519,146.397756,131.3
5478,5478,125.706743,162.00808,92.070739,27.367007,133.837569,153.458844,135.2
5481,5481,137.763666,163.3289,89.776386,29.694266,135.731931,166.834779,115.6
5484,5484,133.139339,164.996928,94.863309,28.588173,137.178962,165.586123,86.6
5487,5487,126.430979,167.509163,96.85981,30.693858,140.525152,163.747042,136.3
5490,5490,113.00948,166.537055,102.125267,31.219873,143.199078,163.243939,166.4
5493,5493,110.583052,150.383502,101.883545,41.30559,139.321676,149.749533,149.4
5496,5496,114.805466,146.396457,97.46928,55.849605,137.138145,151.465813,143.3
5499,5499,106.111954,121.90837,106.588408,86.747343,130.059898,133.463618,149.1
5502,5502,101.63515,111.376266,108.837723,111.199009,130.178017,130.06886,125.9
5505,5505,116.891401,122.739579,114.487448,133.169988,137.495727,139.100749,97.4
5508,5508,113.45281,123.328401,118.915783,138.990287,127.174949,123.856146,101.0
5511,5511,113.297834,120.370077,122.512898,139.661868,122.525002,121.81644,124.6
5514,5514,115.036781,130.27073,137.054961,142.228635,119.043632,114.549777,112.1
5517,5517,108.130844,125.837711,135.706725,133.696506,123.312136,116.896707,105.0
5520,5520,99.619644,112.788067,136.443988,124.447836,131.226961,120.267569,100.8
5523,5523,98.201822,113.683816,128.5403,111.251202,133.656497,117.209724,96.8
5526,5526,95.279239,120.791851,133.51878,114.682294,135.088533,122.775499,100.5
5529,5529,100.504794,116.466518,122.580839,119.526492,147.997733,145.533213,73.1
5532,5532,103.552447,117.894658,121.032563,127.440323,143.378061,136.594271,91.9
5535,5535,102.14187,116.789492,125.752156,126.785958,136.513711,127.259667,121.7
5538,5538,110.137189,130.857023,119.733946,130.376142,135.168117,124.580887,105.5
5541,5541,105.585793,133.353666,116.354609,130.70192,140.983709,125.211786,105.1
5544,5544,104.26968,127.658084,122.37715,132.614711,137.954516,132.112115,99.3
5547,5547,99.631927,116.454883,117.031828,127.138547,137.42548,131.209223,81.8
5550,5550,100.810861,122.649412,123.098613,124.011403,145.602536,133.593334,79.5
5553,5553,95.511946,120.497762,126.020873,125.541649,144.492394,115.042776,70.4
5556,5556,95.553608,114.665575,134.74706,123.56251,128.071713,115.329014,91.6
5559,5559,106.641613,132.152686,142.007554,131.61618,123.373101,118.252172,95.2
5562,5562,112.630332,124.557804,137.356973,131.753802,127.677564,131.927853,91.2
5565,5565,104.593927,112.120845,137.408361,130.536487,132.062352,123.685229,83.7
5568,5568,103.294761,115.275216,135.847054,130.855131,136.942152,126.094136,74.8
5571,5571,102.976879,110.880179,135.017181,131.525639,138.19293,126.692767,72.5
5574,5574,109.272101,109.171906,129.190118,134.34573,141.561383,135.520156,81.6
5577,5577,114.680846,111.53933,125.650554,134.983464,148.438214,142.239452,108.3
5580,5580,115.301159,122.683988,112.32026,135.421832,140.360868,132.993966,128.3
5583,5583,113.904125,111.154947,114.798888,132.355261,135.771935,130.835671,99.7
5586,5586,109.626505,115.951757,116.990366,125.267909,133.857325,121.63852,104.1
5589,5589,106.333481,116.732302,105.954831,122.933968,140.006069,130.492484,105.3
5592,5592,98.41923,140.468465,110.230177,80.605396,135.26235,139.586405,95.8
5595,5595,109.106009,145.888842,110.963308,57.380527,141.934351,149.457995,89.7
5598,5598,107.576708,145.19667,94.438846,36.452704,148.054749,161.08482,89.6
5601,5601,107.322327,139.848188,110.797441,33.721048,156.862146,160.990112,98.1
5604,5604,112.818092,145.677331,108.184385,30.187367,157.905695,158.954958,98.6
5607,5607,118.67579,147.203106,121.476402,30.278383,154.285698,160.434137,68.7
5610,5610,119.972877,150.273187,111.388976,30.931539,157.749557,157.066965,54.2
5613,5613,123.232599,149.521062,113.677527,31.21447,157.528936,156.738518,50.5
5616,5616,120.17462,149.761042,105.110522,30.465325,157.33745,159.570275,64.6
5619,5619,127.098229,150.24851,105.456757,29.797107,158.993913,160.452168,75.7
5622,5622,127.821886,145.671646,102.721084,30.944196,157.890421,161.93222,94.8
5625,5625,114.752442,139.151892,113.01928,34.92826,154.006786,158.961806,88.0
5628,5628,102.02953,135.887319,124.320599,53.502599,151.328513,154.114006,77.7
5631,5631,107.430687,121.498246,123.91601,86.690765,126.979509,145.957832,88.1
5634,5634,110.009027,122.297152,126.903457,121.320385,124.380886,142.99409,87.3
5637,5637,114.245678,110.261803,128.602883,129.80055,138.947746,142.08965,75.4
5640,5640,124.654171,124.028206,127.579375,131.138154,140.803796,139.961381,90.4
5643,5643,125.582227,116.926391,126.425676,136.546133,142.484753,138.836435,106.2
5646,5646,129.595752,116.342836,127.294492,137.119466,137.697192,142.094592,97.9
5649,5649,124.601673,112.340464,125.750764,137.69997,139.666531,145.610959,90.7
5652,5652,130.768148,111.705454,127.863469,137.767605,139.774244,140.601544,85.3
5655,5655,124.447639,111.702667,126.560989,136.132935,142.517485,137.172628,79.9
5658,5658,119.563139,107.760792,126.503951,134.005998,140.815356,137.211296,83.3
5661,5661,118.754153,111.148783,124.384535,132.067471,138.660057,138.00488,118.1
5664,5664,118.906743,110.41238,125.485054,131.686055,136.001009,142.68202,101.1
5667,5667,120.847937,121.436108,124.962318,134.84323,132.532127,133.919712,85.7
5670,5670,112.662637,110.767187,127.46804,131.633492,136.313119,135.635179,81.3
5673,5673,119.232891,115.333967,127.691265,131.556716,132.520991,143.502059,77.8
5676,5676,120.209162,114.889156,127.553669,132.186122,127.159581,143.660502,77.9
5679,5679,123.683014,122.832807,125.32592,133.688252,125.418911,135.623806,81.0
5682,5682,118.948398,111.212081,123.361348,134.187444,136.919233,137.642882,97.2
5685,5685,115.378147,111.262033,122.320878,133.201829,128.5893,145.23863,121.6
5688,5688,114.998696,111.966867,123.644513,133.457981,142.05659,141.438638,118.2
5691,5691,115.478336,118.110832,122.773788,136.187106,137.609417,137.325502,104.8
5694,5694,120.164126,118.551853,121.859354,135.349906,124.914492,144.481546,100.3
5697,5697,117.718169,117.754182,123.743303,135.113767,131.667836,134.255839,95.0
5700,5700,120.287717,121.413208,123.402375,133.266403,124.161228,142.283799,96.1
5703,5703,116.727378,119.337903,125.466566,134.751236,130.004993,133.305906,98.3
5706,5706,117.352798,119.116149,127.115193,131.49492,127.383989,147.767965,130.5
5709,5709,122.620891,115.04946,128.770385,132.311444,126.948191,150.730899,141.8
5712,5712,124.720016,121.960279,127.70403,134.12392,129.400948,143.174861,148.2
5715,5715,120.558254,112.760202,127.755613,134.48765,140.855372,140.669582,150.1
5718,5718,121.701809,119.246313,128.185057,132.449944,123.49457,134.033985,149.3
5721,5721,123.440538,117.914984,129.246107,132.263449,127.852044,141.121299,176.6
5724,5724,121.944442,115.809459,129.697957,134.055814,133.039448,138.38357,144.5
5727,5727,126.744448,116.36302,131.687012,135.728011,132.59854,147.915301,132.2
5730,5730,123.951448,120.127327,128.682185,133.474215,118.814379,146.179821,161.7
5733,5733,122.500843,119.746586,126.920466,133.462027,120.881713,152.115733,184.6
5736,5736,116.644303,115.380048,124.313449,131.900703,120.244675,154.118194,176.7
5739,5739,118.967661,117.055072,124.755402,133.164734,118.079129,149.676363,162.2
5742,5742,121.301194,120.251912,124.025433,134.854218,119.670727,146.824471,152.4
5745,5745,126.576707,118.309968,127.899207,135.132338,131.030419,135.986285,123.2
5748,5748,120.790678,112.990897,129.130721,135.799502,138.083744,146.952162,94.2
5751,5751,119.387723,119.539887,126.218614,137.581835,136.062134,138.448309,101.1
5754,5754,126.758344,117.337188,130.524785,136.216385,136.393021,141.823996,165.8
5757,5757,131.5755,115.642968,131.207051,135.528336,117.900727,152.15473,191.0
5760,5760,129.939054,110.81425,130.580764,135.319262,133.565838,149.109947,193.4
5763,5763,120.080433,114.138303,127.494838,134.746351,140.047991,149.740855,167.4
5766,5766,125.387876,116.073135,126.090533,135.409227,130.294769,139.087624,159.7
5769,5769,122.023913,109.346899,128.278311,135.981843,138.728736,148.697247,135.8
5772,5772,123.816652,115.417367,128.33697,134.403219,129.558226,139.305251,120.6
5775,5775,119.127322,110.030653,130.365562,134.061602,135.582255,145.131872,134.5
5778,5778,121.463828,116.259069,129.064173,134.869378,128.265733,145.571792,159.2
5781,5781,125.000371,119.696829,125.9212,134.677289,120.454224,143.154099,159.2
5784,5784,121.424738,117.297784,127.499312,133.694258,116.470469,141.542585,167.1
5787,5787,125.378967,121.433395,127.178088,134.362043,126.818624,138.987554,155.4
5790,5790,122.265798,114.909093,126.913044,134.210244,125.789313,138.413648,129.7
5793,5793,123.562092,115.578862,127.990193,133.759679,132.214528,137.533368,104.3
5796,5796,122.040926,112.701047,124.137341,134.253587,121.72602,146.92105,105.6
5799,5799,120.640279,118.788877,124.841538,133.790817,122.744098,148.981827,97.2
5802,5802,122.546085,117.118205,124.135275,133.980566,126.696406,144.390775,136.4
5805,5805,123.030791,117.51072,127.608993,135.13709,129.246204,139.989506,140.6
5808,5808,123.670789,115.934827,128.044888,136.81891,122.905709,143.522004,118.2
5811,5811,130.166268,118.691364,126.041146,135.233744,132.793707,138.340961,88.1
5814,5814,123.781021,110.532727,127.425361,135.523813,137.502143,149.367906,76.3
5817,5817,122.636135,111.920765,128.967134,135.999298,135.241687,144.55091,48.0
5820,5820,118.928385,117.78351,127.012949,134.959765,134.635337,143.25313,35.7
5823,5823,122.770919,118.928717,126.471304,135.060724,135.085299,139.398674,26.8
5826,5826,123.721735,119.107283,127.454684,135.770973,120.955751,140.0223,25.2
5829,5829,126.142366,115.899489,129.596145,135.276311,130.748838,142.370858,62.2
5832,5832,127.465989,113.613971,129.968641,134.581176,134.02996,141.688738,76.1
5835,5835,119.891498,117.043617,129.261666,129.77006,133.967115,139.879094,54.3
5838,5838,123.991445,132.029584,127.137726,133.721075,128.04443,136.540175,31.1
5841,5841,122.375534,122.989869,127.036856,136.374122,125.326193,143.900775,15.4
5844,5844,118.726456,121.772116,122.577464,136.568448,129.598786,143.067006,13.6
5847,5847,120.11487,117.238225,126.730579,134.630863,131.193863,142.708366,22.1
5850,5850,118.523212,119.595774,127.092726,134.618989,133.390986,144.699491,41.8
5853,5853,118.907191,119.802064,128.251087,135.122379,122.595879,142.236517,58.4
5856,5856,122.644577,122.41105,126.665949,133.770499,126.288492,134.934998,88.2
5859,5859,126.523607,121.245689,126.7341,135.13995,128.832719,138.205034,63.0
5862,5862,113.90569,120.706626,125.507411,133.461689,139.756854,142.010937,50.9
5865,5865,115.811237,125.601199,123.335627,136.224204,125.285712,145.933686,42.6
5868,5868,126.273446,123.09175,127.041257,136.674191,133.688083,138.623524,34.3
5871,5871,123.589449,119.01628,128.722031,137.070651,127.87729,149.402972,26.2
5874,5874,121.041398,117.165701,126.503245,138.187788,137.527439,146.274638,12.4
5877,5877,120.903106,117.187756,128.62391,139.35962,117.880478,148.551239,21.0
5880,5880,119.469023,114.554323,126.563876,139.484768,137.10064,145.764989,68.8
5883,5883,119.580573,116.730058,126.101497,136.469728,135.888694,146.277177,76.0
5886,5886,120.980986,113.440106,127.641813,137.269962,132.253116,151.677382,54.6
5889,5889,121.284396,114.904102,129.105501,135.404346,138.180477,144.547722,50.8
5892,5892,124.953249,120.932008,128.131354,134.968423,122.455565,138.854116,42.8
5895,5895,123.098107,117.624373,125.420304,134.100301,131.668649,137.199084,40.3
5898,5898,115.056044,114.716644,122.110897,132.866769,139.267267,149.776721,30.7
5901,5901,110.370892,116.246796,127.005414,132.192955,130.96845,150.632093,48.4
5904,5904,115.651094,113.921512,127.731995,134.711765,141.126612,144.602599,90.3
5907,5907,123.195424,125.792648,125.036847,134.015796,133.581934,131.907001,73.5
5910,5910,119.309064,117.974064,124.763355,135.35941,117.378946,148.702746,76.8
5913,5913,119.711618,117.88683,127.712034,136.900408,133.178628,145.220919,79.9
5916,5916,110.379985,113.671513,127.498881,135.789528,142.901215,150.89629,75.0
5919,5919,116.372675,113.737291,129.344221,126.772802,147.527196,150.677048,78.1
5922,5922,117.939307,141.815939,128.996787,81.752103,144.158348,141.971084,75.6
5925,5925,110.693972,150.720346,125.119037,47.411101,148.563751,159.79617,137.6
5928,5928,110.59022,141.615901,113.340674,38.371702,150.68058,158.280707,164.2
5931,5931,118.236049,144.320809,120.526967,32.281405,157.908914,157.760408,164.1
5934,5934,118.035675,147.244391,115.918896,31.74432,159.781788,160.924746,153.2
5937,5937,126.39632,148.852424,121.519425,31.492156,159.245525,158.74855,150.8
5940,5940,126.651627,148.835279,118.940867,29.870764,158.916953,160.469728,159.6
5943,5943,127.671611,150.789737,115.667065,29.184282,159.941328,158.380675,180.8
5946,5946,129.533068,150.4459,108.753859,29.228033,161.323988,159.790459,209.6
5949,5949,131.375384,149.292176,124.015425,29.731885,159.534931,160.919523,245.6
5952,5952,130.990376,147.6064,99.997245,30.238669,159.448722,159.62264,244.4
5955,5955,118.673983,141.526782,97.620894,32.617597,151.310238,161.844936,232.6
5958,5958,103.618662,137.224417,98.044668,43.07914,150.535901,160.653426,214.1
5961,5961,107.547171,122.428663,127.273008,74.507313,152.749899,145.103035,219.7
5964,5964,110.769872,123.896235,128.593686,88.736063,144.111478,144.34011,229.8
5967,5967,117.263599,118.361477,130.212613,116.839112,138.444445,139.04382,256.7
5970,5970,124.270072,120.437635,129.749617,129.900816,133.905244,133.913433,269.8
5973,5973,126.853924,116.31201,129.238967,136.882696,132.528353,142.849068,276.9
5976,5976,126.580893,120.223166,127.027183,138.851519,131.064294,140.408457,262.4
5979,5979,132.195581,116.371961,127.518294,139.771013,133.272945,138.777908,247.5
5982,5982,124.75954,115.988741,126.006588,139.251911,134.194153,140.930777,247.6
5985,5985,124.017866,116.008122,129.697547,136.80022,125.002168,141.466347,241.2
5988,5988,121.494787,116.006206,129.874593,137.170334,130.033585,137.742973,263.6
5991,5991,120.236323,119.052906,128.915257,136.314664,134.485601,136.434475,272.2
5994,5994,120.096002,115.926855,125.571547,136.903169,130.726117,150.573551,278.8
5997,5997,123.519714,117.347131,127.184614,136.744967,124.929154,137.448009,299.8
6000,6000,114.949914,112.551761,123.727247,134.052687,137.926567,142.193946,279.6
6003,6003,119.394069,118.066118,125.424881,136.529707,134.982791,141.596165,283.6
6006,6006,123.689396,117.544896,129.076607,136.789005,135.617559,141.457094,300.7
6009,6009,117.205551,116.052433,125.530379,134.568776,141.965103,136.866928,299.8
6012,6012,118.479853,123.901538,126.449455,135.794636,113.347459,143.927229,306.4
6015,6015,120.024638,127.330033,124.31271,135.618764,129.36258,141.220941,284.8
6018,6018,117.988269,128.619427,123.901824,135.87225,132.86798,142.219676,274.0
6021,6021,114.746673,124.580729,119.810479,134.780158,145.176083,134.783129,277.1
6024,6024,113.588796,123.143693,116.884269,134.059144,144.379089,138.722266,276.9
6027,6027,114.363736,121.613366,119.909402,134.625472,128.326839,144.085098,286.7
6030,6030,118.247376,122.891989,123.931656,135.58451,142.859893,136.132182,280.8
6033,6033,116.621586,122.574549,122.114041,134.94237,141.634293,135.923146,277.5
6036,6036,114.892691,121.953906,120.740964,133.32135,133.337529,137.675454,283.2
6039,6039,117.789502,124.650518,120.443654,134.327102,140.089222,134.054568,276.2
6042,6042,115.294549,118.95422,119.519748,133.460801,142.058604,135.125979,268.1
6045,6045,112.637282,119.552035,117.166782,134.887848,141.836709,144.927,274.0
6048,6048,114.756805,119.130472,119.760052,133.091129,140.839043,141.372536,288.1
6051,6051,124.030963,120.94685,121.776024,139.704869,137.246499,137.719152,267.8
6054,6054,123.328485,120.836433,121.194641,139.331706,127.911209,140.065516,255.0
6057,6057,123.46154,119.211877,123.271279,138.291649,136.872625,137.135093,252.9
6060,6060,119.345131,118.123896,118.892567,138.774703,144.526737,137.747043,243.2
6063,6063,117.571686,115.472164,122.781101,136.822665,136.499388,139.389624,237.4
6066,6066,119.174358,125.015067,121.05957,138.268752,138.441419,140.252545,281.7
6069,6069,118.930344,121.786675,118.818506,136.580019,133.431372,135.454325,277.0
6072,6072,117.333427,125.643989,124.391676,137.474459,125.592357,131.097109,266.6
6075,6075,110.335143,122.63923,119.177736,134.871156,133.218653,140.419331,297.8
6078,6078,114.210733,117.691968,124.120469,133.954427,129.214996,146.564933,285.0
6081,6081,118.446543,123.012029,123.155979,134.96491,132.056183,149.398167,261.9
6084,6084,123.689557,125.227219,125.150109,139.025741,135.465914,134.221327,263.5
6087,6087,119.724939,118.520397,123.521813,136.903774,118.611172,147.641105,285.8
6090,6090,120.205965,119.049952,125.717129,136.943574,127.826601,143.903776,281.4
6093,6093,121.181355,117.533625,124.95597,137.602786,129.77019,144.770828,250.7
6096,6096,116.523618,117.683584,123.090623,137.500663,136.908103,140.565732,255.6
6099,6099,114.978665,119.037108,124.896962,135.540294,124.696398,135.417566,252.3
6102,6102,119.499754,122.764887,127.322404,137.452037,126.598572,133.384553,250.4
6105,6105,120.451121,119.538633,123.269793,136.199933,132.368698,135.402387,276.0
6108,6108,119.483979,123.005808,121.537769,136.014671,129.838826,137.312142,271.2
6111,6111,116.044585,118.703901,120.201835,135.645392,142.688402,143.81544,259.9
6114,6114,115.932612,120.005751,120.66087,135.949622,131.485534,141.60147,264.1
6117,6117,116.568079,123.834341,120.311508,135.420217,128.338302,131.551078,245.9
6120,6120,124.120153,126.441557,122.204709,135.45768,138.65184,133.80036,243.7
6123,6123,119.14752,126.517636,121.860438,137.266531,138.979178,134.924333,249.8
6126,6126,117.603739,125.251983,122.457304,137.416502,139.224582,134.582989,266.4
6129,6129,116.778843,124.554554,126.296292,134.018094,135.772523,131.422864,271.5
6132,6132,111.422694,120.926909,122.098988,131.264996,139.534996,138.354849,249.6
6135,6135,106.493274,117.441051,126.579117,126.1665,140.869444,145.908471,242.4
6138,6138,109.366466,118.142571,124.470828,123.693796,138.7253,144.984442,244.7
6141,6141,107.08464,119.333577,121.447683,118.743285,140.687631,137.004995,238.4
6144,6144,104.904705,116.174027,119.444026,120.638866,140.460321,133.903328,251.6
6147,6147,100.453033,122.812198,111.992835,124.591819,144.044692,141.016858,223.5
6150,6150,106.393329,129.991977,109.943621,128.140956,133.407789,140.685098,223.3
6153,6153,111.812812,140.545711,111.3095,130.277471,127.539295,142.784111,235.0
6156,6156,114.423856,125.988563,117.931674,134.496162,123.451165,127.5522,211.3
6159,6159,107.909945,117.530853,123.611435,128.868284,121.934856,122.120567,200.3
6162,6162,105.977513,111.844245,124.275511,130.521812,127.264742,123.579731,216.9
6165,6165,104.95053,109.269605,126.475122,127.340638,130.127285,122.963438,216.7
6168,6168,106.644667,105.396378,117.840432,116.145561,136.181215,126.923467,204.4
6171,6171,104.634095,116.311375,111.520772,95.538488,139.842183,128.604133,188.8
6174,6174,118.304962,128.384674,103.976293,76.690674,142.580332,142.482432,168.1
6177,6177,118.824416,135.85897,104.348345,61.646238,145.024563,143.631785,171.1
6180,6180,111.373718,154.234042,112.494765,38.779178,146.932081,159.838567,174.5
6183,6183,107.196437,162.46717,117.974384,25.275233,146.015565,153.571738,181.1
6186,6186,122.612267,156.501893,104.292229,31.809163,148.308609,153.000469,189.6
6189,6189,139.839227,159.75441,89.488871,29.510209,146.974435,155.32733,180.0
6192,6192,127.27129,157.847067,103.4773,30.317001,148.541962,160.736518,180.1
6195,6195,115.934229,150.107364,112.214784,38.90428,149.734869,160.20195,150.4
6198,6198,112.210422,143.566499,113.311583,55.215051,152.011974,161.843633,153.1
6201,6201,113.881989,128.19378,109.790564,73.77525,148.281391,146.178458,183.9
6204,6204,103.685635,112.174396,115.789971,102.479888,129.03357,125.137272,165.5
6207,6207,108.337824,112.072607,116.400329,114.547939,134.737719,124.563759,145.6
6210,6210,111.867567,118.026264,118.555956,120.567255,137.995435,135.908148,137.8
6213,6213,117.075241,126.823458,113.939247,136.982922,114.068146,150.696476,140.1
6216,6216,108.429784,117.568116,118.876006,142.970774,111.753885,140.050418,128.2
6219,6219,106.362435,116.260363,128.166666,136.642631,119.671573,115.379084,127.8
6222,6222,111.665443,119.068378,136.48774,131.897481,129.618553,120.674404,123.1
6225,6225,115.32187,121.736191,143.399564,131.278292,122.942216,134.174029,125.3
6228,6228,124.404772,121.816436,135.963915,127.558,130.991883,137.111432,127.4
6231,6231,112.74019,108.187853,135.894728,128.330259,137.329994,127.231605,108.3
6234,6234,122.227254,116.218168,124.920847,133.536318,144.851466,130.744911,92.0
6237,6237,127.149347,119.114191,120.967084,136.167948,145.221067,135.915146,86.3
6240,6240,122.513483,121.401482,121.874725,134.536718,129.294731,128.507244,74.4
6243,6243,117.903369,121.14929,115.45934,126.875171,131.57935,133.550754,86.2
6246,6246,113.659742,124.113419,116.358939,131.679638,137.143154,137.074952,115.5
6249,6249,104.942592,119.121643,117.182835,132.192256,148.026613,146.089873,88.6
6252,6252,109.113409,118.40338,116.187994,135.537471,142.959179,151.044942,86.3
6255,6255,112.002513,119.403471,119.34637,134.523212,144.634671,139.592395,100.0
6258,6258,116.570117,115.937028,120.160331,132.530959,132.143512,141.397258,84.5
6261,6261,116.286443,117.747858,120.214068,127.844288,139.556193,136.049219,64.5
6264,6264,121.369011,117.338702,123.999697,127.614294,130.064733,132.770337,70.9
6267,6267,122.0193,120.669129,124.191702,129.919386,138.979868,139.654848,103.6
6270,6270,127.214459,120.32343,126.826937,130.248484,138.107749,145.787969,100.7
6273,6273,122.68449,116.401635,125.094232,129.584625,127.812427,132.002585,100.4
6276,6276,117.697648,122.583434,123.140546,129.014673,133.967709,136.788687,91.1
6279,6279,121.295457,124.37727,122.711451,131.219069,127.90537,150.328374,73.9
6282,6282,119.111979,111.24616,125.003934,132.189339,137.561939,136.672603,68.2
6285,6285,124.469201,111.198836,126.706391,130.248953,138.377262,138.719507,70.1
6288,6288,116.729771,117.14825,121.503099,130.517331,144.067388,142.144628,92.8
6291,6291,118.144158,118.770209,123.015425,133.626253,147.990935,143.916394,127.5
6294,6294,113.426222,118.810658,123.076398,132.675438,144.820081,142.443666,115.6
6297,6297,114.824594,118.613488,123.27175,131.270248,144.154047,142.121984,113.0
6300,6300,120.941165,124.657605,120.231586,134.515139,144.795782,141.938983,98.9
6303,6303,122.665515,122.322997,123.373007,133.05688,137.904281,136.659951,90.2
6306,6306,118.585481,125.510182,122.198168,132.922133,130.817611,138.592158,73.1
6309,6309,119.500763,128.538597,116.169842,130.214706,134.41197,126.221336,71.0
6312,6312,115.785982,133.35449,115.282181,132.360957,132.464121,129.039025,115.2
6315,6315,114.501361,126.319046,120.819107,132.476572,134.433446,133.505991,134.2
6318,6318,116.331488,125.936503,123.453753,133.761639,135.812972,136.592785,126.4
6321,6321,117.020073,118.460942,123.118598,134.188166,137.570758,137.604355,129.6
6324,6324,111.447223,120.747298,121.284996,135.187557,141.484753,139.699598,117.4
6327,6327,113.20156,126.206753,119.08879,135.915121,141.117718,140.929136,98.9
6330,6330,108.460639,118.21328,118.266544,131.691342,130.926919,128.070472,101.1
6333,6333,113.729999,121.643507,117.386642,130.329474,114.322843,110.864086,119.6
6336,6336,110.821133,121.873716,128.284192,128.974454,128.616142,114.486299,151.6
6339,6339,110.380035,130.672554,116.514827,131.542348,130.181221,145.660328,134.2
6342,6342,110.560472,119.018252,127.896605,128.685896,148.657503,141.751727,134.9
6345,6345,110.85052,111.516371,122.765947,130.918216,146.532739,141.179588,102.1
6348,6348,119.079394,126.256099,123.084047,129.711602,134.552133,126.650248,98.4
6351,6351,117.287187,114.543485,118.578774,123.628917,138.186859,134.379861,83.4
6354,6354,105.93686,103.685213,134.808329,127.54876,118.539044,143.155182,87.2
6357,6357,112.490013,109.27529,129.361189,130.6952,132.915844,124.675404,125.9
6360,6360,106.028496,110.261882,126.406295,119.477076,136.503625,125.037151,139.2
6363,6363,113.838874,115.594013,120.106858,130.396098,121.531242,104.207742,116.6
6366,6366,108.291414,121.418639,103.70756,128.990957,122.342471,106.296216,119.3
6369,6369,106.399831,118.384424,113.680684,133.184962,120.999658,111.443227,110.2
6372,6372,106.9876,118.144443,117.341183,130.637938,133.422471,119.286886,87.0
6375,6375,118.5788,137.795089,106.918091,131.686001,129.194646,118.041087,87.2
6378,6378,116.224513,105.659621,118.821659,127.17218,128.157356,124.054833,110.1
6381,6381,116.114866,113.203965,117.154227,128.928125,131.384591,126.29974,111.7
6384,6384,121.667711,121.955893,111.68887,134.019311,145.317232,137.848661,92.6
6387,6387,122.628409,127.327089,111.368863,133.550548,140.008586,137.482967,90.8
6390,6390,125.211254,124.397892,116.179707,129.021233,134.109165,142.482509,62.7
6393,6393,113.755549,122.350255,113.368651,127.124233,144.805684,139.854968,45.5
6396,6396,114.974284,118.262284,116.041449,129.178661,141.479445,139.12884,43.9
6399,6399,114.431773,118.251213,120.255229,129.091986,144.044995,145.827974,51.4
6402,6402,112.408617,118.22051,120.032805,129.165363,143.059455,141.024633,80.4
6405,6405,114.571613,119.426094,113.788578,134.377723,142.781335,139.469398,66.0
6408,6408,115.137366,121.388138,121.585146,136.106044,140.069503,135.789565,37.7
6411,6411,117.445631,122.122205,120.709329,136.553441,139.609605,138.372595,28.0
6414,6414,124.23658,120.238689,122.417901,137.167926,124.436767,139.705441,31.7
6417,6417,124.337702,122.428595,121.872869,136.229524,130.086621,142.238933,30.6
6420,6420,120.971618,114.560575,119.840007,134.562196,135.001696,139.970026,29.1
6423,6423,121.874955,121.039817,122.809943,136.055356,139.432256,135.530645,51.4
6426,6426,116.934155,124.79794,115.496757,136.349173,136.74597,139.856273,68.2
6429,6429,119.344177,120.191293,119.554985,136.227263,133.695662,135.140001,48.7
6432,6432,119.223337,121.084867,120.447641,135.700655,135.254693,137.662275,44.1
6435,6435,118.762151,117.346904,125.095729,136.272782,126.862171,145.04029,35.6
6438,6438,116.3604,115.729091,124.469648,136.55786,144.294235,155.125202,23.6
6441,6441,112.296548,115.930383,122.917756,132.846726,145.944814,144.037624,35.8
6444,6444,111.450856,112.17204,125.979025,134.765138,143.595469,138.83051,87.2
6447,6447,114.876437,116.759229,127.51304,132.470973,144.086894,143.913348,66.1
6450,6450,126.546985,118.933758,130.317191,133.613809,143.802856,148.528424,49.6
6453,6453,120.991598,114.399314,128.891118,132.644688,142.11024,138.824517,50.8
6456,6456,120.052025,110.685436,134.430598,133.379668,144.747522,148.672848,46.4
6459,6459,125.914159,126.622549,120.756857,133.281471,124.879073,119.130398,44.0
6462,6462,120.147176,122.702381,119.794904,133.820038,134.378662,137.566077,28.1
6465,6465,119.209038,113.510162,134.264146,135.770121,123.79108,153.641934,36.2
6468,6468,127.844205,117.111982,129.695863,135.725685,131.827531,143.317767,67.8
6471,6471,130.32633,131.787157,114.158131,134.825519,137.129621,139.554295,61.5
6474,6474,126.490363,129.260508,108.971511,133.831633,142.897535,131.952298,49.3
6477,6477,133.297916,134.181223,107.246417,134.999436,139.233138,135.655769,42.8
6480,6480,129.723576,140.120008,105.533892,136.332457,138.00713,122.627857,111.3
6483,6483,125.850271,132.953291,104.917603,135.619,142.313117,130.705964,76.4
6486,6486,125.169927,129.77988,105.129936,134.720947,147.488613,141.126726,58.2
6489,6489,122.731063,130.384286,106.673376,133.423023,143.032109,133.613249,43.5
6492,6492,122.051959,128.494903,104.851212,133.631268,145.70421,145.680837,35.8
6495,6495,124.34207,130.334868,113.274564,138.159614,147.062023,132.66105,24.5
6498,6498,119.313674,127.225947,110.921757,136.458962,149.643758,130.428572,48.8
6501,6501,117.748219,121.736318,109.383173,135.501376,145.646618,120.340002,72.1
6504,6504,120.138954,122.491488,102.828439,135.388664,145.254785,122.809531,61.7
6507,6507,115.197882,123.176266,102.048251,122.384556,156.823508,129.936996,39.8
6510,6510,121.577883,133.834231,96.657609,115.069816,153.302632,126.900774,37.5
6513,6513,118.698827,122.895466,100.025341,124.527689,157.367552,137.625403,26.3
6516,6516,120.213547,120.218226,103.857706,122.534337,150.337179,136.940202,24.9
6519,6519,124.968173,144.602803,100.45353,117.041555,155.170603,136.903396,49.8
6522,6522,120.766663,124.772502,101.749851,125.769798,153.065135,139.026008,51.7
6525,6525,120.846082,119.412643,99.102245,124.016738,151.638975,132.090023,23.1
6528,6528,115.034936,123.720393,95.261292,117.296009,158.436929,135.421064,12.7
6531,6531,119.670235,120.917866,94.548994,119.037637,156.296233,136.901579,20.6
6534,6534,120.215793,127.22374,94.426461,119.569076,149.991912,124.885623,34.0
6537,6537,118.351429,126.355821,96.050646,117.230554,155.118279,131.150948,37.8
6540,6540,119.875691,128.733239,95.303292,108.568781,163.687787,140.910947,47.9
6543,6543,133.883195,121.146582,89.887316,107.993722,157.378655,132.141027,104.2
6546,6546,125.709347,125.207374,90.200121,113.348269,152.814681,131.140182,96.4
6549,6549,123.759176,126.801279,88.013394,108.391047,160.378119,134.84366,47.4
6552,6552,126.082725,129.920458,89.681029,104.935913,156.586554,135.052631,24.1
6555,6555,131.986845,120.940524,85.334422,107.788887,155.402586,135.46822,21.9
6558,6558,128.976247,124.007134,85.111852,106.74791,158.838226,135.288162,17.0
6561,6561,133.486061,125.072676,83.927182,107.08188,151.255183,124.735291,19.3
6564,6564,133.285565,134.293269,87.510857,104.349718,142.821579,122.849568,36.0
6567,6567,135.87628,138.218693,85.564219,98.276225,135.916334,117.156042,35.0
6570,6570,140.47101,138.793929,83.302556,96.844005,130.626858,110.527946,32.8
6573,6573,142.548832,138.842618,80.885283,96.861182,122.058053,105.762738,47.2
6576,6576,136.372567,138.299672,84.531662,100.8734,124.079704,99.995334,43.7
6579,6579,146.72448,142.146688,78.806081,93.618705,126.416403,103.320198,31.3
6582,6582,144.713865,142.857545,74.629382,89.231434,148.081463,108.6119,22.0
6585,6585,146.597411,141.688798,75.999565,95.601064,129.154318,95.985233,27.8
6588,6588,140.59437,140.865958,84.348161,95.581796,111.108487,87.725283,36.6
6591,6591,146.330917,137.017765,81.649139,100.852537,106.609814,89.72388,32.8
6594,6594,150.037016,135.512905,74.27058,93.792538,118.083304,95.168989,37.0
6597,6597,156.701807,134.395674,70.8467,99.988141,123.930614,99.088211,33.7
6600,6600,157.481406,144.70751,70.740958,89.367181,113.626225,93.544519,30.9
6603,6603,158.75172,131.358976,70.219575,101.804422,117.01478,95.052181,42.9
6606,6606,156.305364,126.450947,70.489974,101.464821,121.792336,96.949919,59.2
6609,6609,151.365992,121.945129,71.879344,109.555349,121.909631,91.335999,90.4
6612,6612,151.351596,112.762927,77.006855,114.03213,97.73438,79.386359,82.1
6615,6615,151.572146,123.016927,73.459077,107.690874,99.560714,80.997678,90.2
6618,6618,154.395933,124.727578,71.431954,112.622257,96.066803,90.097572,90.9
6621,6621,155.494574,127.634971,71.873982,107.278781,105.262359,93.189582,80.1
6624,6624,158.416078,135.440278,71.197951,103.051947,91.455872,105.177103,67.3
6627,6627,158.610187,129.652074,72.212101,107.368712,95.605523,98.242007,58.9
6630,6630,160.350858,128.973533,72.649169,106.566845,93.872872,89.924143,110.4
6633,6633,155.900017,130.576164,77.28826,101.274594,91.25779,108.381799,81.8
6636,6636,155.625268,132.864002,80.201348,98.748829,90.550848,98.607437,74.8
6639,6639,161.272094,124.563884,75.004958,106.47042,86.942734,101.155843,67.1
6642,6642,159.397464,126.331049,77.309893,101.811521,79.432192,101.206244,51.8
6645,6645,160.175209,127.347994,76.084274,98.040481,71.831676,102.891775,56.8
6648,6648,159.19164,119.605175,81.740212,104.200141,75.700333,111.018788,60.3
6651,6651,162.931815,116.539224,76.387253,108.509103,76.493884,106.966378,87.9
6654,6654,164.181832,122.303563,76.500035,105.200799,73.713504,109.159922,92.0
6657,6657,165.161577,128.872256,71.340323,99.258754,85.870109,111.310478,73.9
6660,6660,168.440465,127.683427,68.341063,101.356227,86.04668,104.033327,67.6
6663,6663,147.322017,130.134942,73.792003,99.23136,83.070918,108.887381,83.6
6666,6666,168.80512,133.637101,66.356599,98.407574,85.15341,91.952776,93.1
6669,6669,168.903297,125.441825,60.229992,98.021867,99.233457,94.591985,73.9
6672,6672,165.488926,125.426441,59.092855,99.777916,96.476575,89.596392,103.2
6675,6675,163.928667,129.357381,55.327569,97.157196,93.827387,91.098708,106.1
6678,6678,160.924579,132.549302,64.812066,97.84803,91.3446,84.708979,89.8
6681,6681,160.657384,125.329464,58.309493,104.707821,83.925885,76.75707,84.9
6684,6684,150.826957,123.163829,55.830038,106.342069,91.25213,90.983327,96.1
6687,6687,153.954271,121.629322,55.30265,103.035885,102.816087,99.980819,81.4
6690,6690,154.729184,121.588518,54.901633,103.613072,102.608215,93.728901,72.7
6693,6693,153.666146,123.510039,58.635865,104.72427,104.394449,85.869369,77.2
6696,6696,151.403882,123.113251,56.00527,105.438659,105.601943,86.428437,83.4
6699,6699,155.720841,118.991171,55.660625,103.287036,106.207317,86.093554,93.5
6702,6702,152.367714,116.127083,50.298371,101.149097,97.283926,84.02505,80.9
6705,6705,128.733606,118.572487,47.57697,98.82757,108.177372,84.026475,83.2
6708,6708,147.197062,114.981069,48.80526,102.437011,101.783374,95.827677,79.6
6711,6711,155.50765,115.436205,49.690862,107.256144,106.267641,87.297387,56.8
6714,6714,155.489084,118.423014,42.509983,97.823715,91.143902,93.287133,86.8
6717,6717,161.404102,128.651655,41.648565,84.876962,91.196208,89.683498,110.5
6720,6720,156.157225,122.985504,41.710089,93.826782,88.635414,91.18146,91.5
6723,6723,163.371033,122.849551,42.611735,94.95051,95.911606,94.865109,79.8
6726,6726,161.30287,115.756979,39.632478,101.690597,90.446229,84.952652,74.3
6729,6729,137.4566,120.468012,35.789354,99.530582,91.501545,80.438509,52.5
6732,6732,124.493973,124.643223,41.088588,105.173261,99.38041,79.436916,51.2
6735,6735,119.419988,117.726896,39.563391,112.172502,97.213332,83.701527,42.7
6738,6738,119.88668,125.705579,39.88066,114.396291,101.89507,78.175666,64.1
6741,6741,148.794596,130.69221,41.00083,101.071672,104.99399,77.209565,89.8
6744,6744,152.939444,131.649908,41.646779,97.150219,109.493068,84.666646,76.6
6747,6747,139.464283,123.14841,36.580445,105.724943,99.760979,85.319739,56.8
6750,6750,139.39762,146.223038,31.196207,71.784459,93.992077,72.29838,42.8
6753,6753,137.724911,121.906522,34.558874,106.707398,102.34634,84.881127,32.7
6756,6756,152.571428,133.321422,33.991158,93.698652,95.341699,79.437844,35.9
6759,6759,139.096833,116.598089,33.923778,112.385546,99.740131,77.413252,37.9
6762,6762,155.70258,140.05861,37.48052,80.464307,100.093012,82.78975,64.8
6765,6765,121.427823,135.588366,29.774083,90.566058,93.816155,78.013756,61.1
6768,6768,152.086118,122.377824,26.757942,100.637319,96.889928,75.362513,54.7
6771,6771,137.301624,118.727773,23.844022,99.324857,90.720711,78.279262,36.2
6774,6774,172.556007,133.203248,25.763719,76.039775,84.547911,61.829362,44.1
6777,6777,168.105413,127.982861,28.008255,87.205241,93.938444,67.6916,69.3
6780,6780,166.866781,121.356652,27.304754,99.092273,94.949918,82.874212,73.5
6783,6783,164.561595,104.191359,18.176857,106.910925,78.3645,71.378634,61.2
6786,6786,173.821786,147.152605,22.596747,64.80485,94.167465,83.964116,68.3
6789,6789,172.057239,119.641598,20.867614,90.849421,86.635837,75.256821,51.0
6792,6792,169.272079,116.617932,17.240221,89.900794,67.512016,80.177926,44.0
6795,6795,158.758745,117.809681,19.434102,85.206416,60.549434,71.425804,34.9
6798,6798,173.929517,123.436794,16.824978,87.069481,66.411069,78.563178,23.8
6801,6801,161.119155,131.033108,20.786433,75.731774,77.712132,74.752226,26.3
6804,6804,157.527473,128.431233,19.110816,83.284783,77.14279,63.271925,36.1
6807,6807,149.949895,123.546372,21.471972,97.089129,87.974572,66.567644,48.3
6810,6810,167.198772,123.673049,17.985725,86.264726,70.730535,55.583874,51.2
6813,6813,162.600221,132.306657,18.793513,86.356737,83.692592,69.922198,28.1
6816,6816,169.485618,135.148973,24.037191,82.557513,90.165571,99.062986,26.0
6819,6819,166.296714,135.907196,21.022226,89.31292,95.640936,105.521737,21.8
6822,6822,164.428388,145.046001,21.105891,67.376055,82.478322,104.769527,32.1
6825,6825,175.049085,115.714847,18.690131,97.408531,86.97846,104.395946,40.3
6828,6828,169.483742,126.712945,22.07734,85.556386,87.310635,82.983808,31.7
6831,6831,159.61017,135.967988,22.432694,77.549819,63.870238,76.164619,48.2
6834,6834,161.12688,112.144058,22.221966,104.613659,93.150104,83.671335,42.2
6837,6837,164.659488,117.512851,23.142735,87.915654,61.463279,79.19936,54.3
6840,6840,131.312506,138.613205,31.024677,84.416399,93.568276,72.072021,41.8
6843,6843,130.822433,122.900799,35.478264,106.939662,108.381409,80.858945,44.8
6846,6846,147.495269,145.778089,42.207734,102.692582,107.912687,76.695948,40.4
6849,6849,159.997223,112.248744,49.994835,115.513092,116.902864,88.062093,28.3
6852,6852,146.657204,128.368373,49.103327,112.556667,112.703223,92.684422,28.7
6855,6855,156.876218,137.541288,56.043537,108.365984,112.420027,83.435171,39.2
6858,6858,139.997019,134.41107,50.311693,107.657224,90.408179,84.20933,58.7
6861,6861,158.135773,128.673427,51.587487,106.376442,99.769593,87.873942,45.5
6864,6864,158.554644,136.117576,49.724771,94.97172,93.399017,85.713568,48.8
6867,6867,154.728355,136.382073,54.929324,104.935359,99.519996,90.140577,37.9
6870,6870,156.511718,128.932903,54.564819,122.236367,101.013461,96.344371,36.8
6873,6873,150.269105,134.460791,52.832862,123.860501,103.65345,96.737841,27.7
6876,6876,153.658665,142.875316,55.967336,122.616924,118.186483,101.333539,34.1
6879,6879,154.183566,131.302255,49.44074,125.718166,125.565978,102.455471,44.8
6882,6882,154.650725,133.607082,51.292491,119.81391,124.034794,94.722695,50.7
6885,6885,157.419342,134.973234,52.287424,120.933905,119.362858,90.002361,34.7
6888,6888,158.001052,135.88581,53.913288,120.785059,130.107211,92.519783,23.5
6891,6891,157.659056,130.178559,54.430956,119.307035,135.767994,98.717802,23.5
6894,6894,162.061792,139.889658,52.988327,122.884727,136.11813,104.040098,27.2
6897,6897,165.709023,144.633968,54.869322,122.421593,134.04582,97.385671,25.8
6900,6900,166.419324,137.065729,55.929455,124.412703,133.489791,106.164885,47.3
6903,6903,166.601283,144.268004,54.237273,127.75249,145.130271,113.025394,52.0
6906,6906,163.979532,136.891888,54.029659,122.541302,153.123199,113.782904,54.3
6909,6909,168.750347,138.465247,55.312929,129.729325,142.25896,112.904811,59.2
6912,6912,166.614232,125.415308,54.676772,125.946413,157.2908,118.500725,44.1
6915,6915,167.626434,120.876637,53.410959,119.609362,158.445007,121.271136,34.6
6918,6918,159.375789,126.293147,52.673564,108.920483,165.207664,127.900303,51.4
6921,6921,155.496573,132.174739,53.573996,103.078156,167.328308,132.563482,67.5
6924,6924,160.904461,125.188086,53.648564,114.640271,169.349071,133.960709,76.4
6927,6927,164.345719,119.99634,54.989031,116.466946,164.396002,132.574327,51.3
6930,6930,157.176233,122.58993,56.65507,118.66292,171.185257,136.231985,68.5
6933,6933,157.173757,124.388508,56.474815,117.086076,168.660676,138.930194,61.4
6936,6936,158.953465,115.946817,55.898629,115.377205,165.028954,135.584959,57.3
6939,6939,157.950908,122.198191,55.726146,112.831559,167.397697,136.963248,62.2
6942,6942,156.245735,124.707841,55.092711,109.690996,165.361117,134.867126,94.8
6945,6945,154.796105,126.949227,53.953399,106.737987,160.907292,133.705432,124.2
6948,6948,158.617347,139.489687,55.405429,109.652642,157.430925,132.690937,119.9
6951,6951,150.049434,141.783244,54.462914,95.630458,163.018934,137.959756,128.1
6954,6954,154.592709,150.559754,51.439311,94.16801,150.76785,141.162025,147.9
6957,6957,153.139718,141.20289,49.496579,93.744209,144.805361,143.892495,148.8
6960,6960,156.700678,141.841228,46.960951,89.603887,124.481508,147.03937,145.0
6963,6963,159.628604,149.300792,43.877951,76.507896,125.912982,160.904592,187.0
6966,6966,164.275634,154.548346,40.922684,65.819317,127.895809,165.486511,197.6
6969,6969,158.770005,156.560612,40.659119,57.148462,114.146104,168.150251,186.8
6972,6972,151.681376,162.693036,43.177867,51.516538,113.300218,168.468434,203.9
6975,6975,155.657342,155.042546,43.773184,51.077562,150.97606,167.996915,191.2
6978,6978,158.371564,147.448887,43.959158,62.331489,144.242622,169.375614,193.9
6981,6981,152.382887,123.415883,49.003587,120.958918,159.301775,153.545645,189.2
6984,6984,144.323892,132.024848,50.874178,58.78345,121.424229,159.715706,193.4
6987,6987,154.765636,163.430423,42.081528,57.350503,128.396563,165.819758,213.4
6990,6990,150.167864,86.016148,45.520983,75.631025,101.485555,170.433038,210.5
6993,6993,155.140333,146.815182,43.235537,57.203709,130.110217,166.076806,207.1
6996,6996,150.706879,149.225622,44.95638,52.606479,134.124591,158.588268,214.7
6999,6999,150.62601,129.816947,43.627859,48.672929,100.388356,167.289682,246.9
7002,7002,148.900529,104.427722,45.973352,47.175074,79.801282,150.032284,260.2
7005,7005,143.546632,72.218045,49.023182,74.104698,83.024923,165.71205,239.7
7008,7008,146.338287,106.33955,49.745129,56.601008,96.628419,162.41677,250.6
7011,7011,148.007093,155.064274,49.076304,42.049271,105.078849,162.085142,255.7
7014,7014,151.19574,169.083409,46.466455,35.471174,77.610881,149.281098,249.7
7017,7017,139.876723,103.727596,52.707249,60.283057,92.045113,169.072931,284.3
7020,7020,137.010924,118.664732,52.193981,56.796527,121.488592,164.836051,276.9
7023,7023,146.931112,160.754037,47.969295,28.602514,101.588079,164.342138,257.4
7026,7026,140.940199,165.079156,51.798208,32.905614,128.930713,141.360358,231.6
7029,7029,133.208617,163.061765,52.299333,30.42277,113.565388,172.264482,224.9
7032,7032,135.183414,167.865056,52.028875,28.140617,125.061415,170.424417,219.7
7035,7035,130.151391,171.619797,55.830138,30.337047,139.123011,168.543667,218.8
7038,7038,133.608244,169.878626,54.154566,31.40107,119.643704,170.140841,243.1
7041,7041,126.586958,165.232446,56.234758,32.094306,127.759058,175.832733,246.8
7044,7044,115.227985,165.255397,57.666242,32.26583,134.928101,174.764335,244.3
7047,7047,128.574343,169.969759,57.076756,32.612713,120.309073,175.142008,234.5
7050,7050,122.092408,168.332997,58.009506,35.213232,131.957905,162.455196,224.5
7053,7053,122.773355,166.680365,59.440577,31.776199,142.60873,164.740273,218.2
7056,7056,116.319255,174.351283,62.565557,33.190004,119.444245,158.405695,209.2
7059,7059,124.989866,168.082571,62.905068,32.227817,116.507867,159.902462,237.0
7062,7062,115.348212,169.362271,67.387294,32.849037,108.682816,157.277328,232.2
7065,7065,122.606762,165.756025,67.241272,32.173031,129.761272,148.038512,222.2
7068,7068,117.820052,165.736482,66.990736,31.74114,127.307245,170.819295,209.5
7071,7071,116.007871,161.29297,71.699295,28.013747,107.062071,163.975379,193.3
7074,7074,122.560074,161.290232,69.568383,35.349086,115.52352,143.12454,202.1
7077,7077,101.041452,162.723168,69.29034,31.156328,140.079919,153.957976,242.6
7080,7080,120.040024,161.234141,69.792835,33.13424,103.921851,166.623158,246.3
7083,7083,118.258825,154.903125,78.359072,44.811475,134.999157,138.514199,237.7
7086,7086,117.410592,161.590826,79.617897,43.79303,119.305432,134.021949,228.6
7089,7089,114.667819,161.648647,85.144818,44.049122,119.052176,127.859752,200.9
7092,7092,113.926453,168.474632,86.989017,44.403262,118.092699,117.012231,184.5
7095,7095,106.63491,170.397901,94.70382,43.271241,113.376825,113.202679,211.3
7098,7098,109.578425,168.328762,95.206335,42.389009,101.666115,115.851492,232.4
7101,7101,106.074827,163.168245,95.774213,43.374352,109.290282,122.807803,236.6
7104,7104,107.107788,166.148036,96.215855,40.718115,116.630987,128.791848,250.2
7107,7107,108.913342,166.755924,98.194876,44.037132,112.011973,121.22604,229.2
7110,7110,109.62181,167.123342,98.652776,44.206079,111.786272,114.052847,204.6
7113,7113,118.678651,168.065672,90.846434,42.824635,113.651952,118.423607,215.4
7116,7116,120.835191,168.125099,90.823024,43.958287,111.829791,121.743099,248.5
7119,7119,116.137656,165.861505,95.444229,46.961254,111.585018,116.096542,243.7
7122,7122,118.754328,168.596988,91.900864,43.971425,115.613806,122.842808,237.5
7125,7125,128.600926,169.725341,83.352392,43.114552,117.860903,126.69052,229.6
7128,7128,117.863504,165.807442,94.239365,46.635502,116.502065,127.682338,194.8
7131,7131,111.409933,170.829726,102.126054,45.176617,118.085692,118.617161,185.7
7134,7134,120.168357,165.331441,95.994533,48.610169,112.956002,125.980865,194.7
7137,7137,135.204129,159.961786,80.978246,48.550301,113.972401,145.212333,210.1
7140,7140,123.536149,163.0607,93.803287,47.957651,115.192052,132.190299,202.4
7143,7143,124.921715,165.649176,90.042195,46.644943,113.768732,134.292062,200.9
7146,7146,132.888293,167.367925,82.820836,45.345418,113.460915,140.064581,203.2
7149,7149,130.951596,163.83928,87.236028,46.757491,112.036743,141.831171,190.8
7152,7152,130.750512,152.394998,89.282674,44.010471,116.587419,144.107757,184.6
7155,7155,134.445764,133.979868,87.807704,44.483789,118.164704,147.329162,200.1
7158,7158,133.736805,149.108067,89.755994,45.441665,110.646819,148.297198,190.5
7161,7161,137.247654,126.998294,94.614772,44.02868,115.642892,150.693382,202.9
7164,7164,129.536381,145.58955,101.443589,39.904962,118.724573,144.483509,208.4
7167,7167,120.078392,131.964486,108.177659,39.233556,117.400174,142.42536,172.9
7170,7170,115.394699,136.317313,112.283478,49.574014,112.269977,144.218835,154.9
7173,7173,123.944865,152.207565,103.300934,46.295405,102.803637,132.419364,169.9
7176,7176,134.349753,146.722683,92.827537,45.329397,102.795198,137.143592,177.1
7179,7179,131.490276,161.024868,99.572784,43.336815,115.52349,157.564621,176.2
7182,7182,122.557971,163.405333,115.027505,40.458544,111.365989,156.517831,165.8
7185,7185,141.106446,109.846339,111.932017,75.762162,100.200021,151.3917,136.6
7188,7188,116.740852,147.015418,118.559551,54.616012,105.369245,147.345205,138.5
7191,7191,129.362048,150.22563,107.047468,43.889661,103.498595,136.888406,165.1
7194,7194,147.29342,130.52823,99.34447,48.9109,97.013417,143.610268,195.7
7197,7197,118.339831,157.13628,117.901603,46.56887,107.573981,139.512445,192.5
7200,7200,143.236947,151.087283,104.572945,44.257159,102.080756,144.427135,173.9
7203,7203,111.47346,152.362215,124.676362,43.311059,107.315148,139.248932,166.7
7206,7206,125.247913,155.062293,108.850701,42.464465,105.282991,136.040444,148.7
7209,7209,123.272881,157.956266,116.730896,41.782806,111.755949,139.199619,136.2
7212,7212,133.136979,159.126104,99.572767,41.154036,113.655007,146.559919,144.7
7215,7215,126.514162,141.265599,109.318889,44.403571,116.124526,147.814255,169.7
7218,7218,127.186158,165.546912,107.723489,42.085557,115.694023,151.266093,169.4
7221,7221,119.607911,160.339175,110.779245,38.674322,111.053461,142.910378,167.1
7224,7224,122.124334,142.15143,108.699589,38.468982,117.188222,147.074494,148.4
7227,7227,129.224717,161.866185,98.723737,34.578189,121.480571,153.494664,149.6
7230,7230,131.178118,164.379633,91.730775,33.011478,120.265481,152.212165,148.9
7233,7233,128.319616,158.01015,93.530143,35.74175,114.899461,140.249179,163.4
7236,7236,126.444772,160.640265,99.237689,33.908971,118.463303,145.418072,167.0
7239,7239,125.675538,164.043776,100.822545,36.562647,128.442831,153.32084,156.4
7242,7242,121.524874,159.014718,104.850139,42.525584,127.582798,151.912373,148.7
7245,7245,120.028965,155.516937,107.226122,45.353039,128.224599,146.538018,127.4
7248,7248,114.985492,158.364503,105.116363,44.126725,128.392401,142.763329,119.7
7251,7251,117.093027,160.815094,107.538861,40.836813,126.374912,148.03067,100.7
7254,7254,118.180106,161.680978,105.81807,39.551014,131.429104,153.194857,109.6
7257,7257,120.514793,163.61959,106.367589,39.93873,126.106814,142.43464,139.8
7260,7260,119.856165,161.313101,105.897377,40.691728,123.539209,143.550095,149.0
7263,7263,124.765103,162.046351,100.918687,40.266508,119.935363,144.326558,148.2
7266,7266,125.219693,158.431949,101.089554,41.090408,122.998154,145.700522,196.8
7269,7269,115.219973,160.522921,108.714965,39.753797,128.884021,142.685453,191.9
7272,7272,114.199976,155.864934,100.57456,41.42272,129.765124,141.241465,206.1
7275,7275,125.895987,161.634301,88.057305,40.064801,138.895146,143.676992,220.6
7278,7278,123.507439,161.241955,83.16173,39.473468,137.392584,143.300522,199.5
7281,7281,148.40437,167.937367,41.565562,35.233402,143.663301,147.773993,207.7
7284,7284,152.033337,161.043666,47.137918,49.13132,131.44699,129.369343,195.8
7287,7287,153.734745,160.156564,29.743793,37.916766,108.076895,134.894642,195.9
7290,7290,158.23609,149.6935,33.66063,48.754591,105.298951,107.742901,198.1
7293,7293,163.387597,156.729163,29.284817,40.516119,103.933498,123.439183,181.8
7296,7296,154.370119,151.231288,31.956063,46.595182,134.2961,142.261104,208.3
7299,7299,154.509491,145.606161,33.900696,53.674936,115.527129,124.336716,202.9
7302,7302,147.484914,151.962546,39.421518,55.709861,122.185263,121.991046,226.4
7305,7305,157.986837,152.986604,43.175253,50.92981,91.570817,64.843328,181.2
7308,7308,154.103067,153.743626,45.557658,47.06504,106.971378,63.290683,139.1
7311,7311,147.167229,152.517044,43.064257,54.754709,93.444574,64.083446,101.6
7314,7314,152.055104,152.195104,39.273108,50.805815,104.912713,103.506567,89.5
7317,7317,147.774283,153.134364,40.926629,49.891307,116.719702,120.175115,74.0
7320,7320,138.755283,154.731809,39.733056,50.062302,137.205444,137.118959,66.3
7323,7323,149.580064,149.839698,35.034093,47.612946,154.821931,146.198951,54.8
7326,7326,161.386716,152.405947,30.942034,48.850552,158.009094,149.744716,56.6
7329,7329,153.431253,150.472358,33.336423,47.350095,145.204154,135.825316,114.6
7332,7332,155.005682,152.022172,28.72947,34.843488,155.904594,144.955382,118.5
7335,7335,156.108185,147.9236,31.331378,51.775172,140.691271,136.379615,90.2
7338,7338,173.302979,157.43889,31.281925,43.928165,134.7372,131.25686,94.6
7341,7341,165.536156,155.897831,33.010213,44.292719,134.11023,127.518829,96.5
7344,7344,165.191977,149.410198,35.945312,50.766525,142.518164,144.827847,71.9
7347,7347,157.063944,144.72404,40.345134,59.566811,151.133758,153.524541,57.3
7350,7350,166.304838,146.106057,35.257472,56.631008,127.676812,143.232585,48.6
7353,7353,158.958832,147.345276,44.705447,61.003147,135.192046,138.856296,74.6
7356,7356,159.825672,140.304864,47.799416,66.469922,155.256958,146.96636,112.5
7359,7359,169.303698,147.886691,37.922033,51.967148,158.070982,150.989911,123.3
7362,7362,167.404094,144.03139,39.025874,54.376853,158.652698,148.742795,106.2
7365,7365,172.027913,150.8613,32.538967,45.507244,164.713657,152.183982,95.3
7368,7368,167.414116,144.56205,34.286945,50.309986,151.933221,152.649085,85.3
7371,7371,169.740126,144.126589,37.331749,57.08906,146.482304,145.69084,58.9
7374,7374,169.476324,141.862817,35.490655,53.871925,157.247763,150.082917,59.0
7377,7377,172.031516,147.405898,34.841559,53.527036,158.694594,150.650659,80.4
7380,7380,171.651645,144.381371,36.123919,57.145113,162.184554,150.046285,126.8
7383,7383,176.683079,142.327735,35.116949,56.730912,154.287389,145.851777,121.3
7386,7386,166.388403,149.752719,37.684143,48.517744,168.869881,149.573555,111.4
7389,7389,171.19106,139.357471,37.089297,55.55171,173.77937,149.561162,95.4
7392,7392,166.727211,148.923346,38.297462,48.013679,176.814661,149.706843,89.2
7395,7395,169.233828,145.265607,37.939043,53.747065,177.012159,150.212787,86.4
7398,7398,175.714025,144.379881,34.628794,50.645208,177.118853,148.932011,85.1
7401,7401,159.473975,140.431047,37.278769,53.231028,178.221435,148.131373,95.4
7404,7404,163.151472,134.733743,38.300577,54.741536,173.437876,148.286125,112.2
7407,7407,164.02148,137.414497,33.387312,54.770916,177.326147,146.406993,115.3
7410,7410,159.793622,133.665052,38.902331,55.074044,178.786364,144.45527,88.8
7413,7413,176.532255,130.044291,40.610421,63.139549,158.138092,131.750019,91.4
7416,7416,175.868081,130.992247,39.256155,64.088162,159.288601,130.533709,87.4
7419,7419,176.911666,129.415605,42.182745,64.951758,149.757232,117.994926,79.6
7422,7422,170.950484,134.218598,39.829554,64.057061,141.950928,118.030733,113.9
7425,7425,174.515616,131.416772,36.701819,66.465659,138.361641,113.943965,131.5
7428,7428,175.84466,134.428278,38.943041,66.798677,129.316563,113.415568,111.3
7431,7431,174.488214,133.543423,40.42624,67.174512,132.177898,114.889968,96.2
7434,7434,168.050159,134.461004,37.644174,69.120783,118.364872,107.324817,85.2
7437,7437,178.09712,142.404265,44.393612,59.755916,151.578234,111.514949,94.3
7440,7440,174.373331,137.926308,41.3135,66.388021,125.712563,121.967752,100.8
7443,7443,168.652209,135.549368,42.580127,67.301912,120.371475,106.635176,95.6
7446,7446,173.707601,138.159359,42.852775,70.52924,127.175714,103.831855,132.2
7449,7449,171.553017,137.151339,39.565808,70.46473,122.040755,98.695354,105.3
7452,7452,165.545918,139.624923,40.019886,68.055693,120.929911,99.661332,100.5
7455,7455,172.644592,143.464413,44.917858,68.460827,127.94363,100.289454,109.1
7458,7458,167.844537,144.711908,42.041816,69.300693,120.261222,98.823734,106.3
7461,7461,165.714446,139.80766,42.061747,72.715347,121.290845,97.264589,99.2
7464,7464,176.023918,135.466474,45.616271,75.892812,117.753501,92.039416,99.3
7467,7467,174.841375,140.049736,44.031659,72.816099,115.4054,85.596911,130.4
7470,7470,168.927289,129.192496,43.533542,82.723105,110.038541,86.947427,150.0
7473,7473,176.370492,139.309806,46.014904,76.078478,113.980365,82.926905,140.6
7476,7476,172.52202,138.643718,43.61156,74.070378,131.646561,104.214083,118.7
7479,7479,175.164104,135.946868,43.83864,77.615895,145.62489,119.644027,112.8
7482,7482,175.089149,137.397997,41.879047,74.031878,145.76678,124.295944,107.6
7485,7485,169.036501,143.143402,40.606022,70.07407,148.635473,128.452999,113.4
7488,7488,171.764212,150.191574,43.282259,70.589658,141.478175,124.869371,132.8
7491,7491,167.483784,146.368033,45.428638,71.124896,131.492707,113.161677,118.0
7494,7494,157.051157,132.502321,40.314823,84.993432,118.264773,103.090321,88.8
7497,7497,147.777765,132.476774,41.718924,87.840595,110.411648,92.686799,76.5
7500,7500,119.732229,122.806095,40.112853,100.076407,108.832543,88.698224,71.7
7503,7503,143.454188,129.283213,40.68098,92.461667,113.344138,88.020351,80.9
7506,7506,142.450267,130.784559,34.714846,93.926305,104.602809,87.081783,102.0
7509,7509,148.657198,134.441833,35.114954,88.62759,97.112573,79.503012,118.9
7512,7512,143.353823,123.473347,36.782033,99.888219,99.510229,83.676729,106.7
7515,7515,129.464644,137.287542,33.638862,95.383426,100.388432,81.447582,90.6
7518,7518,129.177886,139.425796,42.735347,96.659094,105.853747,79.599146,78.0
7521,7521,126.662728,143.034107,41.446344,90.918843,97.239917,75.503485,49.3
7524,7524,110.520918,139.497315,47.881637,95.763809,98.245848,82.740086,43.7
7527,7527,121.047192,139.086082,37.383684,91.800544,106.622014,88.233703,49.0
7530,7530,133.916894,146.840915,39.979712,94.107959,112.533436,88.561242,68.9
7533,7533,156.164053,148.667047,66.192736,102.495598,124.342371,92.085834,65.3
7536,7536,138.391906,154.304754,50.386792,95.646026,114.758049,86.574316,50.0
7539,7539,130.792489,153.655653,44.58547,93.406242,117.287677,89.305456,39.6
7542,7542,150.653845,151.451294,57.77542,100.07587,116.845112,91.681744,65.1
7545,7545,123.764598,160.797745,41.665817,92.984405,113.643376,86.061107,68.5
7548,7548,154.642372,164.225029,53.251276,82.507615,114.514678,88.688542,67.5
7551,7551,115.20028,156.953948,32.728618,84.527127,104.429096,90.299207,74.6
7554,7554,131.536304,148.074621,35.401264,92.039493,107.801433,88.618057,48.1
7557,7557,156.631315,146.265511,34.371562,83.757226,100.831152,91.842363,69.6
7560,7560,161.05685,164.400532,42.397516,73.745237,106.792617,87.655391,72.1
7563,7563,152.038259,148.197158,32.293341,78.943483,95.807056,90.146521,42.8
7566,7566,147.281134,151.963046,38.881306,79.705188,113.004601,88.597829,40.0
7569,7569,145.191709,139.948192,44.354318,88.500549,110.044605,82.523629,52.1
7572,7572,137.852618,143.841701,47.617707,95.549307,114.63965,93.215529,93.4
7575,7575,127.914896,134.700954,48.398267,94.028291,113.789653,94.513369,104.5
7578,7578,146.687945,142.672358,45.710789,90.397453,121.090565,92.39228,77.8
7581,7581,163.406886,128.96644,45.181356,99.655609,117.897885,91.172774,73.8
7584,7584,166.471413,136.060587,40.940198,90.197744,114.036521,87.56607,85.3
7587,7587,160.622263,125.245742,41.768195,98.785375,120.826167,94.391468,103.7
7590,7590,157.110337,128.659935,41.926666,88.354862,119.961106,93.243394,145.8
7593,7593,158.902082,133.194567,40.917004,83.953406,137.75956,105.903876,156.7
7596,7596,171.929065,126.304532,50.26358,87.3146,154.224261,117.924518,189.3
7599,7599,170.879218,129.493337,54.491311,81.475462,152.205565,106.897766,155.3
7602,7602,171.811124,135.157112,52.323834,74.250981,149.489089,102.506619,140.1
7605,7605,159.241882,147.347532,50.071184,61.379127,160.249249,114.70049,124.6
7608,7608,162.839569,152.974765,45.945382,53.643914,161.548652,128.753286,83.3
7611,7611,160.413988,148.757782,44.871233,57.216325,152.98921,125.60017,50.5
7614,7614,153.079568,152.292507,42.161718,54.603635,159.694189,133.425404,81.7
7617,7617,174.67432,150.631494,47.101093,52.583084,153.693751,137.141556,114.2
7620,7620,165.58672,147.043841,37.088795,52.941705,147.85945,138.373224,129.6
7623,7623,171.318791,154.57305,36.150423,48.186916,155.83101,149.726644,136.7
7626,7626,170.947385,162.701645,36.683498,48.180596,151.415207,151.188783,138.8
7629,7629,166.238938,161.043174,41.584289,51.273799,154.078727,151.073628,147.2
7632,7632,167.658343,163.516251,40.674526,46.057752,156.30796,153.047142,145.3
7635,7635,162.738431,163.706963,42.376883,47.487158,153.521802,153.912399,143.9
7638,7638,158.397847,165.2649,42.034786,42.542561,160.115482,159.048028,191.7
7641,7641,155.163731,172.403561,42.021495,37.969603,145.586065,156.963335,246.0
7644,7644,154.019065,171.850221,43.575864,44.583027,108.458369,163.377013,241.6
7647,7647,154.852167,171.674183,43.193766,42.587577,145.035324,120.66297,233.3
7650,7650,154.694547,172.03001,42.145352,38.956818,148.023361,129.243152,212.5
7653,7653,153.078832,172.433789,44.483427,42.141847,151.574955,146.152523,222.6
7656,7656,155.223989,172.296948,44.701539,41.528508,156.927069,156.217255,197.9
7659,7659,154.684898,171.174815,44.1666,37.50329,156.814306,152.302447,189.2
7662,7662,155.885913,171.211805,41.230299,35.834531,153.634341,165.910382,202.7
7665,7665,154.260361,167.457669,41.465902,34.566897,144.4788,168.143977,234.2
7668,7668,150.037262,171.801701,46.128597,38.715542,155.596338,161.739028,251.6
7671,7671,152.599735,170.702371,42.896672,36.856889,138.858786,169.517707,257.5
7674,7674,139.293542,172.075474,42.939364,40.869528,154.192432,161.41472,245.1
7677,7677,140.417145,172.019419,43.272906,41.530063,150.62924,159.895844,244.6
7680,7680,148.295582,171.128288,42.552673,34.444931,135.918401,171.782972,224.2
7683,7683,148.368807,172.372731,48.162131,36.461549,127.384866,169.86742,218.6
7686,7686,150.237524,172.787868,46.239715,36.126227,140.544469,163.561831,243.0
7689,7689,146.930207,167.476611,47.177435,37.883637,109.935841,165.397516,261.7
7692,7692,149.259136,170.943462,42.416856,38.188617,98.142524,171.005846,257.3
7695,7695,158.711872,169.108905,39.307825,35.785659,156.925581,169.780478,262.6
7698,7698,154.842416,166.785139,45.118811,38.027901,128.01869,166.603341,254.8
7701,7701,158.605726,167.071678,48.817599,40.051177,126.677549,170.822145,236.5
7704,7704,152.514437,166.607617,50.1884,41.087027,120.593083,169.212667,222.8
7707,7707,147.29467,171.048047,55.664214,39.325944,124.442246,172.390927,276.1
7710,7710,153.421338,167.241074,51.056727,38.564635,150.78967,169.475227,281.1
7713,7713,151.01839,166.944913,58.055155,38.282364,128.319713,171.541339,263.1
7716,7716,127.089627,165.152091,85.988125,42.334382,120.835704,167.518825,254.1
7719,7719,158.502511,165.035344,37.048257,40.86266,155.779073,155.680169,244.9
7722,7722,128.028608,165.355644,76.996971,39.599445,154.900431,155.696675,249.3
7725,7725,155.005672,165.845343,41.156195,42.244633,152.169755,157.412281,248.4
7728,7728,157.218323,167.869701,29.347201,48.316912,149.863547,137.312834,260.6
7731,7731,148.602962,167.732293,46.775786,44.954395,139.584312,128.556437,262.6
7734,7734,158.817467,174.503468,37.298519,42.653073,141.478346,142.344175,259.8
7737,7737,158.406915,173.880507,36.485432,42.790564,135.484774,149.028534,217.5
7740,7740,157.139993,170.588477,36.444881,42.5977,145.222024,125.76815,221.2
7743,7743,152.658944,177.46587,40.424736,41.420778,142.030976,150.361924,195.4
7746,7746,135.559782,174.589539,67.989265,44.950735,133.36819,156.274382,189.8
7749,7749,153.302266,175.243095,28.503263,52.973628,135.164006,165.031206,208.2
7752,7752,133.511709,176.867084,78.482773,47.30361,135.442454,158.354224,218.4
7755,7755,145.23055,175.012457,86.503219,44.110526,129.590923,151.384342,223.7
7758,7758,113.608816,176.214281,114.541117,45.792502,113.379597,130.791223,251.0
7761,7761,134.887766,167.88764,87.234448,48.264494,116.891117,140.585293,230.4
7764,7764,147.37417,174.378659,54.645852,45.652087,119.222446,153.67859,215.2
7767,7767,158.011101,175.639449,35.909131,44.373935,122.774795,162.226413,206.6
7770,7770,151.294105,174.973022,42.886325,44.37521,121.545126,145.316138,224.7
7773,7773,166.940152,160.663655,22.239258,55.340413,129.466256,168.682303,234.2
7776,7776,154.398029,174.65715,27.216367,39.953059,123.777604,161.366487,217.0
7779,7779,134.532182,175.465168,92.839135,35.897598,122.803004,133.408168,196.9
7782,7782,130.621877,159.745891,107.69064,44.239917,117.445905,154.241028,211.2
7785,7785,147.0189,157.705181,70.585595,43.866913,126.589654,155.945952,209.8
7788,7788,138.06855,157.399833,105.344942,44.085819,114.124523,148.166412,195.2
7791,7791,148.234253,145.327052,41.62894,100.183311,166.375202,136.336399,211.2
7794,7794,148.734174,158.217831,66.480316,38.734297,116.462799,148.405257,221.2
7797,7797,166.802625,154.91673,59.650411,44.052966,99.551945,133.070424,196.3
7800,7800,169.484199,153.739713,49.735043,43.503221,101.410364,158.821651,199.0
7803,7803,148.599063,164.40505,66.616364,31.578589,102.583757,137.616382,198.7
7806,7806,158.384614,144.834174,67.03945,43.330074,100.156605,147.630955,185.6
7809,7809,146.856417,148.817197,72.274174,43.027127,98.763301,132.590348,208.2
7812,7812,135.259322,143.532094,85.627988,40.445923,94.932155,124.630808,215.1
7815,7815,55.64884,128.795882,50.320145,88.724243,140.299831,113.976961,202.6
7818,7818,157.545534,152.619523,66.590601,48.110095,103.41551,131.398891,204.1
7821,7821,155.973963,158.09544,76.244095,60.741071,136.785013,126.388867,186.6
7824,7824,132.900382,142.910312,98.030403,89.199821,155.758632,108.262909,168.7
7827,7827,127.972454,167.661825,88.639326,118.180649,122.349617,114.235142,155.3
7830,7830,158.109456,173.244122,65.856204,63.868964,112.003974,127.234146,194.5
7833,7833,140.205562,129.041023,75.614977,87.987601,151.716723,109.516541,194.2
7836,7836,131.34525,146.042374,71.562654,87.210065,158.879654,111.49442,184.6
7839,7839,145.254946,105.953542,81.125091,137.979043,138.156627,109.416558,191.5
7842,7842,140.669078,77.708037,37.599604,111.896398,133.790641,119.600673,185.1
7845,7845,148.225667,119.472843,78.462714,99.77342,147.131478,126.883721,179.9
7848,7848,143.460747,168.817969,78.310347,144.059501,119.045091,106.675066,160.5
7851,7851,146.454695,168.092978,18.375685,96.056329,135.29834,123.824478,190.1
7854,7854,167.364529,156.160938,17.615751,82.956487,139.675055,116.040175,194.8
7857,7857,131.743751,132.182575,30.068418,89.615155,140.94746,119.523869,211.8
7860,7860,163.517538,65.362509,31.433188,76.453857,124.533405,110.580791,224.1
7863,7863,124.466803,137.111715,24.05637,96.021498,144.480515,117.10619,200.4
7866,7866,101.584199,136.88942,138.563321,78.793441,144.115538,118.184988,167.3
7869,7869,131.52306,120.682662,85.934587,88.389153,148.216173,119.241166,161.6
7872,7872,131.993711,137.075988,21.489783,88.077034,151.832201,115.529472,173.1
7875,7875,147.934781,143.462519,114.993933,104.418764,153.53757,125.741274,189.2
7878,7878,122.004822,133.745387,135.81476,92.008627,154.716108,109.398204,189.3
7881,7881,142.543106,149.570419,91.676848,99.600452,133.459299,109.36721,192.8
7884,7884,147.417765,143.100269,111.57708,101.651091,152.666693,120.008836,188.1
7887,7887,128.927768,130.286541,147.712733,99.164818,150.347136,107.957862,177.6
7890,7890,130.984459,139.798364,126.177803,95.399426,149.489195,129.7313,154.0
7893,7893,132.010806,146.61265,124.43857,102.736478,152.97095,116.821778,142.6
7896,7896,91.169918,130.441694,153.785285,93.269639,151.432107,112.288753,162.7
7899,7899,126.122664,137.847757,107.03304,98.973887,158.977505,118.193706,171.6
7902,7902,134.303461,147.707823,104.675371,99.8855,151.360424,116.026481,176.4
7905,7905,127.096807,164.369547,114.016127,107.647625,130.352748,107.013349,176.2
7908,7908,132.907507,147.897458,79.208446,103.558933,157.070642,124.280044,162.4
7911,7911,132.743034,173.500219,87.590916,14.607784,94.521456,96.626928,144.0
7914,7914,133.15033,150.083212,99.876848,92.075532,143.565414,112.302561,132.9
7917,7917,151.760115,158.098436,70.090978,33.443657,118.675956,139.81593,153.9
7920,7920,153.276296,160.813424,70.333396,29.272536,132.105869,161.694313,200.2
7923,7923,146.684645,155.480396,74.794752,31.435068,118.285613,151.434743,181.2
7926,7926,148.78584,155.470345,72.871175,29.153684,147.377723,162.356439,194.2
7929,7929,148.852021,164.089231,72.432146,33.635231,116.447765,138.739314,173.6
7932,7932,150.852538,162.459066,69.939342,33.253807,120.544997,141.394517,151.9
7935,7935,148.255174,158.498435,81.504405,36.394474,127.812315,148.607183,127.9
7938,7938,134.727034,165.114166,106.190028,31.01859,134.746883,158.424519,138.1
7941,7941,156.645944,159.53863,77.448989,35.527599,145.650821,168.791351,115.3
7944,7944,145.229859,159.490094,69.624581,40.375795,140.115732,172.787226,142.0
7947,7947,124.943771,163.184838,123.626984,36.554126,139.856946,170.802007,127.1
7950,7950,122.031369,163.771406,121.80825,40.996816,135.492559,167.104075,120.2
7953,7953,115.39044,166.452988,133.7959,39.419923,135.720828,168.136083,127.8
7956,7956,109.729573,167.697382,147.978507,37.646375,141.460914,171.752997,117.0
7959,7959,105.268392,168.163604,145.542075,38.124794,141.861786,169.200144,108.2
7962,7962,100.723823,170.05422,135.51363,34.794975,143.153173,166.100135,111.7
7965,7965,95.508723,170.768042,134.342899,32.590158,146.901535,165.925039,101.3
7968,7968,135.040611,172.147189,60.626143,37.284002,148.598815,166.126208,85.2
7971,7971,108.991236,162.405613,103.127051,38.982457,145.900894,158.944044,107.6
7974,7974,107.434962,162.941277,98.148215,42.391128,145.348305,156.129369,134.3
7977,7977,108.07055,167.651071,119.517176,39.305706,143.145948,153.386386,124.5
7980,7980,85.068878,162.737853,130.943376,38.222619,145.924628,148.615344,109.0
7983,7983,118.805134,163.971988,109.769831,38.801732,139.503895,147.381777,95.7
7986,7986,111.749907,155.101297,107.39332,39.919282,145.145367,160.917078,112.4
7989,7989,113.657518,158.682521,111.181998,36.131335,123.137973,164.56768,91.2
7992,7992,113.007048,157.842066,102.939596,43.217894,137.772012,143.346239,78.3
7995,7995,112.314007,152.404713,106.64046,45.350456,138.139879,142.203638,111.5
7998,7998,109.97079,151.952334,99.840707,48.951529,108.065982,149.416218,118.4
8001,8001,108.982693,146.571753,105.887962,48.736411,101.871078,161.97753,101.8
8004,8004,106.483974,148.159065,108.739376,33.327287,92.448611,166.088102,109.5
8007,8007,103.033366,149.019544,104.975987,37.661977,71.747351,166.264614,96.0
8010,8010,108.118217,137.992103,107.938255,47.928675,107.050266,153.597716,97.6
8013,8013,112.371783,139.413582,107.87904,46.215868,125.446991,166.574179,104.1
8016,8016,113.253443,144.351569,101.207703,47.753475,118.815953,136.385913,111.8
8019,8019,126.529507,147.669529,83.743489,46.119356,142.655955,151.101934,100.2
8022,8022,128.017566,144.44415,77.940634,53.167266,131.707935,125.082129,113.7
8025,8025,133.882674,152.738468,65.279004,48.571531,141.412315,134.383745,100.2
8028,8028,152.253722,159.671311,55.674183,49.324615,84.070089,79.043035,98.0
8031,8031,147.935107,158.384103,50.624989,40.156047,90.931884,137.105908,91.8
8034,8034,149.128987,158.560573,57.873239,49.286708,121.640844,135.89082,60.3
8037,8037,152.789827,158.98538,46.218098,43.298759,114.72216,145.563516,69.2
8040,8040,147.438463,163.668928,56.207469,44.135791,135.966284,156.931752,77.0
8043,8043,146.178654,156.845159,62.829139,50.099914,152.544225,150.071203,109.4
8046,8046,149.479627,157.97221,60.693624,52.359933,154.308561,149.685695,101.8
8049,8049,153.587171,161.640642,57.41367,49.966633,157.397848,153.077805,104.4
8052,8052,123.891011,159.245362,88.526262,47.0009,157.024757,155.566688,95.0
8055,8055,158.257011,157.508074,53.618021,51.390139,146.446346,158.706601,70.8
8058,8058,155.717648,156.862553,51.676277,50.413226,143.683814,155.969382,65.7
8061,8061,161.739411,155.090957,49.814885,54.498484,155.83554,160.889385,79.7
8064,8064,164.961439,157.00973,43.095398,50.290264,149.527192,161.751082,124.1
8067,8067,165.457142,153.290368,43.610064,52.580477,153.137068,159.868436,121.8
8070,8070,169.775502,153.219084,39.779113,49.35695,155.937148,159.181066,98.5
8073,8073,162.356822,148.754558,42.952228,50.829854,153.244133,158.67574,80.6
8076,8076,165.056944,152.420905,43.515913,45.866308,158.172028,156.648564,65.8
8079,8079,171.25372,151.077726,42.824977,48.929379,155.280366,150.01901,70.4
8082,8082,165.678634,152.174133,36.471308,50.426792,153.004617,145.09672,74.4
8085,8085,151.857752,149.221705,44.71561,51.792491,156.09248,140.720679,95.0
8088,8088,150.526137,152.607039,43.619359,47.852416,169.423392,142.523216,99.8
8091,8091,164.55569,144.717592,40.338089,51.388369,169.524526,142.523211,92.8
8094,8094,172.013535,145.96734,41.44807,52.614359,168.933884,140.985412,96.7
8097,8097,162.599042,144.289413,42.747165,54.26001,167.78505,139.343672,104.0
8100,8100,164.717472,147.397572,44.681095,52.235641,154.290036,131.353942,88.4
8103,8103,167.646838,143.067979,43.203361,55.923737,151.140046,125.549508,93.1
8106,8106,173.738537,141.402818,43.887322,57.309011,133.198989,115.670214,104.3
8109,8109,166.946745,137.879437,43.060156,56.286418,141.322652,114.508915,112.1
8112,8112,169.584048,133.277234,44.534308,62.538325,131.347957,104.918238,105.0
8115,8115,176.37783,131.192838,45.031717,63.642219,132.145936,105.376843,105.2
8118,8118,171.772477,136.698409,46.688001,61.160872,134.605804,106.402398,124.2
8121,8121,174.609997,142.309316,46.095585,58.932464,134.960133,104.579707,135.9
8124,8124,171.454178,133.084663,48.653586,67.401972,128.972148,99.749159,113.5
8127,8127,176.744015,145.938445,48.954931,59.09053,138.476551,104.985598,95.2
8130,8130,175.505737,153.134701,48.938758,58.412109,133.672832,105.460531,118.2
8133,8133,173.515552,147.568066,50.352846,62.614614,134.080643,105.863644,113.6
8136,8136,168.92175,130.640963,48.455959,75.863491,122.414187,104.586954,77.3
8139,8139,166.327845,133.541396,47.805197,73.391217,121.200021,100.93253,62.6
8142,8142,167.00062,135.889654,51.512768,75.75815,119.404631,103.505767,69.9
8145,8145,161.569782,138.563068,50.196607,75.155396,128.55054,102.015466,78.8
8148,8148,172.190597,142.251362,52.583127,74.83009,118.07652,100.01813,75.4
8151,8151,170.18886,142.443893,59.110945,69.990797,104.11597,113.918213,99.3
8154,8154,172.70872,140.134067,54.682278,72.864466,107.398921,110.924233,113.2
8157,8157,177.687461,136.305898,53.343867,73.35484,94.664541,109.587112,94.9
8160,8160,177.398916,141.269615,53.042868,74.570572,98.002741,121.836506,87.7
8163,8163,176.742986,146.596941,52.898671,77.150494,90.764301,117.843228,83.4
8166,8166,161.309773,161.82564,64.204007,64.23419,116.439614,114.786779,88.6
8169,8169,165.908106,145.623378,53.665363,73.31882,84.951131,111.264565,96.8
8172,8172,173.46749,143.947508,54.848858,78.064863,96.058023,105.984892,109.9
8175,8175,167.363343,136.91652,52.535352,87.974981,92.582102,90.090318,123.1
8178,8178,167.950673,142.816515,50.631947,84.873875,85.01932,84.658363,98.5
8181,8181,172.160188,164.540457,57.274771,82.906773,93.641459,93.591075,75.7
8184,8184,160.78676,160.263329,59.598135,71.885449,93.957643,88.696784,72.3
8187,8187,170.886289,154.071168,47.578448,69.772126,77.616436,86.360768,46.6
8190,8190,153.603961,152.277651,49.636153,78.210287,92.34138,88.679424,35.9
8193,8193,144.675336,152.656715,52.987001,87.51203,96.736429,95.488182,33.0
8196,8196,161.619612,143.943172,46.564338,88.704046,93.082951,100.492197,57.2
8199,8199,150.483626,146.357993,55.769147,87.752593,100.785993,84.004598,73.3
8202,8202,146.636805,140.399439,54.266288,88.582316,98.593806,94.027869,60.6
8205,8205,152.010691,144.907887,53.983198,89.467185,98.353795,101.368648,49.9
8208,8208,160.058092,140.149603,52.708262,89.024739,95.713954,101.56596,33.4
8211,8211,158.591471,150.682485,57.349794,84.386784,93.026427,90.259001,31.6
8214,8214,154.125991,141.802722,53.407333,79.447925,87.312792,104.347519,30.3
8217,8217,162.83328,135.005935,45.419374,81.859641,72.193269,101.413771,37.5
8220,8220,172.576136,151.984071,53.137363,83.358295,100.598426,88.743047,76.3
8223,8223,166.551142,148.002153,53.725062,78.705696,95.588042,88.270403,77.9
8226,8226,162.216559,159.8274,47.808173,77.011859,89.59401,85.889481,71.4
8229,8229,174.863838,150.395548,49.458574,74.280395,85.514521,73.307171,69.1
8232,8232,177.229919,155.873413,54.098005,80.803947,98.957881,79.242351,62.9
8235,8235,175.087055,165.167407,51.712556,68.534714,93.846503,78.062022,60.7
8238,8238,172.791958,160.001164,53.821643,80.890687,100.922212,87.662133,45.2
8241,8241,173.212674,159.473007,47.012803,75.193018,91.4622,80.810503,47.3
8244,8244,170.89592,163.043328,64.510065,83.383257,99.480886,80.925697,71.4
8247,8247,145.04653,158.949147,45.966884,77.539464,91.985578,82.882652,58.2
8250,8250,147.221315,167.108354,36.531233,59.936926,87.680744,78.912779,30.8
8253,8253,163.186545,159.017789,68.250686,78.221242,98.890645,71.940227,23.4
8256,8256,156.806418,155.156196,62.777953,89.093819,96.766677,70.903398,27.3
8259,8259,138.79777,170.220948,78.429697,86.084818,89.818784,70.740211,23.1
8262,8262,141.147353,165.104294,39.575207,69.347708,83.014817,69.923615,13.2
8265,8265,158.931008,162.595876,31.114355,65.371911,82.731674,72.279948,24.2
8268,8268,168.51013,150.70484,30.594917,73.690077,86.119981,74.922076,40.1
8271,8271,165.794741,177.798195,62.001496,63.086866,112.177178,91.845466,41.6
8274,8274,140.979172,155.483163,40.993885,82.872877,91.384671,75.75408,40.7
8277,8277,160.676111,146.168453,44.498286,76.326754,88.448146,68.877641,33.5
8280,8280,157.376601,160.570953,53.130978,86.23807,105.413778,75.073709,26.7
8283,8283,150.655263,149.077058,46.047621,90.747148,91.428109,79.972061,26.1
8286,8286,163.418216,151.75108,53.56531,88.010323,98.35023,74.963837,34.3
8289,8289,145.010316,132.953693,53.202703,101.335925,101.174744,80.320432,54.0
8292,8292,150.094327,127.15453,52.106048,102.910359,99.510503,89.745505,73.3
8295,8295,153.470449,135.942421,61.953627,107.111901,114.38363,88.171615,89.5
8298,8298,170.895618,131.660201,65.201539,108.205614,104.890938,92.353225,114.4
8301,8301,175.368364,134.82952,64.13165,102.056267,109.793387,101.003812,106.2
8304,8304,173.490931,139.041725,62.58467,106.8785,111.704258,98.173465,83.3
8307,8307,172.50192,137.064055,64.057406,101.197808,103.113212,89.932129,57.9
8310,8310,170.492151,140.744167,63.608405,101.821598,115.731699,86.074463,71.0
8313,8313,173.577434,138.559894,59.898783,102.471126,133.383277,95.284276,93.9
8316,8316,173.101698,128.978801,58.777463,104.09414,136.255071,98.021131,79.9
8319,8319,170.716785,130.959602,58.360026,99.471274,141.082128,99.638662,62.2
8322,8322,169.421958,139.358166,55.062822,96.067285,146.434849,95.890097,81.2
8325,8325,168.211657,130.394212,56.96727,100.597879,135.720691,97.822052,93.1
8328,8328,167.291388,129.280415,56.177392,103.503462,147.66581,99.479269,89.1
8331,8331,168.556601,122.796858,53.934871,103.431687,153.454775,106.8762,88.4
8334,8334,163.666629,124.47946,53.875792,101.230243,159.205212,111.78718,106.5
8337,8337,160.75174,129.741245,53.798292,95.661852,163.6107,114.771116,126.3
8340,8340,159.589604,128.267295,54.309861,95.420324,159.120848,110.715333,110.6
8343,8343,158.507008,132.447944,55.551766,90.525638,164.630021,114.262565,91.6
8346,8346,158.203265,133.206168,53.895753,86.19191,166.33681,119.046235,85.2
8349,8349,168.675133,141.779836,49.536093,75.075538,163.919626,127.219632,72.3
8352,8352,175.807853,148.436049,49.18447,63.11299,168.543394,128.589771,70.5
8355,8355,161.766789,146.192597,45.440819,55.421522,174.568505,140.765183,81.8
8358,8358,164.574672,151.823782,43.896728,49.419371,169.129715,144.877233,129.0
8361,8361,167.837638,147.522863,39.578541,51.586486,141.448894,143.536564,164.1
8364,8364,155.414545,156.254327,40.70153,52.694314,138.836791,145.721727,164.8
8367,8367,147.368153,155.583765,38.486999,50.412221,129.642508,149.737639,153.5
8370,8370,164.812242,162.873713,40.576785,44.836969,162.564974,152.69058,135.3
8373,8373,159.035416,167.709002,42.793121,42.881208,159.890296,154.292632,120.8
8376,8376,156.762677,168.045276,42.898721,38.722609,165.761389,154.585184,108.3
8379,8379,166.284853,167.728796,39.378128,36.860306,163.561548,157.798673,125.2
8382,8382,172.972826,168.51874,47.752236,39.824166,159.787737,156.768835,182.3
8385,8385,158.962239,167.793313,40.675223,37.670072,152.440491,159.977816,205.1
8388,8388,161.014264,168.540412,39.64586,35.812305,162.663052,158.161966,188.3
8391,8391,132.349134,94.93146,52.793905,32.42747,129.32849,160.391703,179.5
8394,8394,148.72344,116.238695,48.652559,20.335117,118.476587,164.529619,176.1
8397,8397,151.339661,55.405322,42.462253,42.214611,105.800778,150.094096,174.2
8400,8400,143.002384,177.115286,47.434684,39.811987,109.633905,151.727023,152.4
8403,8403,156.751707,123.174823,43.733929,54.943658,108.089496,150.539958,195.9
8406,8406,158.718578,119.3738,32.4335,24.358824,100.345694,135.616679,255.3
8409,8409,159.262301,114.518007,33.554975,22.748636,143.087211,151.573315,281.2
8412,8412,151.148214,139.534531,40.733541,33.71782,120.346025,154.281409,276.8
8415,8415,154.034835,168.732216,39.585937,29.649135,125.672278,171.366853,276.2
8418,8418,155.713045,159.587312,39.036926,33.177132,126.493458,125.572055,262.1
8421,8421,134.345568,161.336372,46.43293,28.365626,124.458067,166.305111,239.0
8424,8424,148.325959,169.307787,42.474157,27.343059,136.5677,160.485704,217.7
8427,8427,152.301578,173.579938,44.361688,31.453947,123.26633,154.446792,257.8
8430,8430,151.701795,172.809893,42.356137,30.331246,112.628073,135.764965,262.4
8433,8433,141.998616,172.019438,43.907058,31.326681,132.08366,144.819739,240.0
8436,8436,137.80599,169.466498,50.093581,34.250447,111.468063,148.865215,260.9
8439,8439,146.709731,171.535117,44.641831,34.670368,134.485694,133.016421,265.4
8442,8442,145.852842,174.396013,48.849712,34.553649,125.697764,128.570846,274.8
8445,8445,140.356071,176.110173,46.7734,38.52826,124.227101,129.000525,238.7
8448,8448,150.80627,175.57947,49.573824,36.491632,132.700354,126.671906,263.1
8451,8451,138.706631,176.169313,51.373785,37.463115,133.029385,129.036176,291.5
8454,8454,144.41302,176.260781,50.378261,38.445052,128.090396,128.331055,262.7
8457,8457,142.489543,174.957897,49.8063,37.457935,117.94086,123.47498,271.2
8460,8460,131.206825,173.488204,59.234049,35.690172,117.221055,127.191455,257.6
8463,8463,141.351507,170.547039,50.083014,35.804101,128.219168,126.729834,266.8
8466,8466,142.087814,172.564759,51.607583,37.401353,127.472015,124.123896,255.7
8469,8469,137.133087,170.371884,53.904105,34.79898,119.475389,141.901582,261.5
8472,8472,135.308347,169.18781,58.579599,38.480727,126.637073,122.822758,302.4
8475,8475,141.52805,173.038514,49.680952,38.479834,126.077303,129.103672,301.9
8478,8478,140.75652,170.504974,50.960019,38.91267,134.852239,125.246158,277.1
8481,8481,150.832929,171.667007,27.735452,48.18855,135.031398,158.316085,267.2
8484,8484,151.165079,171.991499,30.357445,49.222241,133.832363,157.419549,261.0
8487,8487,160.48467,167.278181,29.568906,51.737945,137.839071,163.165777,248.8
8490,8490,157.944503,173.625509,25.846906,51.778282,134.178062,173.774147,275.7
8493,8493,154.088523,172.854569,31.842565,50.520436,139.341529,171.867607,269.0
8496,8496,150.954377,172.063684,32.747437,51.439665,133.722929,164.317386,248.7
8499,8499,150.368256,171.798655,33.219733,51.263569,135.131792,170.579521,260.2
8502,8502,155.817573,177.579497,27.340195,51.899717,133.389573,170.253044,260.1
8505,8505,157.052753,174.736099,29.511881,49.150801,131.607782,167.733711,273.3
8508,8508,153.64204,176.211616,30.407495,51.928833,137.287275,169.435333,266.5
8511,8511,150.016605,174.211281,32.07763,47.652238,137.544942,170.29835,293.8
8514,8514,151.972745,173.538621,32.816717,50.436741,133.861856,171.348802,301.7
8517,8517,152.21142,172.516287,34.880997,51.401736,133.736227,169.917663,278.4
8520,8520,154.547691,159.892409,36.004424,52.867988,130.271034,165.786263,265.3
8523,8523,148.90481,168.744658,56.787776,44.167834,123.395227,151.133764,241.2
8526,8526,144.958231,169.55631,69.540701,41.02425,120.119719,141.107517,224.8
8529,8529,157.843037,172.209411,78.07356,40.849895,119.686993,144.262908,248.9
8532,8532,147.293096,168.218965,85.646375,39.26904,112.596049,138.374538,251.1
8535,8535,141.839768,175.825992,58.640068,35.376291,130.545751,168.859266,257.8
8538,8538,137.777385,176.867486,75.333466,34.145509,121.503873,148.546918,266.8
8541,8541,125.14655,175.879654,86.239415,34.062954,121.544464,143.176293,249.2
8544,8544,134.587317,175.462126,75.888784,30.518387,123.467942,149.939678,223.4
8547,8547,149.201891,160.618922,55.905476,39.084762,127.605437,166.112629,221.6
8550,8550,151.737159,168.980781,33.338035,48.202907,142.403689,127.53572,249.7
8553,8553,128.469212,168.652906,47.65823,37.758792,124.497338,162.995876,255.9
8556,8556,163.216393,144.679447,57.49418,45.99807,125.169254,134.417628,228.9
8559,8559,127.563433,145.423418,80.962728,35.479879,97.065914,117.912104,212.3
8562,8562,135.331709,140.943242,62.007027,63.750231,149.166547,107.735496,212.0
8565,8565,139.31975,147.071587,70.386911,31.990869,106.845015,124.615539,214.2
8568,8568,122.920198,133.195507,96.245437,145.390817,111.441218,109.275379,213.9
8571,8571,127.631968,145.680079,84.604575,84.90338,161.299694,112.777691,208.7
8574,8574,139.87778,146.930688,77.178226,83.231483,153.72155,108.951111,216.8
8577,8577,149.349052,168.740486,65.787883,41.465712,93.595862,108.557297,196.2
8580,8580,138.691744,154.224194,77.584068,34.217829,84.595489,107.591413,173.4
8583,8583,146.482319,164.633384,69.617384,29.650348,79.083732,102.573596,173.2
8586,8586,150.728585,177.248047,66.702207,23.977513,97.58677,127.876245,178.2
8589,8589,152.407174,95.214601,48.763508,90.226331,118.429484,98.817155,177.2
8592,8592,141.114216,136.207168,22.709142,102.3392,127.740418,110.590674,176.4
8595,8595,116.624278,107.995229,82.201401,122.418351,132.378853,114.419186,213.5
8598,8598,164.744423,155.120154,47.561754,44.552377,99.789627,119.864017,219.8
8601,8601,155.572944,148.824272,56.179549,24.070779,82.967726,104.22299,206.5
8604,8604,151.817595,131.739626,62.059774,32.733979,86.736958,102.712942,165.4
8607,8607,149.499449,156.111116,63.288294,19.137224,80.217415,106.927166,163.1
8610,8610,153.668655,165.014934,52.34636,16.296491,85.284539,101.165593,192.2
8613,8613,146.501217,170.843272,69.263116,13.760727,87.617165,100.119777,183.5
8616,8616,165.541428,65.254162,27.147661,132.772664,127.390689,109.524845,183.6
8619,8619,151.216632,88.186021,5.60288,109.813767,124.884722,115.20679,168.9
8622,8622,143.031327,159.612264,65.181768,31.453085,88.98583,120.851345,148.2
8625,8625,175.52184,155.430292,11.711432,87.241155,109.803245,103.054796,140.3
8628,8628,154.046402,162.91069,66.271235,26.793,84.14515,119.180693,131.9
8631,8631,161.299575,149.329851,33.944202,50.569742,99.199134,115.509132,168.7
8634,8634,152.549586,131.614853,21.551349,77.758544,149.892003,109.97154,167.5
8637,8637,88.631161,139.806099,119.636972,94.570405,150.72752,127.124249,151.9
8640,8640,129.746864,158.357977,78.171862,28.743811,82.146438,100.80354,148.8
8643,8643,155.266415,128.320755,25.530387,116.893541,131.717213,118.534588,124.6
8646,8646,154.938226,150.122824,61.671366,15.347828,90.017022,105.721017,123.9
8649,8649,146.339462,172.856647,73.419344,16.071632,100.892441,111.89893,130.9
8652,8652,150.583115,176.112301,70.749531,20.518336,106.9982,118.320904,158.5
8655,8655,146.533646,166.887821,73.074494,28.278681,98.941467,124.587894,201.5
8658,8658,149.226298,168.000943,71.30968,29.662585,112.312562,134.464185,201.7
8661,8661,140.936863,153.029943,83.314476,35.452626,118.540272,139.593977,154.5
8664,8664,142.618066,154.208033,89.082496,30.327376,120.960458,157.703307,118.6
8667,8667,139.287061,155.984567,91.784955,32.573629,106.910648,134.877775,94.3
8670,8670,151.050146,153.982933,69.237289,38.787306,118.089697,144.254735,70.3
8673,8673,144.461045,156.713141,78.126626,31.85125,84.668335,137.133043,79.2
8676,8676,145.391549,155.989448,77.967125,30.669488,106.08827,137.24767,91.9
8679,8679,147.792221,167.618104,79.848327,27.930254,79.375757,145.040557,104.6
8682,8682,145.633876,154.85571,59.937932,34.509304,116.990951,156.315085,88.0
8685,8685,143.568978,152.414751,58.361515,41.641732,132.075111,160.147895,87.3
8688,8688,169.734727,145.018558,39.283053,45.507828,115.328756,137.909554,64.8
8691,8691,148.122136,159.912333,47.630486,42.963604,129.894753,155.594666,54.0
8694,8694,153.898233,161.063271,32.659289,51.495801,132.316856,165.367271,42.0
8697,8697,149.119637,158.04926,36.085287,44.72431,138.774653,168.540498,33.6
8700,8700,153.14376,161.15305,35.133244,44.843071,142.557476,166.675577,47.9
8703,8703,141.439875,164.144319,68.52167,39.854786,140.336956,169.706452,64.9
8706,8706,132.693119,166.356235,84.490426,37.567612,140.984561,165.17931,60.9
8709,8709,133.299126,171.417876,94.617195,39.814358,136.638622,160.874777,64.8
8712,8712,120.281455,173.343558,103.250457,41.313852,134.252647,160.435247,78.2
8715,8715,123.759663,171.95089,93.446914,42.843249,133.398749,157.676177,76.1
8718,8718,128.108989,169.172342,77.32185,41.971551,147.268038,169.776464,69.7
8721,8721,152.187221,171.574694,33.275621,46.405545,150.586241,167.964816,69.0
8724,8724,149.316232,165.826229,36.742882,44.699979,148.834336,162.835936,39.6
8727,8727,151.498668,166.126803,36.246966,44.11163,150.203319,156.72253,56.2
8730,8730,143.176349,164.777202,49.299203,41.074422,121.957629,148.587959,36.7
8733,8733,121.241406,159.898844,88.183769,42.471665,105.716328,151.268068,29.5
8736,8736,117.942553,158.565309,108.128193,47.976192,95.903145,156.261564,23.9
8739,8739,115.38665,154.993847,105.925707,49.737565,79.062111,158.658624,30.7
8742,8742,129.775584,152.95533,68.013613,50.006818,111.004991,145.411762,20.7
8745,8745,137.238532,145.815347,61.36357,47.106686,93.201974,145.255646,12.4
8748,8748,144.716983,142.757712,47.833806,51.815082,130.995847,165.091481,21.6
8751,8751,131.470396,146.524685,58.332843,52.166446,92.673807,159.493401,49.8
8754,8754,135.157974,145.820475,52.321844,50.549325,113.359605,153.511106,48.6
8757,8757,147.075763,145.953867,52.568582,49.943594,143.88801,147.203763,25.2
8760,8760,138.174299,149.032579,43.519324,51.453487,140.79912,130.033452,31.9
8763,8763,142.63314,143.394633,44.932946,54.994325,136.436633,125.029558,32.5
8766,8766,139.888267,145.71072,59.105468,51.883418,154.55502,153.404245,28.0
8769,8769,134.780703,149.282007,59.303715,54.080197,136.94068,127.5845,28.9
8772,8772,143.184376,149.943685,57.273136,55.67166,137.543872,127.401321,36.2
8775,8775,146.967081,152.509475,56.16372,57.061586,118.235588,141.348913,50.5
8778,8778,150.415341,152.869922,59.411493,54.679486,122.873044,132.208233,54.6
8781,8781,153.635038,158.498512,59.716002,51.026032,121.905543,141.711665,41.8
8784,8784,155.433589,157.644982,60.551583,52.149182,134.70519,143.853374,33.8
8787,8787,163.073765,150.48574,58.049658,58.842357,139.909301,132.269487,30.7
8790,8790,158.879161,147.451649,48.718238,58.878933,144.451267,141.426573,40.9
8793,8793,164.893769,149.638609,47.221592,56.412715,145.671159,151.685903,57.2
8796,8796,159.934503,151.28089,50.862861,56.893514,145.126713,148.713849,82.9
8799,8799,164.188171,147.262499,45.016727,62.009802,141.956919,150.395966,79.4
8802,8802,154.359688,152.359817,54.070333,57.18592,138.902943,146.198207,72.0
8805,8805,158.597253,151.646505,54.016549,60.487169,144.956722,143.169992,48.3
8808,8808,155.655827,149.222591,49.496769,59.913903,143.893504,135.809919,47.7
8811,8811,162.148327,139.276864,43.717215,59.958961,137.924724,143.455593,36.4
8814,8814,165.763696,135.967347,44.102082,61.342581,144.091231,144.582444,52.6
8817,8817,161.245897,143.935173,43.775972,53.256479,150.737028,146.682359,56.4
8820,8820,162.822467,142.495264,42.378438,53.127333,141.669318,138.708686,60.2
8823,8823,161.374698,145.699963,42.977613,53.653266,138.766279,133.943855,59.1
8826,8826,163.673898,144.250578,44.716178,57.356542,140.801411,132.669133,64.5
8829,8829,175.25065,141.142912,41.949415,58.526154,137.488343,129.969244,84.5
8832,8832,172.890391,137.119773,40.602543,57.640694,139.655059,120.413166,94.0
8835,8835,170.024063,129.243055,41.92341,59.356171,134.770863,113.126641,106.8
8838,8838,171.905546,140.67343,45.515852,57.758191,135.517048,105.576051,112.4
8841,8841,171.204317,137.33916,44.761936,59.209546,132.883427,106.264434,116.4
8844,8844,178.981293,133.15233,43.081188,62.467946,134.89183,107.788629,91.9
8847,8847,159.243188,133.652119,45.979547,65.653452,124.548233,100.626986,78.9
8850,8850,175.429129,137.837753,46.463986,61.17752,144.668495,110.449073,70.7
8853,8853,167.234225,135.498823,43.422145,68.955665,119.011085,101.915411,78.7
8856,8856,174.061554,137.583416,47.038941,68.917717,121.150167,99.546351,97.5
8859,8859,160.435911,137.457298,45.125555,78.540676,106.368108,87.044447,90.7
8862,8862,171.015947,130.956194,52.335928,81.810667,112.735558,92.655639,87.7
8865,8865,158.404907,130.084016,48.043699,76.694475,120.252179,93.268186,71.4
8868,8868,158.770507,152.367429,51.065116,60.550491,129.255062,99.756807,64.1
8871,8871,174.500556,148.846151,52.299417,64.300251,141.339439,98.103821,75.7
8874,8874,156.573825,156.964333,57.215548,56.119242,114.228352,93.797638,84.4
8877,8877,163.485514,150.475049,48.921028,62.059383,98.447964,102.791919,111.2
8880,8880,162.911606,146.402186,49.498471,69.240667,116.639075,98.153672,106.5
8883,8883,163.205395,159.540091,71.472892,65.174223,114.298984,104.306052,86.3
8886,8886,162.265968,148.983414,56.533001,74.377268,107.674845,105.404521,77.7
8889,8889,169.865809,148.944091,49.082322,72.856008,111.712867,104.536384,83.4
8892,8892,152.354816,151.181506,36.601707,71.720658,86.28452,97.29616,66.1
8895,8895,110.793355,156.980504,26.853255,74.66339,107.414192,91.2505,56.6
8898,8898,159.007191,145.78679,50.446723,71.712517,83.701811,108.852407,71.2
8901,8901,162.29251,149.985592,47.1336,71.168927,88.566004,101.719957,59.9
8904,8904,153.62323,142.01956,49.374884,72.575225,90.959648,106.879487,42.6
8907,8907,160.173253,145.374341,44.383008,75.216185,87.027661,107.217009,37.6
8910,8910,152.83972,144.75353,47.122156,79.741959,95.433535,105.164585,32.6
8913,8913,159.604698,145.761442,48.02276,72.68603,94.384698,108.580568,30.9
8916,8916,159.579216,136.804501,47.965058,79.875942,92.845988,117.307871,41.0
8919,8919,169.826867,142.648071,53.841286,78.20411,94.281705,106.735473,59.1
8922,8922,149.424204,139.809736,49.95035,83.493182,97.424579,99.596318,47.8
8925,8925,159.503837,136.263584,43.96989,83.702374,83.58096,108.652646,46.3
8928,8928,167.323721,142.006569,41.077426,77.436493,81.850347,103.803328,37.5
8931,8931,156.98839,140.703943,48.551844,86.838048,102.129084,88.49275,37.2
8934,8934,152.035848,140.319932,46.318213,81.505116,84.535172,105.678624,44.9
8937,8937,172.203553,128.515099,39.759434,92.576253,92.733292,108.341946,43.7
8940,8940,176.437786,148.610862,48.990307,87.919564,94.885624,101.783851,60.8
8943,8943,163.748788,164.025092,47.602078,65.26878,99.670795,95.443418,50.2
8946,8946,156.299283,146.564915,45.470366,80.281887,94.525426,95.338704,47.5
8949,8949,158.891076,155.718912,43.267425,66.705493,91.736956,75.734219,29.7
8952,8952,146.864246,167.820597,38.743444,65.000643,88.76412,81.387077,29.0
8955,8955,160.77833,139.552089,31.004005,82.975884,87.119509,80.699883,23.1
8958,8958,171.392741,129.266746,32.028292,89.48831,82.110715,85.557356,49.1
8961,8961,172.877127,139.94238,31.735473,83.472114,80.269472,87.473105,68.9
8964,8964,149.880324,139.242532,28.062888,84.894181,79.38557,74.37317,56.3
8967,8967,162.309298,132.516904,27.12999,83.738529,81.958669,91.129989,44.6
8970,8970,161.57222,141.936318,24.631062,78.755778,87.093363,83.512507,45.8
8973,8973,166.174837,131.369387,29.108416,89.839032,81.206002,79.392765,34.7
8976,8976,164.551991,140.07159,30.935344,85.623938,82.831052,83.575105,35.9
8979,8979,165.338948,150.243031,36.94734,83.396601,86.212448,83.108456,37.8
8982,8982,164.066969,154.207482,40.684458,81.41331,91.271764,77.983616,53.4
8985,8985,164.077728,148.449481,42.390586,85.255198,88.832151,90.28515,50.3
8988,8988,157.354082,130.215744,47.342284,104.337594,102.955727,84.491072,60.3
8991,8991,144.482396,139.132174,47.446858,101.840031,97.534661,87.554499,48.9
8994,8994,151.212265,137.79144,43.25271,96.548973,92.350406,85.562608,55.5
8997,8997,153.53574,132.559897,51.492353,111.281934,104.089347,82.103173,72.4
9000,9000,149.718136,133.268701,57.500714,116.362802,102.955621,82.478666,69.3
9003,9003,162.612922,132.331223,45.072051,106.686559,95.619964,85.903496,73.0
9006,9006,150.99524,129.849569,49.296237,112.687253,100.291247,87.644366,65.0
9009,9009,155.918646,125.287205,53.991804,111.814519,106.784184,95.715351,57.0
9012,9012,165.324811,136.316991,59.9307,104.916646,101.829716,91.484532,52.8
9015,9015,166.341869,141.750831,57.394668,102.740752,115.902124,91.908208,42.4
9018,9018,168.281066,134.077093,58.647883,107.991904,119.159306,90.590624,41.9
9021,9021,174.020761,134.963195,57.662342,104.267068,123.022234,92.743979,38.5
9024,9024,165.897184,136.501041,57.359894,104.486919,131.489485,98.047418,41.6
9027,9027,170.744264,123.690724,55.734824,102.331612,142.673952,101.078025,66.2
9030,9030,134.619045,127.402976,55.509747,94.938945,153.994398,112.227415,80.5
9033,9033,157.786574,134.560652,54.369261,88.739058,165.559242,120.141707,59.4
9036,9036,164.288699,144.636479,53.369298,81.190766,161.249316,131.916078,57.2
9039,9039,159.77233,144.488601,51.069492,78.745492,166.815751,134.938756,47.2
9042,9042,160.909892,147.260294,49.840711,68.267015,175.913737,138.87087,41.1
9045,9045,162.598582,146.06019,46.132883,69.43132,175.454444,142.3358,41.3
9048,9048,150.186369,144.11774,42.209206,68.466818,170.196557,143.429408,75.4
9051,9051,163.994221,152.880063,43.338916,58.229748,160.684584,125.317522,115.3
9054,9054,166.934659,151.890023,39.389003,56.063155,167.591995,140.628283,105.8
9057,9057,168.30909,157.831308,43.82994,53.747625,169.211098,141.490194,93.1
9060,9060,173.50611,158.924633,43.79149,51.507471,163.804273,144.263276,86.2
9063,9063,161.481078,156.122659,43.48943,51.926703,158.360115,150.579021,93.8
9066,9066,162.723254,160.179372,42.630314,51.445673,150.389626,144.349371,104.2
9069,9069,162.993772,164.338362,41.899731,47.779141,157.133429,145.37523,124.2
9072,9072,162.495865,164.79101,42.062314,49.537785,160.258733,148.894014,152.8
9075,9075,163.546374,165.308126,41.996291,48.019493,156.567227,149.502725,156.4
9078,9078,158.892863,164.414966,43.672492,49.236557,151.317988,140.870202,137.9
9081,9081,158.919106,165.547803,43.183235,48.441587,145.907953,147.828069,133.3
9084,9084,155.051507,167.538142,46.480995,46.309499,155.135743,147.802331,121.4
9087,9087,149.14859,167.014357,47.166499,44.140656,157.429964,150.595404,121.7
9090,9090,147.812555,167.534896,47.177452,44.404306,160.92203,151.524192,123.5
9093,9093,143.666435,165.943943,55.244325,46.44662,160.822068,151.000392,158.2
9096,9096,152.077424,165.688073,43.487299,39.318806,156.68952,149.609418,170.6
9099,9099,157.871253,164.058075,39.109208,35.77632,158.60817,157.668448,181.4
9102,9102,159.598862,163.555982,39.335654,43.083329,151.511773,154.793005,174.1
9105,9105,158.982141,167.354464,38.357164,40.146612,110.973034,163.604897,161.2
9108,9108,159.84044,164.628726,37.458509,31.201722,157.658845,154.509908,137.5
9111,9111,157.345948,169.136266,40.315645,34.93915,162.01599,153.882071,140.0
9114,9114,140.07452,164.877176,40.33252,40.831069,146.451267,159.84964,170.7
9117,9117,147.311933,165.607908,33.178781,37.590354,141.225605,162.886626,186.1
9120,9120,139.018762,166.510278,43.257852,38.782692,132.814652,169.17517,176.6
9123,9123,135.664632,166.300725,37.619991,39.630465,138.02722,155.102908,165.7
9126,9126,144.640761,161.683133,38.506298,45.012912,126.984795,161.804972,163.2
9129,9129,131.178599,167.061435,37.040632,42.693547,130.433645,159.079098,168.3
9132,9132,134.737732,162.427136,33.566791,43.540693,159.250192,155.777392,152.3
9135,9135,145.449921,164.953586,28.829931,36.4075,142.894958,170.355222,180.2
9138,9138,139.589283,165.259413,34.315565,39.189417,144.536815,149.401162,200.1
9141,9141,118.752545,170.38591,49.514487,41.109613,110.745949,155.504047,203.9
9144,9144,146.314618,165.678227,33.668258,40.918053,153.787591,167.245036,218.2
9147,9147,147.81791,164.50768,33.9697,42.267915,160.427903,155.217473,212.2
9150,9150,147.826609,165.885244,38.832645,40.856367,158.333749,160.196155,192.7
9153,9153,157.400984,159.099417,49.106657,45.339722,136.833346,168.794165,214.9
9156,9156,163.765536,166.677804,42.273983,39.69702,149.482631,169.792255,240.6
9159,9159,162.935168,165.721505,37.047281,40.949932,155.162818,171.597222,223.1
9162,9162,164.916759,154.961931,23.917157,49.215467,159.852912,159.418114,230.1
9165,9165,170.546584,168.838865,29.780403,46.237175,134.033086,172.370317,235.8
9168,9168,165.250513,161.307231,33.481813,44.41809,145.413874,166.606383,216.1
9171,9171,161.450351,157.110937,23.303225,50.600142,154.930704,173.3258,222.7
9174,9174,162.562329,160.982119,31.909512,48.310273,154.078616,171.337388,257.0
9177,9177,164.061317,155.59261,32.369524,51.941921,153.110965,173.1633,259.6
9180,9180,167.999203,158.6448,23.172921,50.890577,149.714389,177.280352,252.5
9183,9183,167.38988,156.430589,24.316987,50.170744,150.156145,174.515483,244.7
9186,9186,167.900437,169.347229,30.00865,48.355483,145.719082,167.414576,241.8
9189,9189,165.042806,173.311739,30.811886,50.755343,145.845173,172.095158,227.3
9192,9192,164.997116,168.192783,28.998193,51.75368,144.941433,172.184387,225.2
9195,9195,165.461312,166.18957,29.046207,52.644443,143.870252,171.775831,238.7
9198,9198,162.036799,166.695884,27.722003,50.6377,143.631162,169.608346,236.1
9201,9201,157.232266,163.192181,28.989705,50.265831,141.449693,167.903914,221.3
9204,9204,152.70893,167.116547,32.692992,48.118139,140.791889,161.163638,208.8
9207,9207,155.317823,168.468339,30.053301,48.711339,139.478664,157.629116,225.1
9210,9210,151.505844,169.179019,44.564921,46.890023,127.766809,147.356961,218.7
9213,9213,148.137714,172.494804,42.185157,47.102516,125.642729,141.888678,238.2
9216,9216,150.664574,171.646375,36.666809,44.96704,128.623643,146.953622,255.5
9219,9219,134.917136,169.866725,45.294595,44.17059,135.365038,163.44255,228.7
9222,9222,142.200859,173.956091,73.295382,50.08185,126.475885,157.703256,213.7
9225,9225,131.627872,175.853721,89.338271,48.503719,122.661688,147.860846,210.3
9228,9228,134.018575,172.284983,94.616375,47.580168,112.601882,127.475833,194.8
9231,9231,154.968987,164.176027,71.407768,51.226007,114.289237,143.975512,193.3
9234,9234,149.2847,158.009793,40.909078,55.298778,120.730619,145.561919,210.6
9237,9237,156.633476,161.490602,60.436524,51.013095,142.83184,161.866627,224.9
9240,9240,160.811986,162.434813,36.556469,49.447136,139.356591,153.336797,231.3
9243,9243,125.538687,139.258567,82.55838,51.430534,133.821886,164.685003,228.8
9246,9246,160.364823,152.478284,34.34508,65.050323,136.861155,144.721139,211.0
9249,9249,167.249901,162.871109,44.092592,50.843005,154.755082,159.955972,213.0
9252,9252,166.180108,154.21114,39.714002,63.150485,156.558199,141.400161,210.5
9255,9255,136.288478,101.807359,34.359672,129.811571,169.853951,109.333544,221.7
9258,9258,167.192987,147.502754,42.204875,55.271377,145.540535,116.723421,209.7
9261,9261,166.309677,161.560706,54.537222,39.490645,92.377891,144.582121,191.2
9264,9264,148.946885,155.083011,64.7757,39.163986,101.863796,138.060247,179.7
9267,9267,102.974421,158.98758,30.838044,79.21756,121.452658,109.091333,168.4
9270,9270,126.967997,142.345572,67.883616,92.727705,127.355353,97.494628,161.6
9273,9273,135.841256,143.332393,72.431302,43.188897,82.660947,112.465862,195.2
9276,9276,48.409316,159.186253,51.189795,83.565932,152.662575,112.885083,196.7
9279,9279,63.558184,154.13807,62.944739,83.272797,150.382398,119.379958,186.7
9282,9282,128.294327,160.166122,42.910133,93.034942,134.116079,110.467073,187.3
9285,9285,120.728051,155.957416,49.038453,80.126474,144.056703,109.418666,177.8
9288,9288,116.89177,172.898084,86.776265,107.847208,138.568971,120.371261,149.5
9291,9291,102.088933,167.417474,50.415576,112.211348,135.745073,116.228786,139.2
9294,9294,120.309376,161.905675,31.732346,98.475866,151.019454,122.414886,169.6
9297,9297,98.24533,169.878422,29.673154,84.856245,134.81766,112.672367,175.9
9300,9300,113.046832,144.80015,31.283029,81.097953,143.67405,113.654314,151.2
9303,9303,116.211914,150.944187,39.987178,82.374666,143.205658,112.983152,151.3
9306,9306,123.166593,153.62331,41.066466,88.175117,145.385402,117.054346,137.8
9309,9309,101.73205,137.840184,36.238561,84.094757,148.211169,112.527554,116.8
9312,9312,141.833046,166.769902,20.702368,85.998761,137.986476,108.745844,93.8
9315,9315,154.429883,145.23491,22.053936,76.78817,143.495758,106.482069,126.8
9318,9318,137.348436,147.398072,18.713762,86.969425,142.445071,105.198839,138.0
9321,9321,147.776849,160.502862,15.784985,85.154758,138.996422,109.072615,141.8
9324,9324,153.079769,129.108838,30.013505,83.317222,150.288931,108.49286,141.4
9327,9327,143.584735,135.059318,36.041626,84.787994,149.88356,111.543743,114.9
9330,9330,145.496407,125.422253,43.1625,85.528365,151.336226,99.727591,101.6
9333,9333,156.435927,129.052373,78.718918,73.91207,154.250149,109.550859,82.5
9336,9336,142.855664,108.56982,97.785673,86.137266,138.870485,105.887152,90.6
9339,9339,121.99022,126.792605,147.546554,97.905291,150.365005,104.627228,107.8
9342,9342,121.068387,127.390011,150.66053,95.07965,153.191674,111.561148,130.7
9345,9345,111.514732,126.984419,111.850444,87.935921,154.236302,116.261317,126.5
9348,9348,152.555766,120.524541,97.97701,79.647196,152.676748,113.71629,104.1
9351,9351,90.627358,127.650106,93.378427,93.627843,152.802774,110.191224,108.1
9354,9354,153.08751,127.428775,96.077634,86.757253,155.522921,112.642444,129.9
9357,9357,110.945063,128.002051,44.19031,71.723184,157.022888,118.874831,131.1
9360,9360,91.64213,127.703624,161.5797,93.215491,154.81225,119.589583,107.2
9363,9363,29.952018,132.102904,45.131797,72.230471,157.589413,122.306024,80.9
9366,9366,157.543372,161.920979,57.013595,34.344544,107.893865,115.919759,84.7
9369,9369,162.151961,151.859334,70.183574,36.839305,90.79535,112.663083,70.5
9372,9372,148.766888,155.680518,67.678572,28.824895,127.51789,133.356676,67.6
9375,9375,151.665565,158.122203,72.668817,30.100751,112.226948,113.315214,65.4
9378,9378,144.845343,156.886903,86.187344,34.583226,100.874474,132.226938,62.1
9381,9381,147.246419,156.281054,62.343586,43.56869,123.776633,146.781691,70.0
9384,9384,153.722996,149.755328,38.110961,46.963624,122.103557,145.894865,51.3
9387,9387,159.007894,149.95069,31.305388,49.128505,127.037758,154.822114,61.4
9390,9390,151.338952,153.404881,44.46873,42.899573,135.526992,160.453566,62.6
9393,9393,166.369422,151.553646,33.813533,51.795586,135.174329,166.902387,70.9
9396,9396,131.125883,162.521176,93.709731,36.65263,130.123965,159.854445,71.7
9399,9399,132.333835,163.838852,87.145132,35.028414,130.52458,159.792486,66.1
9402,9402,98.61356,165.010107,106.613303,34.626956,132.911262,155.440231,62.4
9405,9405,104.63843,168.78889,105.718626,33.503417,132.121621,155.360553,56.2
9408,9408,115.873147,171.607663,92.386618,35.409506,131.977742,152.654681,46.5
9411,9411,127.81185,167.824719,78.483494,37.154441,134.776323,151.300686,36.0
9414,9414,127.551017,161.100702,77.161266,41.940346,137.367625,151.71645,50.8
9417,9417,125.716427,159.344605,79.884524,44.724633,137.677623,148.436071,62.0
9420,9420,128.850266,168.408866,72.889941,40.457775,141.362393,146.52732,64.3
9423,9423,120.085494,162.251553,82.209815,45.785005,135.805114,140.821099,62.2
9426,9426,123.833189,159.222736,75.014428,42.784907,135.424212,137.583543,42.3
9429,9429,130.52437,161.466045,66.139087,37.516877,144.056012,148.803456,39.3
9432,9432,124.561392,161.204233,67.403632,34.41728,129.1182,145.663255,41.0
9435,9435,133.787994,165.429837,66.363224,35.223127,125.038291,151.479945,41.5
9438,9438,134.619229,158.738007,64.554824,42.478003,104.818346,158.837826,46.9
9441,9441,141.145176,151.862042,59.459599,45.375426,62.498309,159.813432,45.7
9444,9444,143.292296,155.544642,56.879421,39.348606,64.428623,138.490758,29.8
9447,9447,149.825647,156.821228,49.620528,30.24283,67.767998,167.089249,27.2
9450,9450,146.946053,161.199547,53.266921,29.067468,101.372603,155.603336,25.6
9453,9453,147.193934,158.931155,50.626325,28.087748,71.672006,156.276884,33.6
9456,9456,150.810346,154.122776,49.811301,34.565952,78.604723,150.055533,26.4
9459,9459,145.217389,164.663202,54.833463,20.545645,124.822705,156.801868,18.6
9462,9462,145.020026,165.540811,51.411354,21.292063,105.895368,160.046119,23.7
9465,9465,147.810297,161.168619,50.079222,25.356831,134.737348,142.046934,35.6
9468,9468,150.863347,157.619996,47.081946,27.837697,152.985209,157.039336,31.8
9471,9471,148.208694,154.118317,54.593958,40.168115,120.529197,158.189316,26.6
9474,9474,152.426557,152.713097,52.13286,41.986541,130.120614,140.020459,39.8
9477,9477,154.538743,148.818884,47.660035,44.108152,124.811289,150.573736,29.5
9480,9480,154.12126,139.654061,47.888149,40.606777,140.182402,143.951536,17.7
9483,9483,149.157778,147.732274,53.302522,46.053277,146.691897,150.278839,14.8
9486,9486,147.676911,146.278468,51.630751,36.882717,150.319774,149.526482,51.3
9489,9489,152.919074,149.877833,46.813156,42.47263,150.835212,149.566774,51.7
9492,9492,152.469008,145.002364,47.276171,44.253264,141.655899,152.935692,45.2
9495,9495,152.076235,151.432721,47.208474,44.828399,148.637026,150.568446,37.0
9498,9498,156.85814,147.99187,42.85657,41.805941,154.916185,159.422959,37.1
9501,9501,158.226919,140.556624,41.895296,47.964898,150.004217,160.708678,36.2
9504,9504,155.170161,147.152431,41.979284,44.394487,152.429967,156.35143,33.4
9507,9507,155.660633,144.359001,41.587866,44.958315,147.56351,155.252943,48.5
9510,9510,161.558257,152.422578,39.696553,39.345724,150.914515,155.379864,69.5
9513,9513,163.57178,151.309974,38.93175,37.602168,154.253164,155.294967,51.4
9516,9516,164.845746,156.443015,39.880611,36.599717,159.232405,150.793886,41.0
9519,9519,159.58204,146.977717,45.332309,44.104391,159.146504,141.735102,41.3
9522,9522,160.156281,143.257624,45.534841,45.718113,158.609255,136.535482,34.9
9525,9525,163.695443,148.857051,45.624877,44.889393,163.510193,142.582208,31.8
9528,9528,166.044892,145.054792,45.189767,47.527003,161.952465,138.655445,60.6
9531,9531,163.796604,146.709614,47.900004,49.301752,164.311415,138.727566,87.1
9534,9534,169.546837,148.547718,46.361258,50.632252,159.843905,139.776524,83.1
9537,9537,172.86777,139.974022,46.210681,55.725979,153.530003,138.403094,66.0
9540,9540,170.477763,135.289701,46.969168,55.988482,155.445621,135.999148,68.9
9543,9543,177.130943,133.420876,47.465778,60.214318,153.421501,130.751845,65.5
9546,9546,179.221483,131.601274,48.017501,62.584342,148.673895,125.040477,61.5
9549,9549,178.814969,133.952532,48.180575,61.41735,137.752187,119.105741,92.2
9552,9552,177.739017,134.675109,47.116972,63.612639,139.652596,119.213906,109.2
9555,9555,174.18334,133.061805,51.041461,66.039009,133.727389,112.836042,101.6
9558,9558,170.541305,131.451084,51.576017,70.503575,146.040242,123.353761,86.2
9561,9561,172.928911,133.517221,53.10452,72.688931,131.430429,122.49818,85.9
9564,9564,170.120855,123.921145,50.987206,75.109568,138.249715,114.472229,96.6
9567,9567,168.518359,123.173841,51.424931,74.705784,142.087827,112.248089,94.4
9570,9570,175.881915,117.599116,51.587064,82.115881,143.480764,121.032565,103.1
9573,9573,167.671798,116.46369,57.589125,82.523979,132.465508,108.249513,144.6
9576,9576,175.783245,114.861278,56.64372,86.548925,124.687112,106.396925,133.8
9579,9579,164.036159,125.179868,65.603052,81.614188,117.603751,103.762146,115.6
9582,9582,169.216014,119.948858,60.216054,84.311199,123.160536,103.677957,111.9
9585,9585,178.076018,120.553096,52.069649,84.724375,114.31198,101.293268,89.4
9588,9588,178.798674,119.515702,49.021812,85.250834,111.189389,101.424157,97.3
9591,9591,166.171796,121.175952,59.912636,88.868395,97.20992,103.038367,88.3
9594,9594,168.626576,118.940667,56.242901,89.429222,101.928429,114.984406,92.9
9597,9597,169.953668,118.292957,56.176595,90.623365,93.989934,123.524045,93.0
9600,9600,164.469385,132.522505,61.116129,82.682424,99.576669,126.949724,96.8
9603,9603,167.953297,145.867272,52.803692,74.768874,96.865498,125.736387,102.6
9606,9606,177.490509,135.036831,51.685956,84.909387,95.335816,117.149608,86.7
9609,9609,174.001854,139.691013,48.014402,80.033222,83.706903,107.837225,86.8
9612,9612,176.839353,137.509899,42.87321,80.842519,70.759436,101.215518,102.4
9615,9615,166.200632,142.278724,45.937281,76.876474,74.744085,82.559299,132.4
9618,9618,160.594954,143.952253,51.850871,77.025443,76.645297,84.028253,114.4
9621,9621,165.484751,137.479506,50.750358,90.061782,86.586287,87.113532,108.1
9624,9624,167.365404,149.214435,45.978066,76.980652,88.060827,83.922917,97.3
9627,9627,159.107977,146.796692,49.786583,74.511798,96.36426,79.121634,83.2
9630,9630,165.047314,142.040645,44.989625,83.432401,92.770236,82.229803,86.1
9633,9633,163.135342,142.365812,45.178468,79.427629,91.891776,83.026262,89.8
9636,9636,161.887789,141.380242,40.810453,76.472241,87.556225,98.178282,102.6
9639,9639,165.281207,140.688495,42.606753,75.405276,91.965225,95.238474,97.0
9642,9642,168.971176,149.714548,34.863662,64.372458,68.842237,88.215976,86.1
9645,9645,165.474192,146.062982,34.510946,70.624083,66.901977,100.381342,74.1
9648,9648,166.684268,161.253162,37.576291,58.744785,78.427145,102.802646,65.7
9651,9651,167.97214,142.586386,36.117675,80.719658,72.792263,93.713808,51.3
9654,9654,165.967603,148.56125,35.551278,79.082904,79.144761,103.824603,45.4
9657,9657,152.046037,136.721432,32.788414,95.111946,87.458037,96.325828,62.1
9660,9660,168.335269,147.572154,31.395136,72.650457,80.271796,94.347719,71.3
9663,9663,164.763012,146.868938,31.540546,69.34787,72.956837,82.164908,43.8
9666,9666,164.93393,144.894853,30.279873,70.035342,66.970914,81.111175,31.5
9669,9669,157.198834,148.079742,33.334489,67.607566,61.333796,81.523146,46.1
9672,9672,169.485711,116.077282,25.388406,94.215097,63.686304,110.543748,47.0
9675,9675,169.391808,140.908528,25.333792,72.060518,63.110991,91.60989,26.5
9678,9678,172.107062,130.771235,23.904569,87.816991,77.472668,81.428862,41.6
9681,9681,169.480732,154.740607,24.998345,61.972235,66.418214,91.520614,47.9
9684,9684,175.667498,146.672772,21.302512,75.456921,74.446048,86.696341,39.1
9687,9687,167.304213,142.56,21.010547,70.532233,61.794044,91.266229,43.8
9690,9690,164.464867,130.785671,22.75317,79.909953,60.095533,93.965064,23.7
9693,9693,162.978712,130.47207,24.774369,78.353943,51.031819,99.470213,19.9
9696,9696,163.948547,126.245147,22.577904,82.673402,49.927624,90.95928,18.2
9699,9699,159.241647,123.697658,25.995942,84.394535,54.552829,87.360191,37.9
9702,9702,162.011265,138.629986,21.087001,71.516865,57.179216,78.063216,45.1
9705,9705,159.53987,145.595919,16.454793,69.066348,63.130392,69.758366,28.7
9708,9708,169.038979,113.832246,20.134658,92.807701,49.697334,102.351101,17.7
9711,9711,168.969688,133.87691,15.996005,84.556046,73.203689,91.949567,18.8
9714,9714,167.961104,153.829047,20.191833,78.939439,88.140842,84.443032,18.9
9717,9717,163.184855,140.418537,29.598716,75.917151,76.058288,101.744467,18.4
9720,9720,173.862592,144.63558,32.050081,77.677721,78.406814,73.332596,38.6
9723,9723,157.688257,171.156782,46.821045,62.659888,83.999783,85.388079,40.4
9726,9726,158.931064,161.082683,43.830056,65.206393,78.853417,72.604201,30.8
9729,9729,166.703302,156.129449,49.899975,80.965308,90.315685,80.775367,40.2
9732,9732,162.408431,130.955382,43.263206,100.071967,103.805216,90.222972,33.3
9735,9735,160.396457,147.533138,49.087411,85.057481,100.849472,81.160596,27.5
9738,9738,158.282419,130.320407,48.026939,102.344309,110.697346,87.222444,25.7
9741,9741,153.55975,138.299908,51.378871,99.710728,112.433236,87.631511,22.8
9744,9744,154.800524,139.031415,45.557461,90.024123,97.411305,84.178546,21.4
9747,9747,155.083517,169.697246,44.043429,68.930643,91.261952,84.596271,21.4
9750,9750,155.979869,139.424952,44.175007,94.974257,89.485422,90.159131,26.4
9753,9753,159.745983,137.458888,42.601011,104.783629,107.568056,89.270819,23.9
9756,9756,163.927846,149.252366,49.985798,98.669137,100.645719,83.588442,29.7
9759,9759,161.727027,143.358481,59.48089,103.546183,100.939921,83.631318,28.9
9762,9762,166.628666,137.597854,55.024801,105.040163,110.614413,87.401755,31.4
9765,9765,174.175433,140.636028,53.8944,95.722359,115.453082,95.269836,40.7
9768,9768,169.933399,137.965058,58.127288,105.4897,126.760075,103.793347,33.1
9771,9771,171.699714,133.304047,52.578437,100.629196,137.749051,99.75037,35.6
9774,9774,161.507138,129.021162,51.421709,101.649401,143.636394,98.201692,34.1
9777,9777,161.294159,125.995101,51.52177,101.074961,140.816026,98.975102,46.2
9780,9780,163.670705,125.099238,51.631607,103.353414,139.750211,100.977782,37.2
9783,9783,166.025499,126.295316,52.258834,103.778926,144.364953,107.189759,56.1
9786,9786,160.777797,121.277878,52.147998,101.008423,153.786926,110.793395,66.4
9789,9789,148.991451,135.436129,51.849275,91.957505,167.662078,114.627043,58.5
9792,9792,151.977801,128.552941,54.069995,96.433182,167.02302,122.961997,58.2
9795,9795,154.621336,130.996049,54.596009,93.800825,167.505904,126.192083,73.2
9798,9798,150.49737,133.098905,54.727042,91.390671,172.265806,131.577708,71.3
9801,9801,153.875544,135.369075,54.279425,89.005925,172.68629,134.466545,73.3
9804,9804,156.72165,127.894277,52.441413,90.456696,169.177703,134.20384,94.6
9807,9807,157.508123,130.802146,52.400268,85.952581,164.410529,137.199428,97.1
9810,9810,157.407287,126.277997,53.108789,86.128698,159.527665,136.629408,91.1
9813,9813,160.512322,130.313938,49.835375,75.36093,148.784774,129.183148,94.7
9816,9816,163.186763,142.479189,49.003845,65.017427,162.236343,134.763277,68.7
9819,9819,159.787923,145.921345,48.691543,59.196749,145.544372,135.894574,69.2
9822,9822,161.48386,149.657891,44.854079,52.725734,160.016498,144.730342,63.2
9825,9825,164.379846,156.731074,43.501132,51.47118,165.992633,154.910256,49.6
9828,9828,164.665701,157.034241,43.610885,49.645788,164.148983,153.810053,42.0
9831,9831,159.097748,158.136816,41.632944,44.008322,162.950917,154.691802,62.4
9834,9834,153.196351,161.956462,39.438619,42.827992,150.728507,157.161455,79.2
9837,9837,163.243144,158.114177,35.659429,43.434508,159.453406,158.556778,64.9
9840,9840,150.173144,165.03443,40.126613,38.620353,160.210763,153.891327,62.6
9843,9843,150.388152,163.205077,40.027541,44.346866,139.372979,163.810254,50.2
9846,9846,149.225304,154.744927,41.76489,38.719394,150.343135,151.967704,51.6
9849,9849,152.012104,150.356671,43.838221,38.33343,147.293702,147.858872,47.0
9852,9852,149.399166,154.179917,42.641828,47.453255,131.704712,162.525739,37.7
9855,9855,150.260747,176.687345,38.754151,28.27878,142.630928,162.337585,61.9
9858,9858,149.476452,149.597894,40.201992,36.531981,121.698776,158.391661,77.5
9861,9861,153.377306,159.846434,37.303465,31.350945,126.176394,166.549514,85.1
9864,9864,149.070668,157.138527,38.452303,34.599858,115.776971,165.101431,75.5
9867,9867,153.497498,163.121174,37.954069,34.88295,118.678328,169.057523,71.1
9870,9870,149.843969,148.405631,44.826498,41.268007,121.670975,149.919668,48.2
9873,9873,144.180947,158.727046,45.916387,37.838379,147.934751,147.796382,57.4
9876,9876,153.188799,161.691225,38.972998,30.185255,127.685895,163.225647,107.1
9879,9879,144.61297,164.562504,45.307079,35.146645,149.816536,168.565716,149.6
9882,9882,138.184739,162.79411,50.51358,35.276362,141.022012,163.218644,169.8
9885,9885,138.930729,162.999034,51.256487,33.12312,136.679274,161.248465,160.4
9888,9888,141.865236,174.646311,52.115303,35.36173,108.907621,154.198168,167.8
9891,9891,139.422269,169.352917,54.28429,36.999317,116.674209,141.484935,176.0
9894,9894,131.88989,161.904461,58.231174,37.199266,98.345302,159.290427,166.7
9897,9897,130.105906,173.331959,59.793795,34.399341,151.396646,146.400212,171.9
9900,9900,132.720105,166.204183,61.34675,35.075145,135.889275,141.940192,183.6
9903,9903,129.086436,171.05134,67.075243,30.387659,130.956003,128.646039,170.8
9906,9906,123.973333,172.55168,70.266975,30.53905,132.098788,137.539178,170.1
9909,9909,123.830544,167.300429,71.560757,31.54572,139.688383,140.692565,167.2
9912,9912,117.985365,160.605768,77.052381,40.442996,128.776223,132.895877,151.0
9915,9915,111.452702,167.404762,87.840915,38.922586,123.390591,118.883097,138.0
9918,9918,117.309156,159.181363,83.474437,48.206878,129.551341,122.01866,160.1
9921,9921,118.361576,169.59933,82.480255,42.002103,118.092622,126.426619,180.1
9924,9924,115.12767,170.908623,84.202765,42.269079,113.348265,116.621531,164.1
9927,9927,114.142144,166.877785,85.773266,44.449218,114.198906,119.514379,143.5
9930,9930,119.23537,162.763557,84.919076,47.727622,106.290838,112.882935,150.2
9933,9933,114.334676,165.52469,89.490154,47.826509,106.471031,117.74205,144.1
9936,9936,113.341268,165.121885,90.316393,47.864585,111.888159,118.622353,146.2
9939,9939,111.703994,166.573398,91.251062,46.658265,110.89639,116.801652,141.7
9942,9942,107.792181,167.182641,93.822529,46.34224,110.863131,112.019179,167.5
9945,9945,114.945369,164.857149,91.097433,48.563324,101.678985,107.680822,169.7
9948,9948,117.776308,163.312161,88.800202,49.148194,98.777404,110.259386,149.2
9951,9951,115.211294,163.740443,89.743891,47.07875,105.135126,115.73714,142.6
9954,9954,117.117535,163.080281,89.636643,47.906458,103.626121,115.896464,137.3
9957,9957,122.77279,160.635434,85.853334,46.553861,99.052097,117.075145,134.3
9960,9960,124.103373,158.36043,86.117939,47.014549,95.730335,114.169623,140.0
9963,9963,122.818442,163.745626,86.883832,45.3304,102.774484,116.741062,170.3
9966,9966,124.472893,161.113619,85.660758,44.259776,104.001182,118.444532,173.9
9969,9969,113.892824,162.167283,96.376363,44.883829,97.053272,113.377765,158.9
9972,9972,117.674538,166.511743,93.560457,42.733124,93.816292,109.026829,161.2
9975,9975,117.23693,160.673654,97.43424,47.010573,99.130481,115.850623,161.9
9978,9978,121.963025,160.678696,93.665186,47.990583,94.014966,105.162998,160.8
9981,9981,120.062182,158.698739,94.845001,50.446674,82.828191,107.097403,134.1
9984,9984,130.114423,155.466103,89.670144,50.56752,89.663595,117.188646,156.2
9987,9987,125.725825,152.534827,94.035113,51.345124,98.802423,111.808963,169.9
9990,9990,132.155232,153.568428,86.89626,52.266385,96.040546,120.871554,168.2
9993,9993,126.088067,155.339169,94.270364,53.851537,96.218383,108.997599,149.5
9996,9996,131.702945,145.457605,91.694396,55.779884,90.480186,135.20038,144.3
9999,9999,122.149821,150.355543,95.006727,50.114499,87.997579,116.287936,121.2
10002,10002,127.991553,145.680696,92.328086,51.002897,88.957389,130.356091,144.1
10005,10005,141.458737,135.611437,81.403933,53.829309,86.556257,141.636364,158.8
10008,10008,155.892526,135.310395,67.448316,51.422314,90.336583,135.040043,170.8
10011,10011,132.423622,145.470484,93.282617,48.878876,81.846553,127.903819,139.9
10014,10014,137.186107,147.392315,85.6541,48.491588,87.393193,119.332625,128.4
10017,10017,121.452247,154.910373,97.822636,42.912824,88.723459,125.990961,112.0
10020,10020,148.181141,152.823856,78.672976,40.897712,87.61134,128.150564,125.9
10023,10023,118.970997,154.622969,100.195788,41.869639,90.796672,128.983146,160.3
10026,10026,158.016406,146.775406,78.629981,41.50842,86.616987,119.313544,186.3
10029,10029,132.86197,149.468461,88.679208,40.464019,79.371768,124.494422,169.0
10032,10032,131.515081,150.681158,94.737954,40.587924,86.193989,133.305036,171.1
10035,10035,136.661802,153.562618,83.176442,36.153705,86.935461,120.183533,155.3
10038,10038,128.508027,156.93945,91.562914,35.477187,87.201343,123.910965,136.7
10041,10041,126.515042,158.618465,95.22117,34.268106,85.658199,121.45666,132.3
10044,10044,118.360814,161.506225,99.064285,28.920571,83.94143,109.370317,159.5
10047,10047,117.412992,161.609329,105.406067,28.682043,86.251253,120.117496,177.2
10050,10050,125.68826,165.178427,98.727397,27.628647,82.334184,99.212596,154.1
10053,10053,126.914413,164.206449,97.582597,29.2565,79.719203,114.716981,160.8
10056,10056,127.683721,162.463167,102.930706,23.346299,83.289215,103.777059,158.9
10059,10059,138.442804,154.429923,92.96781,27.061109,84.820819,116.342824,166.3
10062,10062,132.035975,163.862345,94.753164,26.29574,72.708065,110.034822,147.3
10065,10065,125.637039,157.918976,99.621976,23.583578,73.174387,107.244603,143.7
10068,10068,121.110989,162.405694,101.235384,21.794921,70.886789,94.007952,167.8
10071,10071,120.27659,164.822084,102.509165,21.728207,84.557713,103.830068,173.7
10074,10074,123.625941,167.503321,103.31806,24.600591,86.896301,114.329102,172.0
10077,10077,123.275156,166.452789,106.801818,28.346968,95.04372,128.91605,162.8
10080,10080,123.002133,164.857549,109.901759,37.320279,102.176926,142.687108,148.3
10083,10083,135.148577,149.75513,101.38469,40.37174,96.044042,132.353715,135.5
10086,10086,131.367391,139.045714,105.498527,49.929103,92.278802,137.42166,135.8
10089,10089,132.866455,138.386693,109.174013,54.253376,93.106917,123.842954,178.2
10092,10092,112.923434,112.725003,118.089527,58.577346,92.75909,113.991131,206.8
10095,10095,111.48543,151.235022,112.473748,43.939748,97.441837,131.022211,189.6
10098,10098,121.815395,151.661947,103.537946,42.788217,101.922042,135.608519,181.9
10101,10101,112.974629,131.659856,113.356416,46.754023,101.568299,136.409974,168.4
10104,10104,114.703207,163.592497,112.54036,39.648556,102.178737,134.219595,156.7
10107,10107,118.925285,170.447293,104.571416,30.772852,107.220256,132.238575,138.6
10110,10110,115.032357,162.914585,101.921887,29.839663,103.117442,122.463165,114.3
10113,10113,112.125227,161.625075,102.32582,29.371995,110.810052,131.612496,112.3
10116,10116,105.448453,166.640499,105.371083,25.979025,120.178178,144.160977,121.9
10119,10119,110.711069,169.093308,101.898499,26.929634,120.016052,145.935782,133.5
10122,10122,106.8677,169.317521,101.40414,28.413793,124.306311,148.88831,133.0
10125,10125,123.824097,167.654645,84.945788,27.833142,131.055385,149.195138,129.0
10128,10128,118.267074,160.994278,90.627395,30.020345,123.509185,137.781777,111.0
10131,10131,115.067098,163.798668,92.274783,30.191013,124.02176,139.093777,111.9
10134,10134,115.243091,168.767711,92.075188,33.518725,121.074755,134.702906,105.3
10137,10137,110.895944,167.140353,94.337204,33.858137,119.062316,133.346934,85.3
10140,10140,114.632975,170.016851,90.622811,34.146536,132.933951,135.025576,125.1
10143,10143,115.587843,171.229673,86.773152,30.296278,139.213793,138.450051,135.9
10146,10146,111.097707,169.622389,91.413301,27.0588,140.107285,134.507416,119.6
10149,10149,102.254147,166.045434,92.802448,25.663477,154.707016,150.906748,110.6
10152,10152,111.538177,164.684809,83.270624,31.979014,141.140678,156.402178,90.4
10155,10155,124.183939,166.167829,75.716808,35.789861,139.356622,156.08936,82.5
10158,10158,130.969392,159.72987,71.34333,36.145938,136.830732,155.758214,75.2
10161,10161,131.40226,155.124074,68.956551,35.150036,148.459531,154.528005,57.7
10164,10164,133.04287,151.630778,66.596176,35.269347,148.447803,153.094314,74.1
10167,10167,123.730654,155.748413,67.935921,38.500844,149.291822,151.250713,79.0
10170,10170,135.41032,153.675829,63.40607,41.253096,132.224048,132.049815,74.8
10173,10173,138.984885,157.098656,58.231345,38.270509,131.586093,151.764429,76.5
10176,10176,143.042699,158.774134,54.05456,28.736828,151.100161,162.578296,78.8
10179,10179,141.351261,161.653139,52.618397,27.171504,157.596831,148.260899,61.8
10182,10182,148.377809,161.744368,46.35748,25.168543,153.631321,147.852035,50.1
10185,10185,149.138229,160.499158,45.499403,29.228495,162.762599,162.766986,40.2
10188,10188,148.675015,162.565814,51.312938,36.708311,157.189482,165.032265,60.7
10191,10191,147.828608,147.110739,50.86951,49.437024,155.128222,159.667409,77.8
10194,10194,149.297547,149.028981,47.280659,44.387592,160.622842,159.375642,67.6
10197,10197,153.576334,164.152767,46.832091,38.457594,164.120834,153.960252,61.2
10200,10200,152.379414,156.339649,46.5914,38.3593,163.795409,165.298504,62.8
10203,10203,152.381222,153.02236,45.465562,34.895672,164.522167,166.137545,39.1
10206,10206,156.378391,153.650112,44.810952,37.117833,163.626904,163.408665,43.4
10209,10209,157.896053,152.123964,42.110842,39.803099,162.746531,162.70072,33.0
10212,10212,154.782963,159.124275,42.36707,37.693559,160.532335,158.506042,84.6
10215,10215,154.757701,154.800567,40.372764,37.444254,168.043568,163.736434,80.5
10218,10218,156.136378,160.784492,39.400329,36.937971,165.823911,161.750133,56.6
10221,10221,160.008869,154.792211,40.814221,37.765625,166.063051,161.016723,52.5
10224,10224,159.449983,154.44555,39.104402,39.820767,168.770897,163.188489,42.6
10227,10227,168.830788,156.895543,38.34053,39.178358,162.008096,162.80929,26.3
10230,10230,166.501748,148.718796,38.179807,43.693126,159.405548,157.431607,32.4
10233,10233,166.943982,145.275983,41.972308,46.938668,159.138956,151.515543,38.5
10236,10236,165.032137,143.486555,43.55568,47.74943,156.287805,145.329314,56.2
10239,10239,165.022928,149.467926,43.220934,48.092019,156.356942,143.647405,65.0
10242,10242,171.941133,149.308108,42.652872,48.931743,154.007809,140.195473,68.1
10245,10245,174.767665,142.75086,40.227018,58.204119,143.814513,152.535903,66.8
10248,10248,173.816205,139.322903,43.64523,59.747488,157.209255,149.692474,72.2
10251,10251,172.742365,145.347001,43.478125,55.28713,162.812131,152.354313,73.0
10254,10254,172.913959,145.050654,42.773978,55.96994,170.597553,153.157297,69.5
10257,10257,167.562058,146.802311,43.156447,54.575001,174.659038,150.15165,81.9
10260,10260,173.722673,144.950949,43.832176,55.263633,171.984163,149.285496,82.1
10263,10263,178.245675,142.630142,42.977426,59.41621,156.895928,144.834471,73.7
10266,10266,173.031083,140.938502,44.870821,65.174594,162.535001,141.833148,74.0
10269,10269,177.061338,133.545323,47.238695,68.298957,151.789655,133.018606,76.2
10272,10272,175.690565,133.651211,46.890531,65.678667,154.718173,128.721958,83.4
10275,10275,176.72176,132.946597,46.655544,68.966111,160.531774,133.265043,97.1
10278,10278,173.702496,131.705056,43.734678,72.021015,156.215157,137.304157,108.6
10281,10281,177.792327,128.963965,44.778733,72.325755,163.110201,138.012549,89.5
10284,10284,175.049234,123.453243,47.014698,76.927317,164.487194,142.683205,89.5
10287,10287,176.064141,118.916956,50.472624,78.747167,160.21813,130.19585,82.8
10290,10290,176.128899,126.046451,49.299574,73.822332,158.124669,125.474425,63.5
10293,10293,173.594852,122.669652,51.956191,77.765982,158.515152,126.931374,66.1
10296,10296,169.732697,116.634741,53.591306,80.192265,144.703716,115.054366,84.9
10299,10299,175.088107,114.072778,52.27998,83.547146,152.087063,118.633266,106.0
10302,10302,174.459982,115.451358,52.604451,86.389681,147.832274,119.759808,111.7
10305,10305,169.562457,118.494963,53.8581,91.317301,149.106647,126.15732,95.8
10308,10308,167.868025,117.478633,53.770587,89.512725,149.995999,123.798302,101.9
10311,10311,165.222974,118.782773,53.837944,90.062687,147.296092,122.353825,92.0
10314,10314,174.789557,119.674227,49.678116,87.143118,115.150671,98.657034,84.4
10317,10317,178.13047,125.041298,51.150674,86.805653,116.147079,92.622129,107.8
10320,10320,176.570235,131.916778,48.981701,79.342979,113.143823,94.773974,103.5
10323,10323,168.405662,131.316708,52.097753,81.897168,108.603424,103.291353,112.9
10326,10326,168.166074,134.143341,50.486102,78.486922,104.205699,104.653552,95.6
10329,10329,167.697761,135.808714,53.162749,75.688082,107.16071,114.492522,93.9
10332,10332,170.297805,136.905501,49.655196,79.7882,90.458196,111.152033,84.3
10335,10335,173.795553,137.934941,48.105379,80.653056,96.891127,105.992796,98.1
10338,10338,160.623804,133.539764,41.791194,88.342168,81.560191,97.83059,132.2
10341,10341,169.213056,148.425966,42.749033,73.358491,68.505196,72.186921,110.2
10344,10344,166.786244,139.466736,44.990983,89.964427,83.722293,89.777882,108.0
10347,10347,157.838868,131.010453,44.387178,98.743784,94.426085,91.736844,96.0
10350,10350,155.02979,135.374072,49.995192,101.252303,98.98405,91.005411,94.2
10353,10353,152.944949,138.217385,48.49104,94.321634,95.69843,79.813025,59.5
10356,10356,153.189474,145.675733,45.048397,85.363014,86.704016,74.525464,69.3
10359,10359,158.153467,143.413589,43.228123,77.523885,88.969971,76.688906,79.1
10362,10362,158.188331,142.91257,37.014265,83.293068,87.476455,96.495362,88.9
10365,10365,161.868538,145.959375,43.012194,79.742319,86.448931,87.309441,70.6
10368,10368,161.477392,156.653749,49.485322,78.655002,89.066804,93.141391,64.3
10371,10371,168.18627,144.285597,36.553704,83.222351,78.274337,100.289389,63.8
10374,10374,162.300011,138.57143,39.796889,94.121878,92.905355,105.861235,54.9
10377,10377,167.715473,135.699978,46.366543,109.401371,102.115752,93.323987,52.8
10380,10380,163.346763,146.407176,48.503752,99.173951,104.589177,93.401661,83.2
10383,10383,159.160424,132.739172,43.051566,108.244739,99.359805,110.834689,98.6
10386,10386,158.869031,128.374576,46.001679,120.859108,108.006496,104.970146,84.3
10389,10389,146.671112,164.912502,51.667908,101.844695,112.751653,101.79435,71.3
10392,10392,173.993263,154.861894,46.057708,90.666481,99.59374,108.859479,85.0
10395,10395,152.515131,139.723603,41.065174,92.582869,92.079569,105.381817,111.3
10398,10398,146.043802,150.024497,39.220823,96.599386,95.392712,102.536711,98.5
10401,10401,174.663122,172.167301,79.336931,96.385923,107.462619,107.374878,87.2
10404,10404,133.706594,148.463525,52.705795,78.83726,79.365122,77.58104,103.0
10407,10407,172.193602,152.693528,30.096672,78.606792,83.352278,78.39719,133.2
10410,10410,161.008075,141.765917,28.523336,79.062414,69.540643,80.787093,84.4
10413,10413,168.608912,142.021537,24.48832,80.564106,82.852338,90.275579,51.5
10416,10416,128.473651,140.405219,49.291782,85.587084,71.082824,88.086635,27.5
10419,10419,163.096344,120.721071,22.019772,96.947309,68.156796,87.065425,43.6
10422,10422,142.577857,137.368872,32.336447,89.058753,72.119691,96.581317,67.0
10425,10425,167.307448,140.622314,25.741741,81.402914,84.758257,83.165193,64.7
10428,10428,160.613593,126.203187,28.886653,95.446633,75.377357,78.260227,62.7
10431,10431,167.828461,140.618114,38.450751,86.639846,89.56174,79.120554,42.7
10434,10434,174.165535,149.702507,39.473664,86.503663,87.006848,80.723539,47.5
10437,10437,155.425337,149.324931,47.228968,105.040024,105.013299,92.174262,56.0
10440,10440,154.583679,139.413725,50.722409,107.276397,100.517394,87.085077,49.6
10443,10443,162.512059,140.914334,47.199287,100.017135,109.465701,86.015631,60.0
10446,10446,150.457655,131.163304,50.461353,104.102889,112.959758,98.421833,51.6
10449,10449,148.941775,129.38956,46.055245,114.291042,112.032459,98.845719,52.4
10452,10452,153.809022,140.363101,50.368082,109.216452,105.426955,92.770876,78.5
10455,10455,153.936321,147.794771,60.007717,117.491391,114.399412,97.04262,63.4
10458,10458,161.537173,136.996275,59.983585,117.473215,117.851885,95.0733,68.9
10461,10461,170.043527,139.99267,57.955734,112.170743,110.652801,98.67425,57.1
10464,10464,168.544978,138.310541,62.920185,111.353868,112.05863,99.738196,59.9
10467,10467,161.626522,140.872751,64.19471,109.08362,112.596231,85.5079,63.0
10470,10470,170.808953,134.26008,58.299814,113.782445,115.332663,87.557506,53.7
10473,10473,171.474717,127.975076,56.42524,117.799932,122.841801,99.957182,92.5
10476,10476,172.533015,129.584581,54.861212,116.321083,130.356837,101.489719,122.1
10479,10479,164.073511,133.767293,56.246556,105.827907,144.740627,108.252889,117.1
10482,10482,161.796089,128.569016,54.1582,106.088134,152.417776,114.936378,104.6
10485,10485,164.672536,119.587309,53.944671,106.431367,157.767346,120.670277,123.4
10488,10488,154.66301,123.838935,53.081273,99.786886,164.990506,123.387122,108.0
10491,10491,149.788042,127.318068,53.036985,97.122847,166.715906,126.839329,94.2
10494,10494,153.125347,119.967499,52.99586,100.425826,170.601516,133.174383,92.5
10497,10497,155.630915,124.771429,52.691353,95.807726,171.301116,132.517665,135.9
10500,10500,144.757723,127.031446,54.855731,94.892653,155.830096,115.158764,173.0
10503,10503,146.17933,132.923458,55.246355,87.569965,152.38349,113.99353,158.3
10506,10506,148.673735,131.426317,52.262874,84.548138,147.059218,125.483825,191.2
10509,10509,155.998459,139.017315,47.170093,71.69959,158.411017,135.827452,170.2
10512,10512,155.29576,137.983373,46.360884,71.147079,161.574775,138.406428,162.4
10515,10515,151.804186,148.46334,42.556872,63.953312,153.233301,137.917528,138.3
10518,10518,152.858236,150.230604,42.211156,59.62888,161.144204,143.084648,129.4
10521,10521,152.969992,151.056301,39.587672,58.766221,164.175907,145.072812,186.5
10524,10524,156.726069,154.017757,37.062344,44.829356,166.513921,152.781227,198.4
10527,10527,157.326105,154.658144,36.943399,46.73152,161.513749,152.369086,207.9
10530,10530,156.861892,150.203078,37.290515,48.27616,164.218997,153.662994,198.4
10533,10533,152.827226,150.543841,37.998766,47.738421,166.895262,156.920143,184.1
10536,10536,153.934592,155.166969,36.967354,45.73176,160.899079,153.390783,195.3
10539,10539,155.4381,151.793171,38.006401,46.222088,161.67013,151.528917,184.3
10542,10542,156.991769,152.03366,36.465419,45.455395,150.684633,143.373876,191.4
10545,10545,154.759648,155.505382,35.918247,42.317207,161.453963,151.266542,228.2
10548,10548,158.475261,155.974915,36.039888,48.839091,142.767903,140.984173,238.6
10551,10551,162.056416,154.375037,30.200974,48.558404,148.744033,152.805703,235.3
10554,10554,157.474755,159.782829,34.076771,38.020167,160.746343,161.92134,219.9
10557,10557,161.183617,163.036444,36.181352,48.802541,154.26852,151.881223,184.5
10560,10560,152.717738,146.287586,35.121994,43.067571,159.612373,139.989721,190.4
10563,10563,155.478208,155.147654,41.01733,54.282102,159.256148,155.282725,193.9
10566,10566,153.357396,114.758517,46.426258,121.405734,126.140058,136.362329,229.0
10569,10569,154.086224,150.128048,40.182894,77.665418,149.440012,157.431711,234.0
10572,10572,151.700065,152.182639,46.704871,57.296172,106.942102,138.857962,237.7
10575,10575,155.45613,145.752884,43.252522,50.643042,140.004056,155.99143,236.9
10578,10578,151.748271,151.179572,46.071214,52.008117,105.767276,145.126279,226.5
10581,10581,155.175446,158.180283,42.960671,44.689475,75.533483,148.44237,212.8
10584,10584,154.361148,157.023442,44.86182,45.536352,87.88979,152.493784,213.3
10587,10587,156.578849,156.816806,41.140748,45.641883,99.773101,168.658285,241.7
10590,10590,157.366532,150.737721,40.009116,46.339422,127.574223,166.780256,256.7
10593,10593,153.547376,151.644659,43.672246,48.059995,94.910816,146.233002,236.5
10596,10596,153.223307,149.16868,44.326185,46.75781,138.488049,156.488228,242.8
10599,10599,150.691825,154.165295,42.53331,45.206505,101.944979,155.464389,225.6
10602,10602,148.121116,153.093873,44.536378,42.324599,105.110495,131.066196,232.9
10605,10605,148.101482,151.032483,48.601019,49.069538,119.627596,128.088454,238.3
10608,10608,150.937608,153.736721,46.216447,48.478856,118.623255,127.564579,264.1
10611,10611,148.263363,157.852794,43.891393,44.214316,83.801224,99.599094,278.2
10614,10614,148.976874,157.925219,45.603865,45.596052,94.529891,97.606023,285.6
10617,10617,139.281721,161.249778,53.9693,46.224906,86.526329,100.767861,271.3
10620,10620,151.553407,161.107949,42.845132,46.610546,89.850949,110.955185,254.9
10623,10623,145.769747,163.607541,50.60429,47.321761,77.458034,96.780008,252.2
10626,10626,149.478879,166.250947,45.577766,46.327737,71.250917,77.579076,264.8
10629,10629,146.514125,163.638452,53.141888,49.133338,83.385094,94.243554,287.3
10632,10632,148.800186,163.530069,49.453824,49.418932,97.545809,105.545934,290.5
10635,10635,152.702409,167.823858,45.211724,46.52624,93.116623,105.676742,272.2
10638,10638,144.544458,169.434101,52.956225,45.553814,96.269417,102.326043,261.0
10641,10641,146.846948,170.044929,51.830421,45.9183,105.809137,110.820955,240.3
10644,10644,142.571604,167.947286,55.759081,48.384123,98.523028,101.984375,233.1
10647,10647,143.680814,166.239431,54.335481,47.950032,101.822197,106.252485,265.3
10650,10650,140.248213,163.791218,61.739536,47.628231,109.500442,113.788098,254.8
10653,10653,137.954478,163.683319,63.396423,45.173005,113.376552,119.589648,260.2
10656,10656,137.57115,156.375912,67.045803,48.158382,104.438033,122.842693,258.2
10659,10659,135.127823,158.694154,67.940904,46.642998,103.613141,121.923425,271.4
10662,10662,135.337882,159.347535,66.353048,45.886086,100.459984,112.129576,257.2
10665,10665,135.751832,155.34647,69.183068,46.220901,100.83865,113.069363,250.8
10668,10668,128.84427,153.932381,75.107705,47.779614,100.938461,116.834164,259.9
10671,10671,121.366732,151.886568,81.627235,49.832837,101.064694,121.171651,258.9
10674,10674,122.615227,151.617627,81.926495,50.05907,102.133557,127.71521,252.5
10677,10677,123.356639,158.04638,82.759782,46.749812,107.462352,139.61427,261.9
10680,10680,125.309992,154.744589,84.64348,47.959894,100.939493,135.021367,263.5
10683,10683,130.161076,149.760382,84.549705,48.903834,100.508173,133.165719,232.3
10686,10686,128.568215,149.588957,87.347085,49.774576,101.015218,134.387632,236.8
10689,10689,121.762039,148.159505,92.25709,52.399166,99.483522,137.055646,240.6
10692,10692,136.702553,149.937614,86.759914,51.936529,94.889296,145.168976,258.3
10695,10695,162.162346,129.394131,66.422576,54.413126,83.099172,145.674852,247.0
10698,10698,149.720342,128.336067,78.931062,54.642741,79.195697,144.740645,227.5
10701,10701,134.083892,88.087304,98.272363,57.848948,73.355294,154.864556,230.2
10704,10704,157.593323,127.607851,77.014542,57.842277,85.341174,134.249668,204.2
10707,10707,154.048656,116.120517,79.926076,56.916085,79.702532,145.788999,227.0
10710,10710,138.505885,142.36703,87.43505,45.576555,84.603654,132.068323,235.3
10713,10713,158.263325,139.021697,74.646208,46.335003,86.364839,144.428162,221.9
10716,10716,155.564149,144.347425,71.843771,42.628622,91.497508,148.25023,208.0
10719,10719,150.342583,146.972249,80.60177,41.509082,86.900182,147.968207,194.5
10722,10722,162.163721,102.229913,70.691625,47.559902,83.627057,152.628934,218.0
10725,10725,136.568975,149.752596,91.98912,40.118298,84.244283,136.588119,216.0
10728,10728,140.046553,148.894981,88.871346,41.637211,84.220102,143.507395,220.5
10731,10731,136.984048,158.532534,94.612723,40.098744,77.475179,135.875402,220.8
10734,10734,137.860561,150.93481,91.143656,38.636952,78.605453,135.835747,207.8
10737,10737,143.430282,150.797483,86.031786,38.492226,82.057331,143.151043,192.5
10740,10740,134.486461,157.826111,95.941881,37.31927,83.766278,138.215689,184.0
10743,10743,136.307576,161.240826,85.682718,31.793401,78.217107,128.075765,163.7
10746,10746,146.769972,158.443046,81.709985,31.39819,76.459811,124.642341,194.1
10749,10749,136.090163,158.319352,94.859725,31.344136,80.963339,130.532021,185.5
10752,10752,148.307503,153.629197,81.19546,30.568792,78.664264,128.462673,202.3
10755,10755,155.673069,157.311211,72.86239,28.277942,79.230938,137.295158,188.2
10758,10758,140.89869,158.242375,83.821779,26.57992,82.103197,119.747264,153.4
10761,10761,135.086249,163.54738,86.763153,21.044143,76.354023,105.951421,150.1
10764,10764,134.293492,166.556416,87.065971,19.68553,74.455969,102.22855,145.4
10767,10767,128.17379,164.747747,95.487825,20.203753,65.667468,98.017205,151.4
10770,10770,123.765903,167.078973,103.85826,22.766279,73.10183,108.529502,162.1
10773,10773,122.430758,167.780717,99.966749,16.429241,68.547796,94.981096,152.0
10776,10776,120.311199,168.989111,106.58706,16.514293,71.142771,100.713866,143.2
10779,10779,120.228107,170.110398,103.672244,15.673227,71.599646,101.577561,134.9
10782,10782,126.253897,171.829749,97.982956,12.848148,67.040707,89.150803,124.1
10785,10785,111.331893,171.85693,121.519107,15.423214,64.191428,96.869795,125.0
10788,10788,120.913159,171.400008,100.883172,15.414515,68.874268,88.607783,121.1
10791,10791,120.550373,164.899697,103.667175,18.554975,72.524019,98.775887,128.3
10794,10794,124.956754,165.786989,101.642306,24.666303,89.423996,120.105411,146.5
10797,10797,119.479355,166.004752,106.325483,25.419239,95.764533,127.963048,134.3
10800,10800,125.917848,166.526032,101.763373,34.518123,98.607442,135.908645,116.2
10803,10803,124.724669,156.57314,102.522755,36.167326,96.514577,130.275614,105.0
10806,10806,126.664911,122.227672,107.03469,48.820364,93.31352,132.233485,104.5
10809,10809,117.006667,146.224289,118.62686,51.140588,86.921743,126.474692,124.8
10812,10812,116.937581,155.800169,112.311597,50.642718,106.536399,141.988373,132.3
10815,10815,116.958463,128.974188,113.421436,66.882049,106.934263,140.04393,161.4
10818,10818,116.429943,153.573546,106.982744,47.792031,103.276336,139.242143,154.4
10821,10821,122.430765,155.498904,109.885984,65.665927,107.466242,136.796947,131.2
10824,10824,119.888831,168.059004,97.315776,36.304415,112.601844,137.458477,108.7
10827,10827,114.664245,168.962789,99.153092,31.02031,118.457261,145.806942,90.5
10830,10830,109.224537,161.932388,105.10737,31.372633,120.463455,154.827617,79.8
10833,10833,124.213557,161.838768,85.415734,30.154647,131.335068,163.99872,68.8
10836,10836,117.426301,167.479863,92.541245,28.736447,129.919446,159.761652,63.2
10839,10839,124.418209,165.198318,86.894728,28.203136,127.819826,152.636028,86.9
10842,10842,112.655866,164.96128,95.739995,29.524166,129.373495,155.051632,120.6
10845,10845,118.230879,169.363917,90.072493,32.328328,119.057347,141.826136,100.9
10848,10848,119.124737,167.178112,88.407641,36.457962,128.393521,149.416454,86.2
10851,10851,118.847287,167.312777,86.315904,35.289095,138.32464,152.857883,79.3
10854,10854,105.80167,169.587607,91.530552,30.91707,149.570743,150.015992,69.0
10857,10857,107.963284,168.25762,93.816118,29.50822,150.270891,149.435494,49.3
10860,10860,104.358243,161.031098,88.74471,27.91853,150.915745,160.802133,44.9
10863,10863,110.624775,168.15022,83.284922,29.398967,156.678351,160.858362,46.4
10866,10866,114.115479,162.449708,80.432873,32.979789,129.663858,165.615846,69.4
10869,10869,119.498519,163.740096,77.375609,32.436375,128.53319,169.830342,67.7
10872,10872,120.302266,159.870239,75.895458,36.19839,115.826699,160.355273,65.4
10875,10875,125.360965,156.949908,71.376243,30.14703,121.464101,160.735078,61.0
10878,10878,130.753281,163.487447,69.505932,35.250552,105.049816,153.482661,49.3
10881,10881,135.144253,152.517476,64.4421,36.763649,110.746209,154.113373,48.5
10884,10884,142.186279,159.207742,55.558058,28.208733,102.031393,155.731385,49.2
10887,10887,136.316575,161.422988,57.89491,27.883457,140.177745,152.180477,43.1
10890,10890,149.501799,162.14139,48.112886,22.646642,148.927083,128.791433,58.2
10893,10893,148.322955,160.489834,50.647826,24.899787,154.397811,166.323452,61.9
10896,10896,149.201367,159.666085,48.207356,22.582832,154.533698,167.914739,42.9
10899,10899,156.700512,160.825588,42.089308,29.069941,140.208115,170.143285,36.8
10902,10902,159.604182,155.734063,42.549217,41.644693,149.262811,157.433902,34.1
10905,10905,156.386676,149.895315,44.166141,35.776857,158.390029,164.231628,47.7
10908,10908,154.239158,153.339519,46.26635,44.256984,149.9475,155.538114,37.7
10911,10911,159.760469,159.941177,38.082589,35.319535,158.917523,165.251443,47.1
10914,10914,155.39745,148.171429,43.658334,41.038812,159.077811,142.571824,58.8
10917,10917,152.388284,149.345692,43.560488,37.174188,153.611179,163.719655,66.9
10920,10920,159.223046,151.306565,41.075923,40.810073,149.877686,158.591116,63.3
10923,10923,157.163346,152.110944,39.341176,45.273132,149.572493,162.526938,61.0
10926,10926,161.215036,149.583467,37.134586,44.851093,141.79559,163.002778,59.2
10929,10929,162.144534,156.927621,36.589112,39.537135,158.796092,162.202558,42.4
10932,10932,162.345884,153.292949,36.399446,41.782981,154.911067,161.129035,40.5
10935,10935,160.875665,141.974248,35.821188,37.833564,168.136045,160.946626,63.4
10938,10938,165.649601,155.559884,35.544356,38.738855,153.089101,165.050374,70.8
10941,10941,163.029957,157.274712,37.533075,40.473042,161.359511,163.630086,44.6
10944,10944,163.224474,151.1213,39.999018,42.256639,157.923201,160.439663,44.1
10947,10947,165.172369,148.089864,38.034111,43.505349,154.585866,160.363664,56.4
10950,10950,167.809787,148.724185,37.569351,44.051594,156.418861,159.604925,41.8
10953,10953,171.5271,144.98773,39.7202,47.821533,159.725049,156.22517,49.4
10956,10956,177.164455,148.623034,37.30529,49.924816,158.611252,155.163415,79.6
10959,10959,174.423431,146.274103,39.429877,50.591066,162.276855,153.251892,81.6
10962,10962,175.784377,145.959965,39.065052,49.248506,164.311627,149.530775,74.4
10965,10965,173.934066,146.567438,39.662762,49.041571,166.414475,155.346991,95.9
10968,10968,168.649366,151.365442,43.585917,48.675546,161.860544,142.949863,86.0
10971,10971,172.215991,150.116728,42.419297,48.652898,169.499599,143.330219,99.2
10974,10974,179.262444,129.573369,40.261363,63.796186,167.939997,143.924136,94.1
10977,10977,176.332312,137.427999,42.167387,59.89543,166.061921,143.314034,103.2
10980,10980,174.192943,135.762718,43.006357,64.255366,167.997002,146.785431,98.4
10983,10983,177.493579,133.351666,41.879738,65.500696,166.148863,146.474228,94.5
10986,10986,177.097602,123.733918,45.387572,71.096542,167.121362,140.451337,92.0
10989,10989,173.888928,127.965781,46.236902,59.68041,178.60309,138.262562,114.2
10992,10992,168.098794,130.955959,47.840895,61.51162,152.422587,128.97629,108.5
10995,10995,176.211905,128.948383,46.189898,68.956329,151.00351,128.86987,101.3
10998,10998,175.62539,116.159376,47.1951,76.901379,147.932051,129.456841,115.0
11001,11001,171.011406,121.085854,48.248881,78.274889,146.764603,123.312688,118.5
11004,11004,171.240493,123.75328,46.823447,75.389746,149.424965,127.847606,114.0
11007,11007,174.426729,122.092609,42.609206,76.718387,138.721474,128.685315,107.7
11010,11010,176.520885,127.715393,41.818392,74.266859,134.607602,123.315486,105.5
11013,11013,174.206094,133.704341,41.512173,74.282696,126.82742,118.476096,99.8
11016,11016,176.588117,130.500315,39.233901,76.668529,123.849971,118.040307,102.4
11019,11019,172.698185,134.521119,42.523685,73.841982,124.065391,117.500506,104.5
11022,11022,175.137415,135.214494,42.992875,74.850226,108.421136,100.263365,95.3
11025,11025,175.639157,131.585273,42.892472,77.232295,110.482101,101.476421,102.4
11028,11028,167.166802,128.373426,46.26074,77.671201,108.119891,97.538952,95.3
11031,11031,170.918141,130.272427,42.220101,75.427334,104.583616,98.374914,104.0
11034,11034,169.746168,142.929282,43.651131,64.405557,97.458998,104.296605,108.0
11037,11037,169.190489,141.965192,43.153904,67.457747,93.02471,115.982567,140.3
11040,11040,174.135382,145.124904,39.429013,69.930575,89.1518,108.290544,106.9
11043,11043,173.292355,135.24951,41.932161,74.255547,79.079217,109.38723,96.1
11046,11046,173.031414,144.065357,43.081966,73.372125,95.165792,107.966212,74.8
11049,11049,170.493607,152.569989,39.630498,68.018883,89.028299,106.436403,65.0
11052,11052,170.440509,154.405773,32.515843,64.139739,78.349432,98.313674,57.9
11055,11055,167.797906,136.171008,35.607449,79.801113,88.924101,95.881178,74.7
11058,11058,165.183021,136.873927,35.979581,79.907655,101.317169,111.768904,106.0
11061,11061,167.189898,145.107611,34.027031,72.99369,90.447618,83.304687,84.5
11064,11064,159.733605,146.029498,34.968478,79.470047,84.745135,79.504513,72.8
11067,11067,165.112144,145.551584,31.410047,73.120259,81.971974,78.30284,69.2
11070,11070,171.056316,144.186513,28.338125,70.418641,70.513666,67.061042,66.8
11073,11073,168.400604,142.189157,33.413932,73.988894,78.99273,69.001471,55.5
11076,11076,164.880686,137.423605,36.583797,75.095965,88.560917,79.486384,56.2
11079,11079,165.978217,141.499153,36.210682,75.790196,88.23596,79.086288,65.6
11082,11082,170.805766,147.78467,36.905356,67.268363,70.359654,67.674303,64.8
11085,11085,172.103316,141.5436,42.183339,76.398807,75.838901,74.154289,38.9
11088,11088,176.927618,162.586901,45.1651,66.253778,95.55573,71.120211,28.5
11091,11091,147.294169,143.090081,54.346013,79.557815,102.647735,87.405459,16.3
11094,11094,167.03169,128.804176,39.976119,92.926184,96.571419,100.001531,32.4
11097,11097,173.422084,151.357351,34.173246,69.483227,88.895951,89.279852,74.8
11100,11100,175.97027,156.125509,33.579383,73.257783,88.385843,85.150015,92.5
11103,11103,154.858993,157.890491,39.785289,75.841365,99.651115,97.129365,90.0
11106,11106,163.849121,156.803707,49.955756,83.728308,93.350514,84.664691,66.3
11109,11109,174.33473,167.894397,29.341409,61.491368,82.308359,83.247426,74.4
11112,11112,158.648157,169.579322,30.108947,66.765555,90.278216,83.066293,79.4
11115,11115,158.546512,161.953874,28.595409,80.279113,89.591905,82.366037,63.2
11118,11118,177.79775,149.946744,18.781382,76.031838,73.593097,75.39665,100.0
11121,11121,172.769248,154.011372,17.359284,69.529426,68.483079,76.140979,120.0
11124,11124,162.536922,141.976069,18.005366,78.89564,67.990729,76.302194,118.1
11127,11127,171.166678,158.401779,12.873836,68.300295,73.617688,73.05687,103.2
11130,11130,164.931482,168.36337,22.249264,60.816604,69.328599,94.44744,101.5
11133,11133,170.359252,156.288512,15.490406,61.123345,62.476806,94.255351,90.3
11136,11136,157.803944,126.205426,19.268454,87.421028,69.107841,77.519942,73.4
11139,11139,167.064211,148.058743,18.24324,81.024566,73.828075,87.318977,95.1
11142,11142,156.105876,151.139588,35.237044,80.262683,98.846666,95.999573,106.9
11145,11145,164.676996,144.883375,29.390673,78.738261,79.172754,74.9665,94.9
11148,11148,173.785419,162.856048,48.082822,95.631339,107.029655,86.770538,77.6
11151,11151,157.835375,164.727133,50.33117,95.10022,107.214837,90.451078,52.2
11154,11154,165.69574,163.391651,62.537631,104.763,121.084367,97.306785,66.1
11157,11157,167.724213,156.438122,63.113121,108.192624,118.145244,90.315366,50.1
11160,11160,156.28437,156.056163,65.927348,103.124591,112.086506,92.594716,47.2
11163,11163,168.669581,140.618516,54.536099,115.205,124.626236,89.935009,63.4
11166,11166,152.320903,134.455182,56.646377,106.419807,114.192668,86.548107,61.5
11169,11169,146.98386,152.3529,50.77441,91.93805,123.997963,95.685616,46.9
11172,11172,143.50326,155.00918,54.723119,98.414353,113.270792,93.627665,44.8
11175,11175,161.494181,162.792824,63.48378,100.560957,121.00655,90.924564,45.6
11178,11178,167.549557,171.129767,61.644226,90.681802,112.731778,85.033091,51.0
11181,11181,162.090132,158.322644,54.771827,93.772437,111.455814,85.120695,50.2
11184,11184,168.602661,147.857933,58.721715,99.584283,106.662039,94.722049,53.2
11187,11187,164.834766,148.922207,53.965695,97.600639,118.130795,91.475454,77.3
11190,11190,172.971059,139.648048,52.39093,104.993346,135.734694,106.761328,58.3
11193,11193,168.000391,135.433112,49.040237,103.11854,147.889672,108.263889,68.5
11196,11196,158.529289,125.252753,49.562454,102.615656,154.034714,111.837831,82.8
11199,11199,156.300527,135.604292,49.991384,101.320164,168.063088,122.323243,68.0
11202,11202,152.759248,133.688558,52.785628,100.036404,161.086316,120.011827,41.7
11205,11205,149.122486,145.451262,51.124385,89.18954,172.050516,129.250709,40.3
11208,11208,150.140281,132.748563,51.087625,94.618818,166.285271,121.95934,88.0
11211,11211,144.768234,135.65922,51.449065,91.958922,171.463326,123.820769,75.0
11214,11214,151.286305,141.489549,51.932232,89.517172,167.356676,123.567943,49.7
11217,11217,155.10195,138.306755,52.98687,86.510428,151.431134,121.799743,36.7
11220,11220,155.855869,142.804883,48.740262,80.20896,164.735653,131.194649,22.3
11223,11223,161.340121,141.211438,49.314385,79.949623,166.577248,139.297098,27.7
11226,11226,160.06138,141.507964,47.36581,75.362286,170.548052,139.565758,24.1
11229,11229,152.509814,141.482538,47.484214,73.105772,168.668091,129.674073,58.5
11232,11232,151.774552,140.880936,48.116042,71.372927,168.997516,127.671899,96.4
11235,11235,149.622874,146.381282,48.553488,69.561899,172.572393,133.866365,89.0
11238,11238,150.357327,147.690828,50.11146,70.103601,170.238744,135.703496,91.2
11241,11241,154.168636,154.659279,42.615512,62.212716,160.821733,145.847446,95.8
11244,11244,156.742643,150.756335,40.880669,66.18819,169.593657,149.044248,96.0
11247,11247,157.978217,149.133067,42.167679,64.979234,172.085414,151.039965,83.3
11250,11250,152.678217,159.055067,42.243217,56.961732,171.477956,150.167319,102.8
11253,11253,156.329973,154.225682,39.677135,52.798811,168.936986,152.802704,152.0
11256,11256,160.572454,154.354182,39.849774,55.251684,170.4583,148.965491,139.1
11259,11259,151.489122,153.852377,43.476452,52.713581,170.348427,149.40441,115.3
11262,11262,161.649857,160.79128,50.490164,45.072215,171.08269,150.309768,132.8
11265,11265,152.277439,157.639145,45.002419,58.302413,163.699518,149.723403,144.1
11268,11268,156.062058,158.974653,43.043256,50.452428,169.395446,155.527494,143.0
11271,11271,154.734953,156.682625,40.051085,52.349944,167.675728,156.843112,153.8
11274,11274,155.445484,161.331101,36.160396,49.977081,167.423776,159.518385,191.5
11277,11277,152.862097,161.367173,37.413859,49.113827,164.374189,161.391332,204.5
11280,11280,158.587663,162.855058,37.873382,49.486974,164.966124,156.682633,176.2
11283,11283,155.585514,158.547764,35.54412,46.302317,155.778425,160.445292,168.7
11286,11286,160.213464,155.654414,35.683816,46.772247,157.932266,160.852934,172.1
11289,11289,160.670964,160.141355,36.259885,43.042367,161.553049,162.060486,167.1
11292,11292,153.099117,154.576382,36.021613,47.726006,152.804359,162.076673,181.1
11295,11295,159.014074,164.009175,38.29817,45.427813,161.797133,162.058552,235.1
11298,11298,155.180461,163.301263,35.214174,44.085852,159.365642,161.968545,230.7
11301,11301,142.6868,154.566558,41.617897,39.402988,157.870539,159.967018,216.7
11304,11304,162.151048,156.047657,35.617593,49.618091,156.965149,156.714855,213.8
11307,11307,156.651443,165.98795,35.781872,42.804664,152.910652,166.263639,211.1
11310,11310,152.264586,166.808563,40.989697,44.958391,152.909023,158.000676,192.5
11313,11313,150.669907,167.787155,43.241699,46.589332,136.044757,157.468124,208.4
11316,11316,160.978067,166.423976,49.261481,45.990084,110.970531,148.658893,252.6
11319,11319,152.795667,165.056336,38.444098,44.398773,88.368868,153.084216,256.0
11322,11322,160.440316,166.473218,31.183534,38.333427,71.449986,139.740608,255.3
11325,11325,158.915848,170.306402,34.444355,39.417492,76.385288,128.099486,237.8
11328,11328,150.842131,169.787882,39.296042,43.020958,84.587303,128.843757,242.9
11331,11331,154.466787,165.496193,37.966513,45.92483,67.514502,101.156361,253.2
11334,11334,143.069008,165.407626,47.282478,47.231804,98.310771,120.565385,290.9
11337,11337,139.607145,166.00008,51.31753,45.129256,144.479251,138.497298,285.5
11340,11340,140.510972,167.191822,52.285493,46.122216,131.90362,117.155221,291.0
11343,11343,144.357871,169.563316,47.839979,46.487118,113.482075,87.218919,279.5
11346,11346,143.22096,171.117303,47.082613,47.119145,90.03752,78.9755,267.8
11349,11349,136.910818,167.394543,48.137856,53.272582,100.920227,103.500677,259.0
11352,11352,141.334274,167.584932,47.828193,51.404161,105.434426,77.860366,269.8
11355,11355,137.123059,168.051754,52.868205,51.90212,108.076218,101.822789,297.6
11358,11358,145.596588,164.601278,44.767396,51.763104,106.046746,98.639526,299.3
11361,11361,141.562737,166.316266,47.667432,49.317666,101.514483,111.507082,294.0
11364,11364,145.904371,167.860526,46.952019,49.158729,90.232447,102.743021,273.7
11367,11367,147.603698,172.312997,45.769218,47.289134,94.193552,106.666857,282.8
11370,11370,147.415867,170.645055,48.645043,46.198154,94.814056,103.709207,260.4
11373,11373,139.543551,174.182112,55.885771,45.089036,92.219904,101.013915,266.6
11376,11376,136.06655,172.810167,59.69169,46.493847,96.687917,93.907783,295.5
11379,11379,139.422319,175.767214,60.055843,45.312884,95.121709,94.321474,287.8
11382,11382,140.969201,168.815719,61.063417,46.552855,98.768355,100.163202,275.8
11385,11385,143.444419,171.601397,63.001703,41.60988,105.568524,115.716502,268.2
11388,11388,137.873425,170.472749,64.523845,41.058849,101.740713,108.689438,255.4
11391,11391,128.511629,165.675749,70.47769,41.084704,98.947198,110.441725,250.8
11394,11394,133.790033,168.382414,66.4659,38.930062,108.898335,123.142387,267.0
11397,11397,131.253932,167.315456,68.899075,42.791533,101.754592,113.742298,263.8
11400,11400,131.868136,162.492109,68.720684,45.747265,95.410985,118.260556,263.1
11403,11403,130.335369,160.652166,69.96484,47.08752,98.393457,126.424937,260.4
11406,11406,130.988573,165.302098,71.415688,43.706586,102.853054,124.113741,251.2
11409,11409,116.306924,158.85108,80.043188,50.592847,100.516303,130.153277,233.8
11412,11412,114.332061,150.535468,83.58992,55.183497,100.153792,139.263592,256.9
11415,11415,110.436564,154.105034,87.631122,53.022557,98.787151,138.925086,257.3
11418,11418,111.111195,147.711734,88.55004,52.671069,99.693421,138.281814,250.5
11421,11421,123.19003,146.520165,85.448739,54.023131,102.054512,144.169363,245.7
11424,11424,117.774135,150.208355,88.984591,49.406906,95.644646,126.912379,244.8
11427,11427,125.437224,148.111053,86.747098,53.192092,94.96767,135.386378,245.7
11430,11430,117.459422,149.012062,93.000258,51.713011,99.39638,137.907064,247.7
11433,11433,128.384478,141.305648,90.019365,53.977022,93.946539,137.197041,241.7
11436,11436,122.630736,145.614938,92.771389,50.336227,92.281549,131.090877,266.3
11439,11439,138.799239,138.635914,82.570275,52.146228,93.20465,134.436798,258.6
11442,11442,128.450714,139.192585,91.546545,51.901771,95.558827,128.773039,279.0
11445,11445,148.123846,125.803162,80.19416,55.736069,89.994557,144.728057,240.5
11448,11448,140.167908,123.667441,88.157615,55.393956,86.126327,137.208363,206.4
11451,11451,124.72512,145.055986,96.540714,48.486426,82.83701,97.830349,206.5
11454,11454,131.939191,142.018304,88.59627,46.912663,90.781502,139.644725,228.5
11457,11457,144.2795,138.13645,84.779914,48.834636,94.670733,135.215326,252.7
11460,11460,135.554695,141.97329,91.059588,49.90607,80.363416,126.200132,252.2
11463,11463,135.58667,146.78757,86.64728,44.751457,84.346847,123.204222,231.1
11466,11466,130.193752,140.918624,91.486568,44.72955,86.374809,128.753578,201.2
11469,11469,132.469031,135.496971,93.369698,44.183422,83.058691,111.884951,206.5
11472,11472,126.874044,150.135837,95.22719,38.303074,77.259813,113.311178,190.2
11475,11475,132.601752,151.375038,92.601327,39.519228,73.83178,132.011307,197.9
11478,11478,131.413681,149.264485,92.56091,35.078971,79.074622,114.695495,214.9
11481,11481,143.927588,147.792034,86.945539,36.930501,79.948467,129.316695,218.8
11484,11484,140.334458,149.576613,85.757642,34.232671,80.592657,106.580036,216.7
11487,11487,130.119306,154.54335,92.429096,31.356216,76.533821,116.553186,218.9
11490,11490,138.585037,154.143913,87.516242,32.006464,76.932256,123.374253,203.0
11493,11493,141.380846,155.785886,83.688089,30.029328,71.695034,119.862862,199.0
11496,11496,139.921782,159.478754,87.281219,31.556303,69.994136,112.984884,181.7
11499,11499,156.591567,146.998989,77.157871,32.548774,72.311521,124.111278,185.1
11502,11502,131.826739,152.900497,93.670989,33.367168,72.237682,105.555759,207.9
11505,11505,138.721767,155.971348,90.833895,33.064207,76.95561,119.466908,194.9
11508,11508,128.92393,158.099948,97.721193,32.78096,76.690737,117.820026,198.9
11511,11511,131.973357,147.920938,94.503626,35.565736,84.405954,123.876199,203.9
11514,11514,121.904114,153.192463,102.191885,32.644249,88.142275,111.86923,172.8
11517,11517,123.51737,156.077108,102.667644,35.150428,83.79159,104.011644,163.8
11520,11520,123.695538,143.761492,102.525601,41.51373,86.087219,121.957432,173.3
11523,11523,115.463206,136.614873,112.743481,60.190657,89.208128,111.478833,179.3
11526,11526,122.273414,128.150353,114.28333,56.273241,85.382906,103.188562,185.0
11529,11529,120.942858,146.774977,96.260148,47.488754,100.475431,113.306151,188.1
11532,11532,128.097365,161.479519,88.968694,42.393154,101.931975,128.438568,166.5
11535,11535,121.476299,161.089956,93.153576,40.248938,104.260151,129.540337,174.0
11538,11538,121.097009,162.823912,93.680849,36.047085,102.43441,126.425857,167.2
11541,11541,110.675442,164.896552,104.346086,34.997982,110.701353,135.002463,143.1
11544,11544,103.385958,168.042216,111.039348,30.515182,118.251338,143.066052,139.8
11547,11547,107.906994,161.528235,103.6301,33.64062,124.972543,140.28998,139.6
11550,11550,111.72834,160.996861,100.725282,33.296353,134.326544,147.670347,167.7
11553,11553,119.270269,160.029597,94.256697,37.447833,126.672502,145.129373,163.6
11556,11556,112.276335,161.648296,101.678507,36.661857,129.637484,149.678538,161.9
11559,11559,114.582204,164.331052,98.214716,36.955762,128.829889,149.559693,161.7
11562,11562,106.64642,156.919892,106.302482,42.736475,129.237745,142.253228,150.6
11565,11565,104.976205,159.253581,107.103641,42.999524,130.616053,144.860406,134.0
11568,11568,106.084608,156.942656,105.498929,44.523841,133.381069,148.005694,102.1
11571,11571,100.793304,163.415831,106.862808,37.775827,142.049607,149.016788,117.4
11574,11574,104.715877,163.917774,104.368216,40.416621,140.404192,149.455526,147.2
11577,11577,100.679796,166.707489,103.08028,37.185149,141.77248,144.585179,134.8
11580,11580,104.493344,164.809202,102.257307,39.323728,131.821636,137.170102,135.4
11583,11583,107.646842,163.236191,101.410813,37.669378,127.965609,152.555519,122.0
11586,11586,102.516732,161.757262,101.964557,38.274189,141.551771,141.454972,120.3
11589,11589,99.551773,155.731871,101.89132,42.161378,135.001133,147.417711,109.3
11592,11592,99.972915,152.041725,100.083569,45.270545,109.420296,140.720624,90.1
11595,11595,97.158963,157.546021,98.308512,43.103863,126.110636,143.671984,96.7
11598,11598,99.071881,158.994263,91.318398,37.25666,129.567188,156.104798,123.4
11601,11601,99.229779,151.448806,95.415017,40.346765,124.064638,154.72138,103.7
11604,11604,100.567351,151.88227,94.069172,31.345861,150.421837,159.382264,94.8
11607,11607,106.131834,151.132187,89.951731,34.387915,148.728475,130.25155,88.6
11610,11610,104.07613,158.238665,83.42004,29.58265,157.168205,154.158344,99.7
11613,11613,110.422833,158.890567,87.856877,31.106983,158.351385,165.145963,87.4
11616,11616,115.288724,159.401124,84.138579,30.263136,161.449478,165.341989,80.7
11619,11619,122.022762,160.757347,76.070553,29.818422,163.746686,147.924592,108.3
11622,11622,122.473497,159.459005,77.595128,34.120564,164.794146,132.663986,106.2
11625,11625,123.020885,159.244963,71.753174,30.671537,165.316883,154.641263,84.4
11628,11628,125.723698,164.258391,72.627989,39.258791,167.578385,125.978,70.7
11631,11631,139.683754,155.489867,67.900715,40.598878,165.374144,118.105907,49.8
11634,11634,129.165618,156.999282,78.553089,45.798832,165.501318,111.345072,55.7
11637,11637,134.124917,155.110447,71.034822,39.441226,167.216827,152.5737,62.1
11640,11640,137.138599,152.244976,65.747323,39.615,156.745532,147.247454,87.0
11643,11643,145.32814,154.252519,58.592173,36.930928,158.089788,149.721824,98.1
11646,11646,145.35334,154.311627,58.542019,37.483846,159.917073,151.154576,99.3
11649,11649,146.27994,152.221294,61.72567,44.787905,156.987976,141.420266,99.3
11652,11652,143.89251,155.176831,51.578534,41.419014,163.202123,112.519072,106.1
11655,11655,149.570472,155.628917,55.39215,44.651423,158.664911,149.391461,85.1
11658,11658,149.459399,161.321695,51.414834,42.027598,164.09262,151.760308,69.5
11661,11661,152.052706,161.848049,49.440871,44.934644,164.902208,145.133304,106.9
11664,11664,151.009603,157.971794,50.270841,46.09242,161.544448,149.58797,98.3
11667,11667,154.777482,154.087824,46.052416,45.473896,159.674033,156.104228,83.1
11670,11670,157.478947,158.861502,42.036126,44.315288,156.59702,154.600391,76.2
11673,11673,165.241837,157.358972,35.642065,39.999659,161.736797,157.910312,84.2
11676,11676,158.745014,156.905844,37.92025,42.565758,163.08441,156.574296,104.3
11679,11679,162.263264,153.16239,37.111537,40.93459,165.497838,159.7462,84.2
11682,11682,163.460169,150.729262,40.420478,46.757957,166.532899,158.780533,118.6
11685,11685,164.302695,152.420668,39.673587,50.981376,149.268009,144.293264,116.2
11688,11688,166.672114,146.013818,41.110306,53.601961,159.59135,151.194198,111.4
11691,11691,176.13713,142.955602,39.003142,60.561526,151.501405,156.278469,107.5
11694,11694,165.7133,140.119314,42.213151,61.633928,151.642106,141.54938,107.9
11697,11697,162.92757,137.675482,44.119391,66.325369,151.517176,138.318417,101.1
11700,11700,175.648184,144.618537,42.760092,64.197115,151.31922,140.532357,95.1
11703,11703,172.837967,147.628953,42.757473,63.668096,164.612863,146.228076,99.5
11706,11706,177.481319,142.632047,43.970617,64.848204,148.361685,130.389265,104.3
11709,11709,175.893137,140.580977,44.302125,65.874454,146.74466,125.515398,119.8
11712,11712,172.153856,142.903001,43.624738,67.214687,130.272082,118.008926,107.2
11715,11715,172.935326,135.305047,48.447699,73.907183,127.504756,110.362972,95.6
11718,11718,170.531764,123.127065,47.573893,76.378468,137.360542,108.104835,69.2
11721,11721,171.380262,117.525516,50.959611,82.262876,124.415555,99.426003,74.4
11724,11724,167.258417,122.892682,51.711735,77.148681,132.595099,98.722338,87.6
11727,11727,169.774183,127.778712,51.675011,74.10779,134.256464,99.956166,96.1
11730,11730,178.33553,115.2543,51.237975,86.208975,112.207187,97.361603,96.5
11733,11733,169.524447,124.93816,52.283067,77.126946,123.274635,93.643777,102.7
11736,11736,171.473378,129.843867,50.039136,72.526098,118.336032,87.858331,99.7
11739,11739,177.838795,127.153495,48.323048,72.645966,112.241685,79.890114,115.8
11742,11742,178.161655,126.943584,49.813884,74.179481,112.700849,84.580656,101.8
11745,11745,177.600703,120.527603,47.824597,80.337733,103.9903,89.710086,99.5
11748,11748,176.652103,127.469924,50.034135,78.495458,112.841647,89.000951,101.8
11751,11751,170.537812,128.829555,51.760352,74.71179,105.823449,92.182485,89.0
11754,11754,175.595376,130.52648,47.796806,74.04368,102.616042,91.1467,86.9
11757,11757,176.87658,138.186817,45.932554,67.396461,95.251163,99.381268,86.8
11760,11760,175.873034,135.884874,42.919082,70.813218,83.295666,101.763724,101.2
11763,11763,176.0473,143.652481,45.961092,64.542307,83.132645,110.366137,103.6
11766,11766,174.221067,137.944792,45.135591,67.628366,79.900671,104.016132,111.3
11769,11769,175.737091,142.207488,44.660281,65.736833,80.603605,92.766865,118.4
11772,11772,172.242079,148.502783,40.873965,61.949972,82.068003,98.712231,107.2
11775,11775,155.898505,145.146878,45.994645,64.452561,73.387062,93.050722,101.6
11778,11778,170.112451,149.332029,37.842667,61.612543,72.142967,89.896422,76.0
11781,11781,170.60687,155.720313,38.225759,56.522965,64.109131,85.144396,42.6
11784,11784,175.783256,155.660653,36.461624,61.078414,72.176511,96.525337,47.8
11787,11787,167.859433,148.463913,40.2463,63.019173,67.404636,74.396555,61.6
11790,11790,166.398888,155.188534,40.634712,59.469063,69.546098,72.891889,63.7
11793,11793,168.29868,147.67594,40.61878,63.250358,68.391224,77.532367,49.2
11796,11796,161.405305,144.33329,40.409118,64.66257,69.341536,81.792894,51.9
11799,11799,153.357104,139.615121,39.003328,66.604466,64.374566,88.853242,43.5
11802,11802,150.883964,147.676613,43.288147,60.8088,62.105082,84.977057,41.7
11805,11805,149.420112,146.823172,41.589234,60.863776,65.400695,91.256754,37.0
11808,11808,160.134898,155.975139,33.937162,52.387757,62.924968,85.190624,61.5
11811,11811,153.190304,129.103498,38.333579,74.599969,79.422665,87.984619,52.8
11814,11814,161.242325,146.49061,34.529166,64.081639,66.98774,96.241466,42.5
11817,11817,168.718121,159.66413,30.898098,57.734311,72.514071,86.634116,48.6
11820,11820,161.159853,155.623421,32.259296,62.116963,78.121171,81.770506,50.0
11823,11823,178.362422,153.471406,27.534617,64.242843,76.525,75.464056,52.7
11826,11826,155.977081,155.734312,27.622461,56.972791,59.843987,75.525787,34.2
11829,11829,130.086106,152.02504,42.642176,57.574756,52.205738,73.536181,65.7
11832,11832,160.446922,154.13683,28.09346,66.742165,65.068761,86.141852,98.8
11835,11835,146.87774,162.68556,33.805347,48.747449,61.054675,71.588356,90.9
11838,11838,157.129204,144.746092,29.076224,66.81632,53.306268,84.77058,90.1
11841,11841,158.288861,153.27776,27.722838,57.253769,56.768978,82.454273,80.2
11844,11844,147.866812,153.08207,34.915821,58.839724,53.729944,73.238331,87.2
11847,11847,150.96165,136.946358,34.210952,75.106381,52.680771,92.123366,83.7
11850,11850,173.126312,142.162644,14.830052,75.950109,63.045903,86.294018,93.4
11853,11853,173.80821,137.005161,14.614937,79.05932,59.368126,68.176315,119.7
11856,11856,168.807073,156.349564,18.251924,60.056206,64.025814,82.2956,107.1
11859,11859,146.524003,124.057965,29.311476,87.411844,56.912319,104.201575,100.8
11862,11862,143.328607,151.231156,52.491067,71.329825,70.468597,101.132029,84.6
11865,11865,171.869995,157.697604,61.804611,69.645497,77.119427,84.348716,80.0
11868,11868,147.481395,160.419874,46.563862,58.387141,84.204358,85.59507,62.0
11871,11871,172.879517,135.072107,35.942841,92.702813,86.766017,87.268747,49.5
11874,11874,171.835009,157.105169,46.484231,68.383508,90.886304,87.076996,96.7
11877,11877,158.374298,149.017017,50.449372,79.035675,95.313586,85.314761,178.7
11880,11880,160.971615,152.139863,49.170978,74.376298,94.301242,89.622544,170.5
11883,11883,155.020432,143.016598,47.551793,76.788983,91.515324,91.154898,151.7
11886,11886,157.886213,148.398801,38.660547,75.675141,87.900626,84.987123,125.3
11889,11889,157.484652,136.680942,47.800788,92.903866,95.090395,84.553723,85.0
11892,11892,156.460772,158.423448,55.737469,88.104225,108.734874,93.375939,76.7
11895,11895,145.802829,137.911581,49.196152,94.035674,109.344083,90.981915,85.3
11898,11898,170.153294,145.642555,53.662641,88.561539,113.102754,90.83717,92.2
11901,11901,166.959346,143.683536,55.914209,87.050703,111.488789,105.547817,99.8
11904,11904,168.177562,144.920599,53.641569,80.968885,117.138065,99.984837,82.0
11907,11907,166.795214,140.990263,50.083862,75.62872,134.06698,98.404557,85.8
11910,11910,169.035323,142.732786,50.479363,76.045023,135.700848,98.052098,56.9
11913,11913,160.045183,137.372208,50.274188,72.622294,152.491373,108.797254,33.5
11916,11916,160.971269,137.747565,50.105909,72.332665,151.173925,119.450706,37.0
11919,11919,160.856991,142.618482,49.471476,68.247295,162.444503,124.506118,65.2
11922,11922,156.10047,152.792926,54.982898,62.256514,159.202788,120.123758,77.8
11925,11925,158.90037,149.31908,52.021391,61.029168,162.251288,122.674349,80.0
11928,11928,158.932373,161.069332,54.223729,49.953024,175.210761,131.633363,92.5
11931,11931,163.015545,146.69884,48.014187,56.883557,168.405224,133.783666,76.0
11934,11934,163.796489,147.065371,47.724594,56.008927,174.530978,137.67396,76.2
11937,11937,165.705697,152.649095,48.022764,52.774781,174.487534,132.765822,81.3
11940,11940,156.112346,155.585525,47.651214,48.73362,173.717628,136.226943,86.1
11943,11943,162.563555,155.897991,47.407248,48.185898,173.942108,138.04837,121.7
11946,11946,155.04517,158.719426,45.884938,44.733993,167.965272,145.291865,115.6
11949,11949,159.900163,153.457539,45.615571,49.287453,169.888522,147.905127,105.3
11952,11952,160.023821,157.154174,47.405694,46.532018,167.807354,142.102012,97.6
11955,11955,155.551233,162.709946,45.099901,44.785195,169.28224,149.623479,89.3
11958,11958,154.397876,164.909565,37.364287,42.394658,165.57495,162.469757,82.1
11961,11961,157.823414,166.99131,36.36357,40.780454,164.515453,160.920229,79.4
11964,11964,160.701418,168.864366,36.569739,35.498816,165.270509,162.53089,112.1
11967,11967,157.27796,165.854554,38.026474,42.850908,157.872945,164.574007,136.4
11970,11970,156.581099,166.136956,38.775791,40.811066,160.265309,165.288778,136.8
11973,11973,154.718352,167.558506,37.405122,36.287103,164.253068,163.280132,132.3
11976,11976,154.124883,167.53277,37.13355,38.461731,163.367511,161.095424,131.1
11979,11979,153.344058,168.894457,37.583574,37.423004,159.270267,166.547,140.6
11982,11982,162.814983,157.724113,33.103518,44.382759,151.586359,165.434375,134.1
11985,11985,161.371477,164.105979,34.588837,37.170945,162.650354,166.060224,156.3
11988,11988,154.985469,166.604058,34.471453,39.258156,165.095599,155.627365,189.7
11991,11991,156.84285,163.828609,37.003782,34.776449,161.691974,164.735667,180.3
11994,11994,154.447551,92.665721,36.516784,44.085522,159.616652,146.487639,193.8
11997,11997,150.563997,169.206614,41.304815,41.40275,153.847746,161.589407,185.3
12000,12000,158.816457,168.258295,35.024166,37.061479,158.792068,163.971469,190.2
12003,12003,159.150434,172.131361,35.93822,36.632181,156.180068,162.58273,175.2
12006,12006,152.687219,165.042195,37.778486,38.394407,154.785154,163.619448,212.7
12009,12009,144.967506,160.759904,38.345391,37.858002,157.645366,154.625049,238.0
12012,12012,148.538788,165.529718,38.330824,39.173111,157.514533,162.068469,250.6
12015,12015,152.65998,166.286499,37.836053,36.793154,155.418437,164.79943,244.0
12018,12018,156.70041,162.957497,36.074753,45.452538,150.704899,155.776078,241.9
12021,12021,152.234671,168.563991,38.099161,38.886438,148.567435,155.365496,231.8
12024,12024,141.998762,167.613776,40.922034,44.036846,151.842715,151.794052,229.4
12027,12027,152.242628,166.491264,40.056279,41.636119,147.823728,146.523779,264.8
12030,12030,148.405692,167.489548,41.145466,36.974083,135.720275,159.995059,291.8
12033,12033,153.233425,170.136825,35.927746,35.103791,131.101771,158.557136,280.2
12036,12036,147.35192,172.112471,46.184997,41.484331,142.43582,140.136728,279.6
12039,12039,146.880957,170.892472,48.471482,42.260622,136.979117,125.464001,276.1
12042,12042,145.618141,168.320384,48.056612,42.240306,146.285758,131.06315,270.4
12045,12045,131.803547,168.929454,52.519208,44.63966,101.783238,95.150451,296.0
12048,12048,132.681882,173.691328,52.632853,38.804188,149.155187,128.427577,317.1
12051,12051,150.162733,175.365082,42.95949,41.657396,140.033166,127.730914,304.4
12054,12054,137.007343,173.691177,49.062734,42.985611,140.214845,117.359118,306.4
12057,12057,134.474705,169.057414,50.348547,46.139984,129.280735,111.985339,312.9
12060,12060,141.149515,172.847387,46.428217,46.303132,91.317404,70.209125,388.3
12063,12063,142.93592,171.320228,43.056414,47.185141,106.300331,105.909542,402.0
12066,12066,141.946447,174.74635,44.591712,45.48349,108.284274,107.235965,330.5
12069,12069,144.601605,177.316527,44.305989,41.492611,83.898193,76.015886,334.7
12072,12072,144.843762,175.193275,44.75898,43.522354,93.37635,102.595743,359.5
12075,12075,146.188315,174.056386,42.289501,43.329368,107.074615,112.690365,365.9
12078,12078,142.236962,170.330489,50.802193,40.495575,78.037075,79.893971,330.3
12081,12081,139.461031,172.091165,53.227636,38.30805,101.759747,101.876566,326.2
12084,12084,135.467971,171.630491,62.117946,36.034151,115.498068,110.878814,324.1
12087,12087,139.717782,170.680407,59.803131,35.900905,109.869455,111.436897,339.3
12090,12090,137.622036,170.282392,65.889517,37.825547,98.392707,109.061948,352.6
12093,12093,139.885894,168.184864,66.480873,35.049151,104.060949,113.153568,340.2
12096,12096,129.051589,163.914053,70.560164,34.802757,98.884983,111.744126,333.6
12099,12099,128.749479,163.200251,70.171161,33.552302,97.612693,101.214093,313.4
12102,12102,132.620628,159.851444,65.870802,38.520319,99.818045,109.890515,301.0
12105,12105,141.541236,159.855994,61.280747,39.063722,105.529701,128.265109,307.6
12108,12108,145.070774,158.225366,59.951263,38.215943,108.411546,135.838313,301.5
12111,12111,142.603307,158.162796,59.870095,40.435853,103.609265,132.578463,286.8
12114,12114,127.4825,161.517433,71.891492,36.870979,101.028556,131.751383,260.6
12117,12117,142.669884,159.389678,65.755921,39.223611,93.655464,128.451599,259.7
12120,12120,142.584278,153.479151,66.140926,40.229959,91.452524,118.036765,249.0
12123,12123,135.62077,155.029658,73.700959,36.833758,98.351156,120.819258,240.0
12126,12126,129.87669,158.308217,76.493426,35.227246,91.041485,110.179911,284.4
12129,12129,138.036748,154.830379,68.707646,35.601018,87.802497,111.818491,300.3
12132,12132,145.560232,155.479798,66.624589,34.494875,82.771234,110.399605,269.1
12135,12135,138.990455,157.909567,67.365077,33.209667,87.091169,110.283111,253.0
12138,12138,139.045686,157.306319,72.100217,31.046429,73.514177,107.611477,236.2
12141,12141,131.500275,154.177194,76.825326,32.957661,77.05419,118.002724,251.2
12144,12144,146.822273,149.512423,72.671466,35.23778,79.747488,127.101358,246.6
12147,12147,134.230916,155.14933,79.101313,32.76956,80.820415,128.135699,260.4
12150,12150,122.584598,156.325184,86.383104,30.911446,79.053206,108.537982,261.1
12153,12153,142.685377,148.508745,76.886259,33.346088,77.44679,124.466496,249.7
12156,12156,130.448988,155.047233,84.405585,29.386218,74.084297,110.512441,244.9
12159,12159,128.230636,157.190616,84.197685,28.486634,81.050096,114.46997,240.2
12162,12162,131.492527,153.800375,86.849485,29.992252,85.445423,119.996138,253.4
12165,12165,139.216315,153.116315,84.576922,31.008559,76.046669,119.856908,255.4
12168,12168,143.728289,155.328382,79.409202,29.508971,72.615299,109.351103,260.1
12171,12171,138.873427,157.549246,83.010709,31.276065,76.344578,120.423813,263.4
12174,12174,116.071664,161.294321,101.26354,24.406155,73.87238,101.308903,269.2
12177,12177,130.965226,160.014118,86.521509,24.836696,75.665627,108.818894,268.1
12180,12180,135.778443,163.113839,86.467101,28.41563,78.67779,128.3087,245.2
12183,12183,137.128965,162.565764,83.167379,24.377808,75.826635,122.313307,225.3
12186,12186,132.12022,165.021137,82.038605,21.287413,65.724364,106.124372,216.6
12189,12189,135.932571,164.193147,83.935367,22.997571,69.544818,115.962268,218.2
12192,12192,135.285423,164.300448,81.761886,22.451859,71.113091,109.833183,219.6
12195,12195,132.728212,162.734151,84.366087,20.249564,66.243752,100.637724,196.1
12198,12198,127.494188,163.79205,89.349877,19.767116,65.014123,102.345756,193.9
12201,12201,131.028856,166.28355,90.591343,21.443555,71.942994,112.15214,213.2
12204,12204,132.317767,163.567749,88.452489,19.821597,67.87356,100.699414,196.2
12207,12207,135.996589,160.875832,84.963528,20.905574,70.385746,103.33644,195.6
12210,12210,123.205168,164.652356,96.33803,17.956645,65.229056,85.920763,186.1
12213,12213,144.076979,162.640824,85.093992,20.543318,78.902736,69.510676,213.7
12216,12216,124.585156,162.319958,97.120401,20.450542,73.9596,85.91824,219.3
12219,12219,118.87732,159.120267,101.496012,22.299476,71.250127,93.868119,217.4
12222,12222,127.377245,164.13676,95.202495,21.495866,81.470845,86.977772,222.5
12225,12225,140.107323,156.193396,84.666357,30.869383,76.419826,123.382364,209.4
12228,12228,122.636421,148.715686,104.118861,40.765751,67.627675,101.763166,227.2
12231,12231,121.693281,136.568146,108.36606,41.179319,77.133128,97.690909,228.3
12234,12234,98.865271,135.355597,118.092532,82.428816,80.874552,113.133779,218.8
12237,12237,103.475471,134.08267,110.507695,82.152299,81.95137,114.161333,246.2
12240,12240,111.998128,155.23471,107.609417,67.022842,82.405026,118.037778,224.6
12243,12243,99.978276,126.492968,117.730629,75.198159,103.594795,120.424536,233.6
12246,12246,109.99132,115.726809,103.525469,64.232924,96.31331,130.512951,217.3
12249,12249,104.506092,143.837942,104.714303,45.620988,93.982544,123.22789,216.3
12252,12252,116.14231,158.116398,95.794399,33.406537,101.858009,124.854363,188.2
12255,12255,138.937261,153.907203,76.539333,32.569335,100.557778,119.55364,178.1
12258,12258,131.442093,159.410914,83.569877,31.646311,100.220248,125.940447,179.9
12261,12261,131.936061,163.219501,78.751236,29.516156,109.317293,138.448969,220.7
12264,12264,108.776066,169.077387,99.153791,26.527298,122.862309,143.865112,206.8
12267,12267,141.144952,168.412526,64.96166,27.616821,125.528933,151.034937,196.3
12270,12270,123.095001,166.907754,77.894978,28.145318,134.976735,162.461623,165.1
12273,12273,127.645022,167.536031,81.077032,29.816238,124.36382,156.907,144.5
12276,12276,134.500956,160.348886,73.159915,34.35309,120.848662,147.696403,143.2
12279,12279,146.441283,166.941841,56.991472,34.007692,126.696383,151.196079,136.4
12282,12282,142.065984,169.622924,65.464123,33.542659,122.797613,143.509827,120.3
12285,12285,131.644072,171.710844,73.887987,35.699664,123.458833,139.109992,153.2
12288,12288,125.273035,166.524322,76.218737,42.089592,125.92136,138.872666,149.7
12291,12291,142.087952,166.750781,48.114554,36.85332,137.844804,150.031466,43.6
12294,12294,141.435259,166.97089,44.523806,35.899644,148.838096,153.877578,30.8
12297,12297,137.856923,168.048718,50.889603,31.268696,144.20325,155.397639,20.7
12300,12300,151.763318,167.324794,34.491687,28.480889,134.565344,145.49432,20.8
12303,12303,148.960693,162.525238,37.594027,39.022395,132.848604,138.81718,22.9
12306,12306,154.663534,154.514192,43.488689,40.311271,118.198281,140.256176,48.6
12309,12309,139.843139,157.971299,48.45043,41.228177,137.388656,142.94595,33.1
12312,12312,151.751649,151.90152,43.559235,45.250704,144.946475,151.585527,25.8
12315,12315,155.667604,148.039865,43.240801,51.444905,137.085923,151.837179,17.6
12318,12318,151.937152,149.245835,44.111043,45.710643,152.024961,157.934453,16.6
12321,12321,158.702942,153.163557,40.593275,45.201249,117.706523,84.709886,19.0
12324,12324,159.68825,152.657696,41.672527,45.994731,118.83916,99.529727,28.8
12327,12327,158.935784,153.993516,39.622517,43.41148,133.980751,108.41456,41.2
12330,12330,161.179011,157.589852,36.126895,35.816422,142.264399,152.83508,35.2
12333,12333,158.966321,159.344576,33.545004,29.309986,136.614824,140.24492,33.2
12336,12336,147.867286,153.183674,37.522066,33.24491,158.358968,159.026672,39.2
12339,12339,155.525819,154.131273,32.710183,32.48353,150.827372,151.381835,27.2
12342,12342,162.897992,154.641147,33.682606,38.328733,157.378286,156.383221,30.7
12345,12345,159.580448,148.310662,34.380799,49.597305,153.86805,154.238406,20.9
12348,12348,166.942134,156.409336,29.321453,35.728856,156.818701,156.760545,24.1
12351,12351,158.390492,152.383977,36.662798,51.894102,159.191836,157.618642,20.7
12354,12354,162.652673,153.984701,37.186225,50.219217,154.814787,151.800783,22.8
12357,12357,163.010771,152.572746,35.768546,48.013769,153.998447,152.674726,24.7
12360,12360,163.998073,148.967465,36.588202,49.435852,159.527611,156.76528,26.7
12363,12363,164.526161,149.700572,34.206205,49.853989,160.783799,157.636175,33.1
12366,12366,167.932749,155.446582,33.41819,44.515951,154.370504,152.354417,26.6
12369,12369,171.276289,156.744159,34.265607,40.159109,156.90053,149.628027,38.0
12372,12372,173.587401,152.570836,34.048316,43.583878,147.601908,143.053174,34.7
12375,12375,167.59254,152.933033,38.421557,43.146108,169.017497,150.948946,38.1
12378,12378,175.444834,154.639821,35.544469,44.050988,161.007004,146.71323,27.4
12381,12381,170.925293,152.133028,38.120637,44.252816,167.197255,143.075274,47.9
12384,12384,172.051113,150.682977,38.73222,46.573714,171.42031,146.325601,38.2
12387,12387,177.754813,153.166799,33.91752,48.867055,155.282581,156.964541,46.7
12390,12390,174.337342,156.981478,35.838751,48.972936,161.005463,150.862863,60.8
12393,12393,177.201628,150.906439,36.432101,54.415812,154.358093,142.029012,64.1
12396,12396,177.235235,145.269432,37.895419,57.377334,160.897648,141.511228,55.3
12399,12399,178.014687,146.734578,40.088068,58.865876,157.564068,140.601166,69.6
12402,12402,179.323456,139.49335,39.925726,58.161574,159.304035,141.091214,67.1
12405,12405,178.990011,127.465034,40.947093,68.805108,157.958562,141.417564,78.0
12408,12408,160.575704,133.438,35.834063,68.785859,152.271018,143.191871,87.7
12411,12411,173.63345,132.779035,37.291749,65.868991,153.785855,143.368343,87.4
12414,12414,177.680687,128.178861,40.126159,72.653151,152.305476,139.131987,96.6
12417,12417,176.242805,141.664226,39.569804,60.240593,152.57218,128.716873,95.1
12420,12420,178.203189,131.02673,40.499165,64.038093,141.528015,126.45094,81.7
12423,12423,175.825841,130.055868,41.686948,66.930654,140.290614,120.412296,68.3
12426,12426,179.211762,129.594202,42.370997,73.139884,124.346941,118.474611,66.7
12429,12429,168.392111,123.055206,52.66829,82.263852,115.481301,107.05086,56.6
12432,12432,168.965764,127.54092,47.091089,77.002583,118.996362,101.148748,43.5
12435,12435,176.701943,124.865978,40.003855,78.422533,114.477312,111.243191,48.3
12438,12438,175.589501,129.193251,42.289201,78.023583,114.564444,110.077823,77.6
12441,12441,174.026915,136.722361,40.411377,69.815478,119.647802,104.600613,69.4
12444,12444,173.24819,129.120048,38.595377,73.379844,97.789132,93.799986,63.8
12447,12447,169.51301,131.961506,35.787899,70.595055,107.07527,108.114948,57.6
12450,12450,174.597502,128.391948,39.222839,74.313184,113.811775,100.859492,54.2
12453,12453,169.05048,125.978102,37.179833,76.314614,108.590099,97.315054,43.2
12456,12456,164.608186,125.327167,37.840456,74.085632,110.019604,94.56733,43.1
12459,12459,166.362411,135.140383,42.457851,66.060012,108.343499,86.084671,49.0
12462,12462,166.172011,142.51424,41.281338,62.268316,101.111027,81.85025,69.6
12465,12465,163.663963,140.570372,33.014977,63.874305,87.051065,91.295786,84.9
12468,12468,162.289759,140.604399,33.11716,61.439313,96.74465,96.022811,82.0
12471,12471,160.984312,141.669743,34.627361,63.675239,102.624631,85.947772,72.8
12474,12474,151.409226,139.824942,46.842806,75.076045,104.790962,88.858931,57.3
12477,12477,165.709098,150.203889,38.606652,69.152011,91.156459,83.250521,51.2
12480,12480,144.122508,145.169589,44.38143,77.918698,103.712696,81.77718,79.5
12483,12483,159.865179,136.653409,34.675431,85.597042,91.200701,74.819217,124.9
12486,12486,151.513078,146.998079,38.794887,77.664347,92.92655,81.66869,165.3
12489,12489,157.379558,147.675598,32.785328,74.036684,83.589168,73.753954,166.7
12492,12492,159.244963,159.422353,34.392923,59.555389,75.989057,68.232981,162.9
12495,12495,162.11714,148.558292,38.840936,69.901425,84.639676,74.065368,175.9
12498,12498,175.174069,153.531025,35.552283,62.905689,71.512293,69.724335,171.6
12501,12501,160.559846,161.27041,38.978077,57.705314,80.929195,80.445565,162.4
12504,12504,162.031139,150.51113,44.371451,65.421948,76.663841,82.289408,182.1
12507,12507,166.617497,150.465245,47.072905,64.921665,77.72051,83.821873,176.0
12510,12510,170.341287,152.238572,42.872837,65.601811,76.354992,72.949435,170.7
12513,12513,161.56911,140.936249,31.100569,76.377162,80.115341,85.376079,166.9
12516,12516,172.674018,154.678853,30.612305,63.530413,73.125538,85.704484,160.7
12519,12519,164.294699,144.559259,40.728906,81.131091,99.395451,88.426148,145.6
12522,12522,160.632936,152.375181,29.668391,65.020487,72.675514,69.710342,150.3
12525,12525,167.683436,149.674593,37.512508,70.925286,83.686379,69.884669,167.6
12528,12528,153.311889,153.547831,48.105433,78.592546,92.631071,80.282403,177.2
12531,12531,161.559958,144.983151,30.332762,65.844422,72.321219,78.486683,148.6
12534,12534,127.925146,152.56791,49.967985,62.70618,72.011539,67.579275,148.4
12537,12537,140.866318,135.952699,70.6882,86.153099,81.061479,69.311006,145.2
12540,12540,153.234107,149.097154,74.657694,76.175577,84.341487,69.928143,148.4
12543,12543,164.166227,163.170023,46.466696,54.437653,77.959999,81.817979,135.8
12546,12546,160.981101,168.974466,73.2477,62.256956,89.499316,81.886814,160.7
12549,12549,159.717525,157.78278,89.445667,77.095408,72.990224,65.735864,170.6
12552,12552,160.718937,176.66965,90.328247,78.981134,70.471365,70.459796,159.9
12555,12555,158.464377,131.786916,52.951894,89.65586,57.837264,87.520096,147.8
12558,12558,124.733604,160.544535,27.895012,70.138581,66.860371,90.111294,136.9
12561,12561,150.559335,120.341405,35.345436,97.801828,62.941311,91.486529,133.6
12564,12564,171.142756,164.331172,23.919491,63.802973,59.167112,83.003153,134.1
12567,12567,167.832193,157.269849,17.987236,75.799095,64.081271,78.656839,157.6
12570,12570,164.47074,168.097591,26.193342,60.962643,61.940717,88.649542,174.6
12573,12573,161.26136,163.100161,34.076334,61.137837,61.336818,94.736252,169.5
12576,12576,171.064755,153.188129,18.035383,73.647164,60.666658,82.575539,154.0
12579,12579,174.883502,133.123927,13.056055,83.613661,52.68912,60.308258,163.5
12582,12582,168.375067,143.576797,10.504583,85.138257,66.565322,67.751773,163.3
12585,12585,173.057134,132.600659,10.354471,88.838652,66.167178,59.468954,143.5
12588,12588,179.236219,130.351909,9.260557,94.840346,78.400178,70.241107,147.8
12591,12591,161.439101,144.030843,14.901521,87.511671,84.724867,69.102556,162.4
12594,12594,168.841132,138.085545,13.990843,85.901426,76.659672,85.733601,173.7
12597,12597,151.074544,145.704833,21.832412,79.663687,68.193222,74.975738,156.1
12600,12600,171.874117,147.38803,14.075448,73.155174,66.361128,63.179218,149.8
12603,12603,168.587475,143.722691,21.42875,76.821894,73.604627,80.635747,127.8
12606,12606,152.594042,130.856713,25.905305,98.852546,89.642877,90.878319,130.0
12609,12609,150.664144,146.340788,41.9576,107.877993,107.318998,86.520232,154.9
12612,12612,172.671618,146.237293,47.297815,99.198845,105.800022,95.792033,167.6
12615,12615,153.623351,138.09922,64.089125,108.286901,112.303992,89.752969,155.1
12618,12618,162.304575,153.868381,64.522699,103.565509,106.945167,85.568452,134.2
12621,12621,155.122136,156.915124,56.019993,86.243022,105.816761,90.096193,118.7
12624,12624,156.482408,145.562724,56.228619,104.359234,108.994021,92.660057,115.0
12627,12627,158.193457,156.526904,50.779411,81.218724,97.125525,88.386728,140.4
12630,12630,156.273484,144.711798,45.919494,88.389184,104.092886,88.464984,181.9
12633,12633,155.5346,147.660432,45.452227,83.90846,96.360021,95.988667,177.1
12636,12636,156.291232,158.154461,76.124053,93.076291,100.841979,102.67039,162.6
12639,12639,159.551458,151.507228,54.21227,95.513984,114.441068,100.821116,174.2
12642,12642,158.811291,154.558127,43.027675,87.536782,108.742122,89.804791,138.9
12645,12645,168.781266,156.237457,41.844881,86.232375,88.960767,69.796492,135.3
12648,12648,149.050752,150.566034,37.237212,109.613117,116.181145,89.704897,144.4
12651,12651,158.362263,148.186656,36.960123,98.451227,132.54041,104.474779,174.9
12654,12654,158.461558,146.809044,37.587172,101.217773,141.387169,126.688568,159.7
12657,12657,168.538192,126.539029,38.952488,101.217677,139.41698,117.303841,157.7
12660,12660,166.898978,134.108556,43.481249,102.486898,143.035762,114.731138,160.0
12663,12663,162.811649,122.914135,44.981076,99.572565,153.761423,124.529541,167.1
12666,12666,162.997644,129.942785,44.683423,94.738615,153.29649,124.566236,155.1
12669,12669,167.12274,127.17466,43.73864,93.32139,151.229801,131.133576,143.1
12672,12672,155.706064,138.737286,47.00048,85.531232,162.430277,139.578346,150.9
12675,12675,152.546063,136.31162,57.149279,93.811713,139.765208,133.758189,170.6
12678,12678,149.045816,140.07504,59.66168,87.894875,141.24774,105.211854,183.3
12681,12681,150.884533,141.937392,53.739138,80.665119,153.764648,129.513584,162.9
12684,12684,137.924755,150.555808,60.424214,76.674942,162.431769,136.517894,153.4
12687,12687,148.824409,145.768103,49.443743,74.238878,170.44371,145.665114,141.8
12690,12690,158.471857,144.349769,44.079217,68.774243,173.974041,145.591434,136.5
12693,12693,156.672264,144.15179,43.308375,67.319537,172.156546,136.032876,146.0
12696,12696,153.694177,154.987186,43.387043,60.230718,173.678643,135.978127,210.0
12699,12699,148.17725,156.790947,47.10213,57.791188,168.869458,141.205512,196.8
12702,12702,151.448303,153.024507,40.311947,59.459482,170.956316,147.137702,178.2
12705,12705,164.138273,146.792581,37.55954,59.620699,170.276314,149.649885,179.7
12708,12708,171.363268,148.338711,36.449086,56.449401,163.674746,141.79592,160.5
12711,12711,161.160486,146.938658,37.03356,58.338218,165.163319,152.888854,150.5
12714,12714,158.638321,149.134314,35.887479,57.594778,160.47742,140.945367,122.3
12717,12717,162.462143,151.630939,35.205827,55.668754,161.67437,141.604949,113.3
12720,12720,164.385234,148.37546,35.276287,52.414008,166.903143,153.729139,119.1
12723,12723,159.247456,155.464382,35.996048,51.204444,164.886863,148.533733,122.6
12726,12726,157.215299,153.64788,36.683495,50.959023,165.604873,154.140467,138.1
12729,12729,160.697955,153.759533,35.426279,50.086406,166.24342,159.147188,132.7
12732,12732,169.279257,151.426832,33.169251,50.900094,161.900906,154.469681,120.2
12735,12735,169.479005,154.407148,30.85136,49.990205,156.868861,166.048021,110.8
12738,12738,172.217359,160.193076,31.226957,50.971532,160.732788,159.269548,111.1
12741,12741,164.696841,156.95749,32.928351,47.669622,157.235725,164.126121,92.8
12744,12744,170.049279,162.025574,30.979873,45.036518,159.427248,159.865401,97.2
12747,12747,167.464712,160.840412,31.567721,46.651923,158.96955,157.349782,138.4
12750,12750,165.013212,159.728675,30.324398,44.634875,152.498539,166.512072,130.6
12753,12753,164.26209,163.887603,29.904396,41.573579,152.944328,154.060074,109.3
12756,12756,160.026807,162.755116,30.680831,42.620093,157.799213,168.391031,101.5
12759,12759,154.785891,166.71212,34.364329,40.60843,156.897095,166.281316,89.9
12762,12762,153.467102,167.705147,33.473861,38.77156,156.756861,169.412947,78.5
12765,12765,156.999839,164.83944,29.760601,41.312691,154.061623,169.560012,64.8
12768,12768,152.595884,145.229381,34.427064,38.186022,155.057844,161.796756,61.6
12771,12771,153.903879,166.152168,33.608836,37.10057,154.638626,169.036887,80.2
12774,12774,146.030691,164.403356,34.686142,38.183186,153.936508,168.79379,81.0
12777,12777,151.98935,161.21669,30.174129,39.918502,119.173695,153.464315,69.3
12780,12780,147.968326,162.366863,33.041806,40.716444,141.74436,160.708664,79.5
12783,12783,141.990113,161.520018,34.503649,39.996901,126.522542,153.890036,77.0
12786,12786,153.749847,170.354467,33.793703,35.728573,150.78165,159.715828,50.7
12789,12789,139.065211,169.017912,38.502301,37.078623,148.979254,142.713991,42.8
12792,12792,140.264171,171.973206,38.740422,41.48395,148.100633,129.710676,45.0
12795,12795,130.72887,165.766453,53.60599,45.435918,142.175703,136.220591,76.0
12798,12798,143.524741,171.739522,40.311297,44.644635,140.93541,136.906394,74.2
12801,12801,148.150881,168.370697,39.354869,46.206538,140.249155,138.708843,62.9
12804,12804,142.426073,171.765322,42.416348,46.637827,142.296666,134.331984,60.9
12807,12807,142.488748,169.934459,46.086429,47.042092,143.962954,130.639253,56.0
12810,12810,137.605609,171.245262,54.117824,47.150755,143.449675,136.923976,35.1
12813,12813,141.518695,171.408597,51.995285,46.577955,136.730885,132.726541,40.4
12816,12816,147.905347,176.400091,48.389721,44.147773,131.051075,130.674829,53.1
12819,12819,152.130881,174.074023,41.66401,45.429012,131.472842,127.823536,92.1
12822,12822,142.980388,175.767713,50.02501,43.471853,132.511658,127.142045,69.1
12825,12825,148.635978,176.181016,42.684437,44.85975,123.79836,92.677847,50.1
12828,12828,144.120209,175.679271,43.214714,46.477077,105.28251,102.167292,51.3
12831,12831,141.554364,176.088729,44.281748,45.74649,86.500563,80.717129,31.4
12834,12834,142.951391,175.747484,46.254165,46.113761,89.121029,88.162915,28.9
12837,12837,138.49391,176.220959,49.269319,44.128295,97.818233,97.061729,31.9
12840,12840,136.128907,175.249891,55.425261,44.400606,79.8009,69.90405,50.2
12843,12843,124.15668,168.853877,68.623443,40.898943,93.621197,95.578343,64.3
12846,12846,132.271092,171.391896,65.563345,40.261149,101.792766,103.336586,61.8
12849,12849,136.330251,171.897987,62.780929,36.373157,110.193364,114.774718,73.7
12852,12852,136.536493,170.263555,63.04161,36.667075,112.779446,119.891027,60.4
12855,12855,143.029918,170.952181,59.883827,36.006003,107.717618,117.688578,77.4
12858,12858,137.883541,170.067962,63.742277,37.088143,114.136521,117.833948,68.3
12861,12861,136.9132,165.090179,66.669178,36.141241,106.984306,114.794111,78.9
12864,12864,128.215078,167.443786,71.102347,36.146344,106.787315,121.198071,82.7
12867,12867,131.351995,166.763393,68.534726,37.823136,104.758266,121.336148,78.7
12870,12870,129.82174,165.208305,70.40359,39.129108,99.215085,122.734152,74.8
12873,12873,123.773532,162.250774,76.974311,43.076956,97.226868,100.99103,74.0
12876,12876,112.216866,158.078558,83.885864,45.493215,93.6622,110.242978,75.9
12879,12879,103.180738,154.806403,89.188025,44.322689,95.241193,114.057462,87.0
12882,12882,122.843847,157.428784,86.1791,45.077055,90.966182,112.70378,114.2
12885,12885,110.844893,152.562796,89.97357,45.524349,96.523269,102.526071,94.3
12888,12888,112.506325,154.593914,88.797657,45.07049,92.024457,109.642436,89.6
12891,12891,122.663367,157.421419,87.742192,42.787787,82.044605,117.808384,81.4
12894,12894,116.672572,160.932083,92.473013,37.180895,77.801151,107.668481,78.3
12897,12897,114.989906,157.034304,93.180907,38.246282,69.97705,102.705419,61.9
12900,12900,118.178755,163.673135,91.149775,33.99103,77.662608,106.176254,69.4
12903,12903,120.851631,159.787708,87.289854,34.459178,79.593243,111.461219,100.1
12906,12906,109.6259,161.123991,98.393553,33.085535,79.959195,108.975333,114.0
12909,12909,122.354123,159.835243,84.812886,32.185264,83.246758,119.719878,100.1
12912,12912,116.325232,161.53424,89.675908,30.583731,77.256702,110.478663,96.1
12915,12915,121.627764,161.166181,86.428237,31.986714,74.113762,108.593218,104.2
12918,12918,119.851992,165.101506,93.25603,32.173149,69.073103,105.04484,81.4
12921,12921,124.594321,164.126323,85.58247,26.778121,66.991758,99.271519,97.1
12924,12924,112.299211,164.314706,101.939553,28.914857,67.885952,93.336988,111.7
12927,12927,123.532659,166.785933,89.384211,25.840824,70.039387,108.006994,108.5
12930,12930,131.416848,165.722867,83.233141,27.486978,68.427136,106.740588,100.7
12933,12933,127.037501,164.582879,86.427181,25.684966,70.798573,107.069706,95.7
12936,12936,115.607862,165.366225,99.113291,26.788924,72.409747,104.620516,87.4
12939,12939,132.172134,163.567435,83.378902,25.778586,71.218485,103.343013,87.1
12942,12942,121.006222,166.222309,94.511338,27.565907,66.477394,99.773945,116.1
12945,12945,126.971059,167.953781,92.463591,23.02706,66.712031,88.703753,126.5
12948,12948,136.474648,166.743283,82.675022,26.403656,72.31148,110.70981,106.6
12951,12951,128.586179,165.725114,88.191512,26.816967,77.036465,115.599526,100.9
12954,12954,131.434714,164.160874,85.405363,27.132149,75.386787,112.647044,100.8
12957,12957,125.47133,161.868789,89.346695,28.152185,74.167653,99.755783,77.2
12960,12960,121.004549,160.952269,92.975566,30.497683,68.575772,93.079968,53.4
12963,12963,116.927363,159.086623,102.968811,31.450669,75.966042,100.137107,78.8
12966,12966,113.743169,155.829736,104.806306,35.791407,73.204751,97.826625,86.8
12969,12969,129.506724,158.729094,89.338264,35.349241,75.356621,110.807646,80.1
12972,12972,125.189231,152.672278,94.923025,38.638561,77.828434,113.448795,64.7
12975,12975,122.847894,151.685322,99.647387,41.745481,82.676836,120.13275,64.3
12978,12978,116.700728,148.487617,103.510263,45.692524,88.39379,123.624355,61.3
12981,12981,123.50309,141.707124,100.954259,51.471573,89.526137,115.983535,53.4
12984,12984,120.384254,144.009868,99.218619,50.91466,93.843259,119.59412,59.9
12987,12987,113.444634,149.709282,103.04384,48.986092,98.115208,126.908505,99.8
12990,12990,117.734416,149.000295,99.834683,49.577228,97.444896,129.1514,91.3
12993,12993,121.29469,169.294064,94.015988,38.87389,100.610039,127.592208,79.8
12996,12996,113.290747,168.998871,100.614905,33.841614,100.952452,123.304406,71.5
12999,12999,111.922921,166.241841,98.421819,32.764716,99.668706,125.592364,102.0
13002,13002,113.629064,164.079645,96.654389,33.881128,116.459272,137.401677,104.4
13005,13005,106.098938,166.694758,102.783853,34.529602,117.954907,134.658728,94.9
13008,13008,110.235659,161.411924,100.646582,36.932034,123.198587,142.510687,82.8
13011,13011,112.944605,164.870031,98.69185,33.925123,126.727545,136.093494,131.8
13014,13014,107.025816,162.312759,103.926675,40.133791,124.468867,138.395896,109.5
13017,13017,102.688028,157.537492,108.901627,46.279167,119.042547,129.785835,70.0
13020,13020,108.918073,158.050171,98.870001,43.609424,119.553885,135.236162,34.8
13023,13023,110.631014,159.819714,95.37241,45.021266,125.249922,139.139042,34.1
13026,13026,112.054383,152.674685,94.576012,51.257442,129.531004,140.868797,51.1
13029,13029,110.732735,155.414737,93.346764,51.089063,132.50796,139.048668,71.8
13032,13032,113.364655,159.689412,86.939019,42.380145,132.255886,143.135176,62.9
13035,13035,118.461206,158.477972,82.426818,42.829531,133.931913,141.895649,54.9
13038,13038,117.901879,155.077452,84.304814,48.199766,131.4047,129.3604,42.0
13041,13041,117.542079,150.422017,84.049447,49.328127,132.713122,131.483444,51.3
13044,13044,116.50799,151.447938,87.718239,49.254125,134.290344,130.48675,56.6
13047,13047,123.703267,149.746045,75.440264,50.376115,135.18568,135.739588,47.3
13050,13050,127.334771,148.095163,75.568554,54.64532,136.572852,132.399218,63.4
13053,13053,122.865307,143.659478,77.465259,53.945438,127.072298,131.579703,45.7
13056,13056,125.293633,150.812077,73.347222,40.096325,148.015622,152.627824,67.0
13059,13059,123.732429,150.412588,70.274136,42.797519,150.439134,149.625337,77.2
13062,13062,130.690101,156.0339,60.549257,34.480528,151.568727,146.332841,59.6
13065,13065,136.843037,159.789324,49.416808,31.923328,150.854803,160.016966,68.7
13068,13068,146.421834,154.156275,48.473649,39.891987,154.88139,161.011464,54.9
13071,13071,150.677912,160.427603,43.824464,34.459155,156.229181,150.030399,65.4
13074,13074,154.304959,159.357317,38.818556,30.422786,152.610627,154.258291,56.0
13077,13077,158.581506,157.645283,40.432269,33.856649,127.341405,143.174186,65.7
13080,13080,163.499945,154.966429,34.201765,34.869038,139.507553,155.729524,110.6
13083,13083,144.95492,155.755724,44.527442,48.619451,149.808896,148.151604,125.4
13086,13086,151.379007,152.975626,43.293918,49.685656,152.288781,151.414033,109.0
13089,13089,148.968035,155.760362,39.949984,52.859544,162.322385,155.933202,114.5
13092,13092,161.318866,149.597981,37.022135,55.283849,158.68417,156.490832,117.2
13095,13095,159.380218,154.280501,37.170205,49.579267,153.956037,151.820825,93.7
13098,13098,160.54729,158.033622,38.349763,49.819722,131.603377,153.052506,96.2
13101,13101,163.502031,152.431374,35.063399,44.885584,148.355807,150.503493,106.3
13104,13104,167.168724,151.394512,31.889584,41.564512,162.9442,160.450245,163.0
13107,13107,166.992859,153.032662,32.749909,44.233565,158.250282,155.001408,164.3
13110,13110,169.225017,152.576662,34.643616,41.563212,164.180615,161.317253,173.4
13113,13113,171.835335,151.736578,30.877792,45.03358,155.849128,166.272881,189.2
13116,13116,177.566094,148.42128,31.009294,46.334268,148.759749,157.093027,162.7
13119,13119,172.336812,144.580902,30.229226,48.82875,152.910935,156.48951,150.2
13122,13122,176.785286,143.148199,33.415595,58.053471,151.21499,157.237917,130.9
13125,13125,176.246254,141.868995,33.104615,61.139646,150.519606,152.760699,153.3
13128,13128,175.664208,136.429342,32.709742,63.913205,151.313686,153.611709,197.5
13131,13131,176.993982,136.126492,32.71748,62.911051,157.180962,151.978051,201.8
13134,13134,175.071761,136.339547,37.471459,61.371178,142.931252,130.688527,206.1
13137,13137,173.80784,126.720814,36.635711,66.694521,147.740181,136.314729,187.6
13140,13140,176.243912,128.876616,40.181516,67.054993,148.751343,136.857312,192.6
13143,13143,170.544113,124.376957,36.314517,70.10176,143.922155,130.41833,194.8
13146,13146,174.213753,120.659891,37.860796,70.476327,146.362018,129.004358,180.7
13149,13149,174.980563,123.312813,38.439721,67.340395,140.842076,119.5747,206.0
13152,13152,173.108835,121.190921,38.6179,69.393487,136.441766,118.729314,241.3
13155,13155,170.81577,127.639165,38.617856,64.49424,139.831064,121.990718,233.8
13158,13158,169.635719,127.911026,39.376716,65.359215,130.192639,115.034352,234.6
13161,13161,170.498309,131.955054,38.331785,62.27939,135.078204,120.026814,199.9
13164,13164,165.966778,134.112185,35.411938,64.692225,129.427765,113.261807,181.2
13167,13167,175.741393,127.115514,35.750259,69.486357,122.668488,104.433033,188.3
13170,13170,176.227769,129.687857,39.636264,67.463381,120.368812,102.067071,216.2
13173,13173,163.06608,128.484787,36.226549,68.09389,114.732557,96.685465,231.5
13176,13176,167.318598,128.551272,39.178678,66.242643,121.090079,101.559423,238.5
13179,13179,174.490674,134.137705,41.574013,65.668853,106.85912,106.605073,237.5
13182,13182,169.149198,142.23362,43.396948,60.561429,100.754189,100.046891,232.0
13185,13185,168.2844,140.870372,46.60628,62.662686,99.203734,91.208531,220.8
13188,13188,170.554977,140.498858,41.174033,63.454566,89.662839,92.872769,208.7
13191,13191,170.757173,151.096061,46.079552,54.369798,101.54457,89.309837,228.4
13194,13194,175.083225,147.049684,45.604948,61.095754,106.136372,91.282474,250.4
13197,13197,167.742591,157.239359,45.530763,53.691098,97.920783,99.396266,248.3
13200,13200,168.000131,151.532272,38.495275,57.076364,93.483202,109.485523,241.5
13203,13203,163.769747,157.396973,34.93117,54.212141,85.666515,97.183297,232.7
13206,13206,165.985649,149.774879,31.077725,58.360394,82.307098,91.363093,227.2
13209,13209,157.831729,167.618577,40.259878,48.074755,87.1943,86.050072,230.4
13212,13212,142.972365,155.975471,46.881776,54.546605,60.643303,78.928128,253.0
13215,13215,151.5271,161.648535,47.092088,53.338027,62.435505,74.782453,275.5
13218,13218,166.32508,156.810418,37.681789,62.359972,73.142946,75.851452,275.2
13221,13221,157.163665,158.961089,86.458369,58.568373,59.033937,78.39218,282.5
13224,13224,171.5818,168.433165,85.064378,48.604778,62.767255,86.789314,265.3
13227,13227,158.758085,171.662657,85.01228,47.858895,61.734935,90.956401,250.8
13230,13230,171.226321,173.530839,77.365002,47.330174,66.771829,97.648657,259.3
13233,13233,167.719831,159.911304,71.126988,38.198174,79.494807,97.002798,274.7
13236,13236,168.923894,169.773706,77.049121,52.086881,73.623328,96.196559,289.6
13239,13239,164.228757,165.291101,62.349354,69.948277,102.673362,93.397563,290.2
13242,13242,172.304837,167.532957,56.872005,49.154493,93.163771,105.436758,262.8
13245,13245,173.30769,165.1045,57.351492,53.333476,76.988687,90.844169,250.9
13248,13248,171.605819,167.083749,73.993359,46.09584,79.74992,106.713079,229.0
13251,13251,164.058624,137.77037,96.53393,90.698222,63.552537,69.679695,250.4
13254,13254,164.083994,153.894911,92.906286,60.291171,61.927453,59.334244,268.5
13257,13257,166.998798,160.778433,90.507664,60.536261,66.836128,68.756048,254.4
13260,13260,140.555957,146.081435,64.412022,68.949903,58.58077,66.136496,254.2
13263,13263,169.492333,157.77893,78.756268,61.578966,71.698583,85.466915,266.4
13266,13266,157.844669,138.062568,105.360611,87.298628,68.311441,64.366037,269.2
13269,13269,134.906906,149.916131,65.606967,68.768269,55.010163,97.102376,250.0
13272,13272,133.87964,144.752824,61.465684,80.292631,57.868024,72.864976,258.6
13275,13275,117.647533,142.507773,72.143274,69.423021,60.694548,77.102576,254.4
13278,13278,169.763523,158.70149,16.43981,63.996371,61.593951,60.133419,259.8
13281,13281,135.970087,165.566656,74.395291,48.876589,62.896023,73.738842,255.6
13284,13284,163.805948,165.649582,43.822265,69.784893,76.963976,72.473099,268.2
13287,13287,149.341515,171.526634,40.71539,54.441861,61.601816,62.307681,243.4
13290,13290,173.943986,174.026865,35.055583,55.655869,70.867565,90.730227,231.0
13293,13293,171.01285,166.172977,67.959328,61.097217,67.18419,80.324251,243.6
13296,13296,152.295868,171.985427,73.759229,47.463255,67.158179,74.212805,244.1
13299,13299,168.515636,156.82977,81.787617,64.95396,64.325694,78.955326,256.3
13302,13302,170.020835,160.035232,74.484917,58.753596,71.183813,68.167773,240.3
13305,13305,153.847635,155.229047,65.311017,85.072734,92.442783,73.584691,226.1
13308,13308,146.658633,142.519374,64.813555,77.43989,96.023634,77.982518,215.5
13311,13311,169.730922,148.625294,64.557461,99.926121,106.307332,81.281342,211.9
13314,13314,159.600922,159.826824,55.709718,72.882119,100.552465,87.082251,235.8
13317,13317,168.704071,164.902484,54.246862,80.384675,110.795224,92.450777,230.7
13320,13320,172.435491,165.224093,48.513255,75.306673,109.308255,100.01657,213.0
13323,13323,161.594438,147.136198,55.508066,77.084292,93.442401,90.106139,200.3
13326,13326,161.405407,158.23106,62.222182,74.263523,101.279397,97.89504,207.6
13329,13329,155.979559,150.432686,60.655001,82.203184,103.251715,95.852766,215.1
13332,13332,161.539155,157.05653,61.306329,79.453403,114.813689,95.913043,223.3
13335,13335,157.154876,151.743345,61.330951,78.212295,96.076364,102.905087,217.0
13338,13338,170.849597,163.283217,57.915423,77.557994,113.411195,91.311096,211.0
13341,13341,169.301591,156.59804,54.154958,84.869428,119.055236,89.679354,205.4
13344,13344,174.656637,142.883718,50.153951,91.243177,128.618598,97.016008,190.4
13347,13347,170.331797,141.006856,48.762479,90.712427,120.883929,81.256726,174.2
13350,13350,160.723788,135.761415,47.665516,87.525431,152.979464,111.444698,170.1
13353,13353,155.738552,136.136134,49.529269,88.357148,153.880767,114.046259,195.4
13356,13356,157.646899,139.295442,49.40843,81.797808,162.567471,119.588283,187.9
13359,13359,147.302934,132.924323,56.80812,88.152201,146.635114,117.517305,206.4
13362,13362,148.104741,138.142051,52.944374,82.857369,164.353123,127.507379,166.0
13365,13365,146.030076,136.512051,48.700923,84.663551,169.662905,129.857552,143.8
13368,13368,147.648529,146.80527,48.282187,81.030873,175.632892,122.161655,158.3
13371,13371,154.963581,140.44274,48.369411,80.020549,165.106822,120.808059,138.3
13374,13374,151.406383,133.94042,56.493761,88.096327,153.359129,125.689348,163.2
13377,13377,149.21176,150.876741,54.559004,80.745194,163.889317,128.242674,157.1
13380,13380,156.71098,140.041297,48.287783,78.320117,167.953021,125.22303,152.5
13383,13383,149.170191,140.793328,49.110123,73.884877,166.833491,123.89338,131.7
13386,13386,145.147495,147.986347,48.763934,67.773713,173.105221,131.103707,135.4
13389,13389,154.296168,146.739564,47.664039,66.354141,172.473441,140.896872,114.3
13392,13392,151.478756,148.029015,47.301323,67.363702,168.000621,141.026487,130.5
13395,13395,148.339363,145.37144,46.000674,64.666893,165.910387,145.546249,122.0
13398,13398,156.880404,162.635342,42.004936,50.886823,169.186134,149.92004,138.8
13401,13401,151.108228,158.959256,43.543248,53.050266,164.266624,151.27539,138.4
13404,13404,162.727454,157.945308,39.452162,51.099486,168.069574,153.865905,128.8
13407,13407,168.001746,155.986147,34.941135,49.949239,155.390884,157.150029,111.6
13410,13410,161.461467,160.427875,36.460692,43.601661,166.767638,158.978481,99.7
13413,13413,172.317201,157.213009,31.930467,46.110691,160.60169,159.808792,113.7
13416,13416,166.247965,157.2067,31.712966,43.590985,165.420573,160.30861,130.3
13419,13419,166.649954,155.585247,30.204932,46.711668,157.819446,166.191608,143.7
13422,13422,162.384403,150.689357,28.818766,41.392775,163.950972,155.450163,164.8
13425,13425,170.42144,145.674528,31.561956,53.874299,158.728825,163.440542,140.2
13428,13428,170.260346,146.371218,27.332682,44.981645,161.328532,159.240911,126.1
13431,13431,166.946993,162.736644,30.392548,40.268192,158.068042,156.120362,95.7
13434,13434,171.703783,151.596041,28.797419,39.996176,156.718287,163.192344,87.7
13437,13437,172.167061,153.142041,28.827451,40.998739,142.501089,162.581871,72.7
13440,13440,170.113337,152.207824,29.726829,44.215895,145.016243,146.748513,61.1
13443,13443,171.19939,154.294152,28.35796,40.654654,131.948596,141.974999,71.2
13446,13446,170.043859,155.212529,28.230423,40.315122,109.179155,131.539143,110.0
13449,13449,168.180119,151.892107,28.753661,39.078575,128.303903,146.009379,113.3
13452,13452,167.993581,156.632446,28.809142,37.962918,134.175465,144.806162,90.7
13455,13455,166.72647,159.501699,30.707404,43.124572,129.076733,137.634077,80.3
13458,13458,152.495609,163.189276,32.281097,37.750276,142.621579,148.170082,77.3
13461,13461,151.105643,163.128206,37.214501,42.316838,134.093124,137.60401,60.7
13464,13464,150.77921,163.004354,37.869911,39.771157,143.087083,144.282243,45.8
13467,13467,140.289257,171.302072,39.833704,35.270837,149.284216,147.740295,41.9
13470,13470,146.70853,168.493578,40.776073,31.19177,154.507733,165.096094,59.1
13473,13473,141.091622,170.677992,43.552899,31.22505,153.784724,161.272603,71.0
13476,13476,139.661504,177.196085,42.254471,28.693653,153.511166,163.611306,63.1
13479,13479,136.700312,170.529154,45.867765,30.715141,153.265882,162.591435,70.8
13482,13482,138.08948,166.450833,51.736855,37.909577,147.895248,151.95811,50.0
13485,13485,131.816487,174.96562,50.464138,33.867759,148.496851,146.344118,50.4
13488,13488,129.466621,169.775632,60.149643,31.405713,152.717001,151.479478,45.6
13491,13491,132.294544,166.678437,54.237481,44.852164,143.954273,143.622175,45.8
13494,13494,139.606863,175.932241,48.629253,39.926642,142.125725,138.440353,55.0
13497,13497,138.730114,176.377201,54.389167,37.637978,137.033702,136.653728,57.8
13500,13500,135.383408,175.663185,54.118587,42.280725,131.668868,129.417945,49.9
13503,13503,141.713405,171.728846,45.377482,40.459256,134.186654,126.061959,43.8
13506,13506,141.886385,172.812892,47.568605,38.788264,133.66805,130.847241,32.8
13509,13509,138.678178,169.9214,50.246156,37.002211,131.529869,99.675876,40.3
13512,13512,131.398901,164.447732,53.103543,37.91351,130.716358,122.714997,47.6
13515,13515,132.748863,174.042195,54.991733,41.415917,122.931492,120.363407,31.8
13518,13518,133.381423,176.323383,54.907629,42.530113,121.660948,122.246681,62.9
13521,13521,132.561906,171.944545,56.164557,39.125797,127.888657,129.553882,58.7
13524,13524,131.733855,174.691026,56.884907,42.326785,124.394633,127.506189,61.9
13527,13527,136.168968,171.934976,55.415521,40.974687,108.573367,111.289881,67.1
13530,13530,126.988586,173.201578,64.896957,41.688671,118.752758,115.039051,59.7
13533,13533,135.9374,174.362329,57.599825,41.545967,107.689172,113.195156,49.9
13536,13536,133.920737,173.804993,60.698465,40.293579,113.762523,116.315627,42.8
13539,13539,132.066251,174.059479,63.255897,38.365785,120.287954,122.452197,46.8
13542,13542,141.679006,172.423421,56.918903,36.868684,112.216416,125.177148,72.0
13545,13545,135.836798,170.992702,62.748453,36.572758,113.39802,124.026582,59.8
13548,13548,135.268896,169.170202,64.786934,35.746707,111.347868,119.617846,39.4
13551,13551,121.92888,167.645073,74.490574,35.909904,109.618846,117.943581,55.4
13554,13554,121.28363,166.537017,75.188129,36.660367,113.430601,121.571367,47.3
13557,13557,126.013231,166.09564,72.498906,37.828236,108.131196,118.923049,42.7
13560,13560,121.604354,168.287754,78.503423,33.918213,110.893401,116.476886,67.3
13563,13563,126.355822,162.343387,73.932126,37.341162,103.466491,125.317506,80.2
13566,13566,133.216449,167.407879,69.235828,37.637435,104.108589,130.757319,78.9
13569,13569,123.028511,165.593844,78.503126,37.769181,100.119924,115.990117,82.9
13572,13572,120.023961,166.602616,82.902276,41.03191,107.560763,135.13325,92.2
13575,13575,119.209987,164.287785,83.970793,42.74091,108.53059,139.392927,94.6
13578,13578,115.451727,161.271846,87.649067,45.877473,107.557823,140.306008,93.0
13581,13581,137.552191,142.323335,80.113698,55.135472,97.046714,110.687509,100.2
13584,13584,127.154765,137.795223,86.588976,53.08826,97.536818,92.486199,106.0
13587,13587,135.289396,142.143164,86.172402,54.587129,83.434889,108.695931,95.5
13590,13590,124.544481,143.717478,93.493113,52.775767,91.130561,102.611261,90.1
13593,13593,135.487242,140.387962,84.895564,53.482363,83.776644,128.290657,104.8
13596,13596,134.918306,140.772998,86.159467,52.677551,89.72342,130.598087,109.8
13599,13599,133.98273,115.27857,92.599211,63.693958,83.910418,129.281112,101.6
13602,13602,116.566072,139.441985,102.034518,50.131438,89.244104,120.301437,110.5
13605,13605,119.604607,154.458284,98.962076,40.863367,91.614413,92.929257,117.1
13608,13608,146.741643,155.543834,76.125769,38.107925,83.829943,89.512799,120.8
13611,13611,131.622961,152.858609,91.749053,38.189332,86.017303,112.936828,106.5
13614,13614,135.94479,155.639261,88.107825,35.856111,86.212814,112.092444,103.2
13617,13617,133.570644,158.354303,88.991287,32.954523,89.616461,117.327051,107.6
13620,13620,145.890889,147.693467,81.03252,36.105918,86.137525,115.409426,99.6
13623,13623,139.575953,148.319654,88.625708,35.008915,86.434571,111.89118,105.8
13626,13626,132.768759,156.647959,92.25666,31.905647,82.528735,98.599034,96.2
13629,13629,149.541751,151.633905,80.489308,32.84567,83.958188,120.644459,101.9
13632,13632,145.491883,154.956517,81.984219,28.737033,68.927829,98.639446,96.9
13635,13635,144.673697,154.634071,82.596099,30.127443,70.139332,107.391356,98.8
13638,13638,145.106661,157.330879,89.782702,33.678814,66.624165,114.279124,111.3
13641,13641,145.966862,157.940564,87.468867,29.253309,64.722341,93.769377,114.5
13644,13644,152.470802,159.097493,84.637488,27.681359,72.613336,108.490305,136.1
13647,13647,130.542534,155.889839,97.808736,25.653759,68.094469,85.412627,95.0
13650,13650,134.531406,168.774934,96.002741,19.242521,52.984191,77.663076,88.0
13653,13653,131.975522,160.268625,96.174151,19.588388,68.541131,87.372241,64.9
13656,13656,136.993493,166.893935,96.757843,19.005904,53.025899,81.32853,62.2
13659,13659,129.413049,164.550492,97.522572,20.614128,58.412329,78.908048,61.0
13662,13662,132.23097,160.947003,99.101064,20.909335,73.881548,99.861513,98.4
13665,13665,123.563577,161.369945,107.477964,24.104963,74.222771,65.221202,94.1
13668,13668,123.630789,160.209967,104.994493,23.374557,77.493254,91.789853,81.3
13671,13671,137.980848,159.198271,96.537046,25.487757,81.510166,105.751187,68.7
13674,13674,125.318991,158.087558,104.820127,30.615906,87.071254,100.123273,66.6
13677,13677,139.28127,163.667995,85.189922,29.122165,88.80065,109.538554,66.9
13680,13680,146.51188,151.566962,83.849758,33.532933,96.231355,120.025126,49.3
13683,13683,136.863934,160.412723,89.244736,34.034572,99.411986,119.1429,62.5
13686,13686,135.668015,164.712629,86.340231,31.320231,90.213476,101.243296,64.3
13689,13689,138.922545,162.783624,97.396865,35.941713,92.032563,111.909815,53.9
13692,13692,134.653655,154.9999,98.614085,45.356335,91.324913,114.464076,33.9
13695,13695,138.730302,160.761342,84.085564,34.910544,97.251433,118.989526,20.5
13698,13698,140.083352,171.777763,81.816576,30.110886,113.887802,126.001937,21.0
13701,13701,138.696,165.37129,82.47058,32.107954,113.276112,127.38758,50.3
13704,13704,134.744724,166.443682,86.868401,31.683099,114.728959,134.948551,91.5
13707,13707,135.100138,165.78801,87.321497,32.347974,110.486429,129.869616,89.5
13710,13710,130.603055,168.122075,94.026973,30.749907,122.844766,144.581856,82.2
13713,13713,129.180093,168.877216,97.477825,30.232786,126.939076,147.04167,65.1
13716,13716,134.813023,169.242666,90.115648,29.565143,126.371056,146.18914,77.7
13719,13719,129.29865,167.695014,97.794354,31.53799,127.873364,152.648063,74.1
13722,13722,122.742024,163.986044,101.01705,33.01231,126.193718,144.567696,74.4
13725,13725,114.247692,155.306414,111.313956,37.232085,128.60757,144.675051,118.8
13728,13728,118.463749,166.146498,107.362663,34.057582,132.47511,150.560697,115.6
13731,13731,110.623555,159.94974,113.065596,34.834922,141.235855,149.519289,111.2
13734,13734,107.987093,166.911809,114.557414,32.281812,142.225222,148.297016,100.5
13737,13737,109.707788,165.070934,112.24915,33.92177,142.235941,151.664844,101.3
13740,13740,101.637562,164.024813,113.550365,32.661301,144.308732,160.219792,77.5
13743,13743,112.979733,165.418598,109.251566,33.623997,144.998997,165.596398,83.2
13746,13746,99.82094,168.857806,112.163618,31.47479,146.87751,166.350523,107.9
13749,13749,102.648567,163.819016,111.531218,33.798111,129.04395,164.655653,94.3
13752,13752,97.089139,168.914927,102.660581,28.90528,147.039439,162.876412,92.8
13755,13755,96.416591,164.453414,106.885015,29.479493,138.099226,155.625903,63.3
13758,13758,94.725177,164.79909,104.171488,29.714036,124.381198,167.701826,55.4
13761,13761,98.179129,163.481838,99.17601,30.382126,151.060387,167.67677,61.3
13764,13764,116.65453,153.489042,97.384835,40.331029,141.104046,151.658077,40.7
13767,13767,108.796177,146.543659,94.028791,40.030571,140.237641,150.205985,59.7
13770,13770,106.093062,154.224449,92.816877,33.42038,148.203378,150.253591,60.5
13773,13773,111.078255,158.777733,84.833538,29.637672,155.280247,160.160621,57.5
13776,13776,115.307585,155.015616,77.94274,31.23376,157.760964,164.686648,44.0
13779,13779,128.206501,151.040289,72.108009,33.904507,155.800402,162.045048,47.8
13782,13782,129.120261,159.179198,69.770471,28.241709,159.386956,127.879812,45.3
13785,13785,135.801027,153.823129,61.142358,29.504232,152.171358,137.035265,53.2
13788,13788,152.475913,158.8377,53.720036,35.901365,150.046793,158.783081,46.2
13791,13791,151.358548,153.74177,49.568721,34.018045,156.08308,157.875037,75.7
13794,13794,149.02642,152.86112,54.354012,52.326454,151.591215,163.007506,62.7
13797,13797,148.223815,153.983387,51.521191,49.111306,156.264533,156.469185,60.4
13800,13800,151.11421,154.119743,49.321425,45.774926,157.118813,161.561699,70.6
13803,13803,159.535607,154.320595,48.2715,51.61018,151.627201,151.872926,85.8
13806,13806,155.022067,153.057559,46.832725,44.716679,153.737876,157.443958,52.5
13809,13809,156.825419,155.996715,46.10953,46.673422,156.081806,149.440461,35.8
13812,13812,154.625859,152.784756,48.137557,46.358011,155.883961,156.619983,64.1
13815,13815,152.428954,151.287897,48.714153,49.677796,161.113971,161.34809,91.6
13818,13818,154.660402,145.616436,48.973333,50.581503,159.51328,161.354763,56.6
13821,13821,158.382172,153.841739,41.749179,38.000545,163.735042,164.888258,42.9
13824,13824,159.137852,152.837157,41.124799,35.803435,166.270349,164.001544,31.1
13827,13827,159.6176,150.157915,41.526591,37.9427,162.415295,163.306875,25.8
13830,13830,159.381103,154.060591,42.761699,37.47218,159.206592,157.941481,20.4
13833,13833,160.760838,153.173486,42.183116,39.261458,166.813141,157.572457,38.1
13836,13836,163.037516,154.501545,40.92336,38.829114,168.804504,156.990482,83.1
13839,13839,161.827463,155.756799,42.488392,43.037229,169.291221,155.765696,94.7
13842,13842,162.382346,151.055385,41.439452,44.932616,165.998205,153.668016,87.7
13845,13845,158.018157,153.437508,44.262619,45.683499,168.028058,150.256728,100.2
13848,13848,162.27987,145.455503,45.666536,49.291668,171.665462,151.298821,85.1
13851,13851,155.638996,138.248677,48.296644,54.138261,173.199766,148.846099,97.4
13854,13854,166.475795,135.874399,44.380516,59.029462,157.139995,148.351359,82.1
13857,13857,159.920819,138.726436,46.626513,57.503794,162.521487,143.20501,136.0
13860,13860,163.988859,143.187388,47.315094,54.946805,154.803287,139.06201,147.1
13863,13863,168.75037,142.017078,44.974242,60.003731,153.606605,138.385883,125.8
13866,13866,170.801111,141.251791,43.420756,61.533888,159.550917,139.367625,117.8
13869,13869,177.954165,137.117596,43.559595,63.086325,153.64314,135.220477,142.6
13872,13872,177.373194,133.170333,42.236952,60.782473,148.587912,127.301875,144.1
13875,13875,172.088278,146.712575,46.940517,65.66044,149.553771,123.318713,147.4
13878,13878,175.98759,133.85479,45.472239,69.951089,131.931114,116.976664,168.8
13881,13881,174.84927,135.652568,46.998185,68.600264,128.035927,117.216664,211.9
13884,13884,176.007011,135.655588,45.909276,67.484601,116.644293,105.44575,181.5
13887,13887,176.087623,137.388162,44.637336,70.218125,104.73827,117.278335,174.4
13890,13890,173.810852,139.536954,48.614203,71.558528,105.617232,112.637729,171.5
13893,13893,176.347124,134.833542,48.365145,70.718885,111.800617,99.173754,164.1
13896,13896,177.268952,131.407054,49.855664,75.841394,103.428331,96.566684,165.6
13899,13899,176.806736,129.172141,49.067068,77.400259,106.185135,98.264566,217.3
13902,13902,171.248061,124.566604,45.037218,83.810284,106.74391,105.745363,237.1
13905,13905,173.614242,117.038795,43.985054,87.765754,106.805561,95.051512,223.5
13908,13908,175.636533,120.792265,51.173262,87.666878,115.64287,105.539392,214.0
13911,13911,164.788152,122.82743,58.62336,87.15233,113.64255,100.09779,211.2
13914,13914,175.765847,119.059265,47.306765,86.418784,110.913304,110.787859,202.2
13917,13917,170.155378,119.690238,40.473932,87.166615,96.570712,117.33697,190.5
13920,13920,162.537109,122.60968,36.56082,89.635253,88.165067,83.333263,234.7
13923,13923,164.562441,123.02327,42.563223,91.57126,90.276263,95.276909,262.9
13926,13926,160.102149,125.835322,40.150168,85.868158,99.798552,86.489829,248.8
13929,13929,168.64164,119.866135,41.746151,93.170307,106.205071,88.283342,252.6
13932,13932,162.178737,120.109101,43.09859,86.12365,109.385443,91.289243,237.6
13935,13935,167.999396,120.609079,39.571884,82.977739,96.503347,87.733603,244.3
13938,13938,167.561713,127.639362,41.419504,81.608717,106.259806,93.185631,270.6
13941,13941,167.683968,131.301888,41.662281,79.912238,105.308481,94.846806,294.9
13944,13944,165.339346,119.288647,41.619869,92.115428,100.487015,88.580024,283.3
13947,13947,166.83691,129.010932,39.847716,81.984602,104.722287,83.241453,295.0
13950,13950,163.332208,130.971141,35.948998,82.808878,85.432127,85.796568,266.1
13953,13953,160.333961,128.599544,35.433737,86.35381,85.899714,80.706622,265.2
13956,13956,169.044538,140.11015,31.268334,73.466045,58.020265,56.836537,256.2
13959,13959,164.96588,140.761097,32.141223,75.124143,64.180403,65.302952,289.1
13962,13962,161.644886,143.404965,32.234465,74.166229,74.407234,70.922109,299.6
13965,13965,162.272236,139.411018,37.56931,81.659248,81.635045,85.727233,299.1
13968,13968,164.496634,147.865126,35.998137,76.621172,83.912642,83.384232,284.9
13971,13971,155.46829,136.687125,39.193544,88.224351,91.976685,81.028636,273.3
13974,13974,161.139343,153.858244,38.434493,73.452628,86.753422,84.790087,279.2
13977,13977,156.852522,139.410202,39.471141,87.823879,89.346563,87.638529,257.1
13980,13980,173.894327,156.726994,38.551969,68.777008,80.861485,73.129431,280.0
13983,13983,171.808975,152.23859,42.085345,76.531644,84.96362,93.191162,299.4
13986,13986,163.053677,166.695401,48.110385,70.026602,102.722365,102.779327,279.1
13989,13989,169.717505,166.111091,60.273996,79.265973,98.042166,102.964445,275.2
13992,13992,173.146248,170.184444,68.226133,61.249456,99.463828,102.827635,259.6
13995,13995,139.442248,162.855693,58.16114,73.938687,99.568097,99.978586,251.0
13998,13998,165.83899,159.799827,39.383729,67.13879,82.494302,101.204811,260.3
14001,14001,161.375622,158.679576,49.764717,76.022852,99.465368,96.226869,267.6
14004,14004,174.710123,155.836952,82.896272,80.193655,98.415192,94.303834,257.9
14007,14007,166.208121,129.934457,85.016403,97.588542,74.852063,68.472976,264.6
14010,14010,112.821827,134.748783,63.749257,86.092586,82.729896,87.581721,258.5
14013,14013,166.385616,136.849919,94.865454,83.346023,69.931707,75.761092,240.7
14016,14016,151.638582,135.869948,76.340917,88.160586,63.124196,78.798656,237.3
14019,14019,167.648898,137.909817,21.877106,80.103379,67.706566,86.777401,268.2
14022,14022,158.022822,176.910342,21.680032,66.835849,75.520172,73.376665,248.6
14025,14025,174.160871,173.204284,20.130259,51.027472,72.858366,80.021738,252.6
14028,14028,154.195805,139.534106,29.790788,72.744642,51.132736,66.111075,238.2
14031,14031,129.965519,165.107463,75.731139,57.011189,70.87201,86.37583,247.4
14034,14034,126.28665,144.348904,49.590016,75.163553,72.503299,93.796212,250.2
14037,14037,156.771722,124.098572,43.70275,98.867201,79.761099,90.619445,241.2
14040,14040,178.640854,161.216642,39.549301,70.519441,92.175529,90.560311,252.8
14043,14043,168.940129,112.721061,50.414669,104.719085,97.255549,94.953535,267.0
14046,14046,167.678202,146.48755,44.150627,76.94133,93.090594,100.874199,263.5
14049,14049,159.041239,142.795245,43.129152,91.440162,101.622519,82.126712,267.7
14052,14052,148.865495,153.698635,42.917155,96.709688,99.394925,78.00544,221.2
14055,14055,146.724334,130.845335,51.530557,105.288619,103.767824,80.069277,203.1
14058,14058,154.009641,151.564338,42.424373,90.215502,95.636053,73.321918,214.6
14061,14061,161.515673,155.269046,58.531664,90.092943,98.808298,89.10773,243.2
14064,14064,161.709811,145.013059,51.634363,96.228197,101.974545,89.838947,250.5
14067,14067,164.910756,137.741789,46.870923,91.600224,107.153825,90.053114,247.4
14070,14070,166.197246,135.057164,38.585419,94.256091,105.217983,90.450917,210.7
14073,14073,171.901864,139.379781,44.845023,84.818121,124.664611,108.778103,209.3
14076,14076,159.668261,142.247083,49.02235,87.596804,137.155329,105.706017,192.3
14079,14079,164.387821,138.602732,45.88576,83.806523,145.241059,115.02849,193.6
14082,14082,162.19651,138.900861,47.567004,85.60722,155.869619,126.641284,206.5
14085,14085,158.442424,139.497785,48.794144,82.150973,179.108587,137.688792,220.4
14088,14088,143.536429,150.579244,54.02276,70.524703,169.759477,130.835471,218.0
14091,14091,148.032821,154.139656,54.954836,66.426437,162.10957,129.392481,212.1
14094,14094,154.744533,144.397402,52.210258,72.038823,165.139999,129.106033,211.7
14097,14097,152.80649,148.470724,51.620961,66.999232,161.523223,130.812676,204.7
14100,14100,158.202926,147.83148,48.004248,65.801749,170.186486,129.90545,196.4
14103,14103,154.821997,143.165727,48.720595,66.90932,174.419315,132.99504,175.6
14106,14106,154.739627,154.766375,47.531092,57.128932,174.82524,138.089796,200.4
14109,14109,151.259943,148.489129,46.7915,62.236316,175.134743,140.242115,197.7
14112,14112,153.588326,147.359164,47.341316,57.15478,172.510503,142.191804,194.8
14115,14115,159.743026,158.428209,43.407078,48.062889,175.044195,145.73788,209.2
14118,14118,154.817549,152.516169,43.365242,49.166994,158.794161,150.473853,187.3
14121,14121,157.488696,150.396894,41.146904,49.508726,163.626392,146.81943,164.5
14124,14124,167.381785,160.438814,37.831227,45.127057,167.794469,150.121048,168.9
14127,14127,164.853935,163.273778,37.387997,46.890493,166.462477,157.361853,174.9
14130,14130,164.676369,162.376501,38.706386,46.739817,171.536286,157.886953,179.8
14133,14133,159.870943,165.168303,38.842584,43.647064,168.220262,157.04892,193.2
14136,14136,162.411696,162.857935,36.903207,42.970031,153.14128,160.358191,177.5
14139,14139,163.098192,163.042759,36.00978,40.787492,166.334721,161.736321,164.1
14142,14142,158.857142,165.049629,36.30137,40.621715,163.107789,161.039593,177.8
14145,14145,161.220875,165.630395,34.962336,39.247341,163.361791,164.553258,154.4
14148,14148,161.102439,163.960894,36.651182,42.445536,164.192683,165.552401,138.6
14151,14151,160.363009,163.426368,36.497181,40.511926,163.872808,164.194739,134.9
14154,14154,158.839843,166.262368,37.946908,40.232888,151.247892,164.040629,153.3
14157,14157,160.349517,165.806713,35.741215,40.509915,161.631013,161.860127,175.0
14160,14160,158.190599,163.898384,34.896471,38.952162,162.680062,164.615043,159.0
14163,14163,159.258615,167.687671,33.870558,35.374488,162.296283,166.141216,162.8
14166,14166,158.683842,165.384418,36.005035,35.378344,159.779805,168.016597,157.8
14169,14169,159.548224,170.958807,35.867278,38.014099,155.142896,149.150489,145.7
14172,14172,148.836081,169.853388,41.992923,35.68661,147.543519,170.063889,112.5
14175,14175,151.471111,165.807187,41.135266,29.889565,155.16414,168.54091,102.5
14178,14178,150.29716,165.971068,42.628344,38.415287,161.14317,168.126379,138.3
14181,14181,153.736073,166.095596,43.797018,40.995123,159.81141,164.072059,139.1
14184,14184,152.659227,168.939695,42.477077,37.717828,156.912119,164.425232,137.7
14187,14187,152.165592,168.634342,43.706696,37.565559,158.375587,170.107161,128.6
14190,14190,151.202032,166.893451,42.353868,36.241133,158.023287,162.293642,120.8
14193,14193,152.358968,168.28015,42.190537,35.025199,155.772862,164.229068,114.7
14196,14196,149.368328,171.061837,43.181583,39.894896,149.129471,143.154262,104.4
14199,14199,150.708855,171.673152,43.873598,38.270623,152.467728,147.411449,82.0
14202,14202,132.084332,170.255174,53.250652,36.105417,148.947291,153.252151,115.5
14205,14205,139.158688,165.155994,53.952689,41.655776,151.130023,148.240522,120.6
14208,14208,135.807665,167.729339,55.148599,45.491054,144.712683,144.445649,90.8
14211,14211,125.513071,174.720868,65.24178,45.884993,135.677665,130.33315,96.6
14214,14214,130.468056,169.666664,59.893255,47.35545,138.40894,133.931643,90.9
14217,14217,129.561105,169.938885,60.605504,49.022215,128.899044,121.174265,95.4
14220,14220,131.464112,170.323011,59.678602,46.671102,130.595131,123.440011,84.8
14223,14223,133.373612,170.796022,58.314409,47.971987,129.354076,120.134973,90.2
14226,14226,133.062975,169.257432,61.377968,48.158134,118.705051,119.33928,109.2
14229,14229,135.225018,173.175522,62.510836,46.457331,120.706241,113.39602,98.4
14232,14232,141.983377,168.981086,57.261073,47.365074,112.945363,108.316069,77.5
14235,14235,138.95426,171.681137,57.077367,47.730253,122.976512,127.968137,59.6
14238,14238,138.39254,174.767898,60.220863,47.380627,124.439111,113.711257,48.2
14241,14241,135.791186,168.7438,60.094562,49.008387,118.248854,126.301513,62.0
14244,14244,133.625624,170.953499,64.648243,48.728694,101.97431,108.898424,72.1
14247,14247,139.463232,171.118682,59.693375,47.302781,103.667648,110.223792,97.3
14250,14250,130.44285,175.781128,69.021559,46.327322,111.058922,114.457102,92.9
14253,14253,135.510041,165.94606,68.150461,47.861489,96.622714,103.791033,105.3
14256,14256,137.357719,165.47761,67.024594,47.988282,100.800256,111.827976,101.8
14259,14259,124.976454,164.694544,77.382139,50.370894,113.345802,97.500631,95.1
14262,14262,128.489612,165.0796,74.917621,47.353283,102.167312,109.245924,74.9
14265,14265,132.011465,162.021798,71.711299,47.219767,97.702006,113.275077,85.9
14268,14268,133.794087,160.686342,71.913502,47.841631,99.622505,115.345752,109.8
14271,14271,131.127125,155.934851,73.273009,50.75794,98.273438,113.369093,89.1
14274,14274,128.292202,156.620634,75.892289,47.190881,100.169359,115.619688,76.7
14277,14277,130.670273,161.059831,74.587418,43.532091,101.969241,114.655593,80.8
14280,14280,133.432661,156.156967,73.062111,48.899284,108.462608,134.165352,95.7
14283,14283,128.816001,163.827979,76.511491,44.181755,109.553673,123.799142,94.6
14286,14286,130.236477,158.904598,76.777742,48.413043,102.478486,124.007015,94.7
14289,14289,122.905623,159.718789,83.1655,47.409118,105.800046,131.79752,127.7
14292,14292,115.815292,160.764265,86.828897,49.268331,117.448689,128.384534,110.1
14295,14295,124.641986,154.127966,87.424657,52.067159,116.106014,129.336942,107.9
14298,14298,118.883674,142.707487,92.538815,56.975517,113.244473,138.395569,110.0
14301,14301,114.091657,142.308663,96.299107,56.676808,110.760782,138.123971,101.2
14304,14304,130.423375,139.669506,88.79295,57.283463,104.116813,151.263056,99.5
14307,14307,133.366516,139.349621,83.322854,58.094566,96.495568,143.257905,98.2
14310,14310,118.623491,145.150274,93.224579,53.84881,99.374272,128.521818,101.2
14313,14313,134.442552,132.61953,88.210154,59.941669,94.951144,140.570111,111.2
14316,14316,122.37309,138.433002,94.212282,52.670795,98.810574,124.630765,116.8
14319,14319,112.326359,145.707334,103.652709,48.923196,97.552605,122.649961,101.7
14322,14322,124.432321,157.043473,96.198264,42.187072,94.120337,116.523243,82.5
14325,14325,110.302069,153.243061,109.748625,43.632804,93.480196,118.470924,64.4
14328,14328,120.025157,148.583018,104.657121,47.81088,86.506142,121.294927,83.4
14331,14331,120.626072,161.630708,102.499185,41.672079,95.193686,92.503077,92.8
14334,14334,132.297409,150.901111,92.064233,44.681636,81.391388,102.303127,95.8
14337,14337,123.999731,158.690043,95.007901,40.32005,79.23989,92.888445,98.2
14340,14340,121.830187,167.3138,99.789626,37.098044,84.923047,89.560688,102.2
14343,14343,122.815693,157.210818,104.088376,41.174673,89.157,84.05946,111.8
14346,14346,128.195742,157.735743,98.32934,39.662637,84.193719,114.805172,107.5
14349,14349,124.445351,151.152123,104.719888,42.428476,83.695916,115.115507,98.8
14352,14352,136.295366,154.412067,97.474661,41.028042,78.982227,119.240495,103.8
14355,14355,126.614528,161.623479,104.379003,35.792108,73.132391,96.550698,96.0
14358,14358,122.827673,160.193094,109.545598,34.635588,70.026957,105.860665,85.5
14361,14361,134.406806,160.891383,102.901614,39.285792,71.833567,118.293028,89.3
14364,14364,128.899404,163.634471,102.970693,32.942497,70.484938,97.888756,85.0
14367,14367,123.301484,160.291974,113.640487,32.604438,66.009441,102.183631,114.4
14370,14370,127.03459,162.72595,109.889713,31.222506,65.297633,98.111065,96.2
14373,14373,133.833155,162.76693,100.608794,32.325916,69.086236,115.627608,119.9
14376,14376,135.23837,160.009667,94.596172,32.15961,75.082638,115.232225,117.3
14379,14379,125.982371,158.799861,106.009329,35.279069,71.028665,102.673482,102.1
14382,14382,122.833676,153.70463,110.85502,41.566751,69.918516,85.804302,90.9
14385,14385,115.874432,153.422532,110.735808,39.509439,85.346032,114.283441,57.2
14388,14388,123.602669,148.042148,101.473932,43.411505,86.219996,107.51085,44.8
14391,14391,128.949189,146.028988,94.684105,42.908245,96.893193,114.355224,54.7
14394,14394,113.935364,143.088368,112.356971,50.955963,105.27421,118.579441,60.8
14397,14397,134.696289,149.933972,84.242727,42.264655,105.396901,120.684017,57.8
14400,14400,115.037766,158.534899,102.389148,39.196246,113.925319,135.857786,49.6
14403,14403,119.003802,164.34061,103.495303,39.906422,113.244754,143.288502,46.8
14406,14406,110.398045,170.060066,112.061384,33.691536,111.851437,132.467471,42.6
14409,14409,112.464496,170.406226,108.621776,32.715732,115.925146,136.329555,39.8
14412,14412,112.020137,169.930883,103.19881,32.088227,130.456115,149.493115,49.8
14415,14415,101.82681,165.601724,111.986448,33.380782,135.87716,152.254343,59.6
14418,14418,96.296514,163.534979,120.731173,33.845312,137.19863,151.695552,46.3
14421,14421,105.827032,164.846828,110.254838,35.465079,137.524431,157.174492,42.8
14424,14424,104.53313,163.514885,112.515871,34.543495,136.702089,160.149549,49.7
14427,14427,97.699007,166.46986,111.528662,34.77051,132.946019,153.850656,57.8
14430,14430,109.260208,161.038465,102.80895,37.864939,134.948757,155.977783,39.6
14433,14433,106.006276,164.186726,105.520476,32.394192,138.436088,161.513428,44.6
14436,14436,107.687334,161.27662,101.160349,35.758827,141.688857,164.088283,84.4
14439,14439,111.756534,159.446265,97.521827,36.963454,147.779509,169.008086,95.0
14442,14442,108.339011,155.994648,98.211123,36.600856,149.77765,161.481722,95.8
14445,14445,103.663989,157.799471,95.894181,35.282062,137.1316,163.43446,82.1
14448,14448,103.133396,158.79292,93.167947,35.331355,147.119702,159.198341,82.0
14451,14451,112.492668,153.510769,92.599931,35.425362,135.610134,158.440609,86.9
14454,14454,108.751603,157.718957,93.205993,35.192881,123.150287,136.307706,83.6
14457,14457,116.7089,153.099514,91.051134,40.29678,140.490726,146.922181,110.0
14460,14460,113.787806,158.130195,89.235992,28.986713,154.638215,162.699246,115.3
14463,14463,112.992825,157.188497,83.883537,27.521489,160.03958,166.143648,104.4
14466,14466,121.053082,156.733277,82.028538,28.423155,156.84339,153.502215,95.4
14469,14469,127.638982,161.112938,77.191051,31.717405,154.746048,157.752516,80.1
14472,14472,121.309502,160.842007,76.315946,29.000156,160.74468,157.733594,71.5
14475,14475,125.98407,162.510342,75.021653,38.976099,160.432232,113.608937,52.4
14478,14478,135.869982,156.682369,72.054268,47.145102,134.379727,92.602069,62.4
14481,14481,133.806776,158.853453,65.698497,26.13919,166.093285,148.301414,141.2
14484,14484,147.222506,153.577968,57.985495,43.494839,157.173121,135.504199,186.5
14487,14487,145.729865,160.415084,56.35024,37.844652,155.591707,146.651869,153.8
14490,14490,146.778255,152.556841,53.852774,36.743981,154.306753,149.639628,144.9
14493,14493,149.988845,158.514438,49.731963,31.389994,162.375083,148.597336,107.4
14496,14496,153.511664,150.023396,48.097368,37.404623,161.574337,153.997769,76.5
14499,14499,153.149315,149.305418,49.406625,38.126859,160.784163,158.750087,83.5
14502,14502,156.571174,159.128165,47.748555,32.863994,161.742703,154.420842,81.0
14505,14505,154.97159,156.41834,46.097779,36.618483,166.860202,158.456816,103.3
14508,14508,155.504251,154.803207,46.658623,39.855486,159.008981,157.647051,88.5
14511,14511,154.404606,151.875408,47.030884,43.28121,155.985265,152.893893,86.9
14514,14514,155.889309,153.049596,44.441965,41.709375,157.76856,155.426562,69.8
14517,14517,156.106636,156.367507,41.554532,37.752596,162.911582,153.810139,44.5
14520,14520,154.219852,153.403016,41.987268,39.937709,162.687147,161.966498,32.2
14523,14523,152.495075,157.501096,41.102274,38.890801,162.423135,156.330714,55.5
14526,14526,154.931784,144.471624,42.637141,46.917747,162.591578,159.426289,65.6
14529,14529,155.367189,151.336754,40.035807,38.449006,170.514486,159.256183,83.8
14532,14532,157.965014,152.220769,41.695102,41.790091,165.048338,154.721736,86.1
14535,14535,156.348173,144.036724,43.568629,43.151801,164.223697,147.493258,84.9
14538,14538,158.28249,151.500555,42.80248,41.021172,161.556086,149.900018,71.6
14541,14541,159.960272,151.836539,43.988797,41.230081,170.143791,151.998374,85.2
14544,14544,161.989359,143.949218,43.217282,44.889039,164.564533,143.738775,75.5
14547,14547,158.253618,146.761575,46.019791,46.148745,165.342499,141.076137,105.5
14550,14550,157.478003,140.854846,48.529667,49.742597,171.833583,142.619306,124.2
14553,14553,157.93955,145.68673,50.244319,48.187905,165.574273,137.232717,106.4
14556,14556,158.538994,146.21377,48.782228,49.933931,160.475404,130.803466,105.2
14559,14559,162.401146,140.791696,48.602202,52.735617,151.33569,124.671742,91.1
14562,14562,160.139519,138.708532,46.162774,56.949519,158.574805,139.623244,85.8
14565,14565,167.601203,135.952191,46.534841,59.198806,166.855309,141.582977,82.4
14568,14568,166.816617,135.750831,45.292015,60.870339,161.901325,137.319688,89.6
14571,14571,176.6048,138.77428,46.081615,64.694602,158.361492,134.586122,130.0
14574,14574,178.581273,124.294816,47.334236,72.563147,159.231138,135.686165,136.4
14577,14577,179.579559,132.864035,44.849063,66.088124,160.055655,134.765991,137.8
14580,14580,176.571525,130.830952,44.019842,71.810734,161.411761,138.563428,127.0
14583,14583,170.786922,128.964827,46.997337,75.770645,166.374969,136.539192,133.8
14586,14586,175.431187,126.419535,46.873887,79.778887,157.436045,136.291648,140.8
14589,14589,177.449128,125.879508,46.600272,83.925456,145.372281,130.641557,141.6
14592,14592,166.677205,117.330281,55.29332,92.310622,154.204515,126.237488,173.4
14595,14595,173.886843,121.056856,51.093432,91.652011,149.4996,125.895167,189.3
14598,14598,168.011836,126.536739,52.38655,87.660589,138.273145,119.900814,181.8
14601,14601,176.054839,120.36772,48.393476,94.384434,130.9226,119.021968,193.1
14604,14604,175.458237,119.336637,53.601366,101.095024,132.570207,127.760075,189.0
14607,14607,178.367306,117.382883,59.480476,104.922316,109.112684,98.672688,178.4
14610,14610,174.783557,113.097382,51.386718,101.260875,104.368618,91.550012,196.1
14613,14613,173.253851,111.681259,47.562061,99.687264,98.638322,86.328249,222.3
14616,14616,165.884097,123.398241,44.136346,86.704931,95.877337,83.580822,247.5
14619,14619,166.508766,125.566536,43.357922,85.469329,104.331708,87.008504,252.0
14622,14622,159.995049,120.507351,39.95131,91.469837,96.101475,85.528514,238.6
14625,14625,163.075769,129.543765,40.038141,90.428239,87.854468,77.461238,238.8
14628,14628,168.692246,133.820647,40.028229,87.274938,88.399521,80.716137,227.1
14631,14631,168.019314,128.401784,39.665442,93.355627,89.534752,78.552689,242.5
14634,14634,168.467317,130.523691,42.986472,97.151464,92.387189,76.423694,287.5
14637,14637,161.240668,129.63496,39.626971,91.2752,93.884855,85.209113,285.7
14640,14640,167.066184,143.048569,39.54251,80.612584,93.666193,74.770022,280.4
14643,14643,166.710822,132.595877,41.207915,85.506287,76.145989,72.740305,275.9
14646,14646,168.231594,140.986316,33.067743,76.086848,79.233519,70.169376,271.3
14649,14649,166.513918,136.810014,31.621704,83.653151,86.458633,73.844822,282.0
14652,14652,171.482609,149.670646,36.124351,71.28085,80.290352,70.355805,306.7
14655,14655,164.042377,150.484116,47.660538,80.539075,96.426951,86.151824,312.9
14658,14658,165.888141,148.709648,46.207004,81.143977,93.448906,82.699972,308.0
14661,14661,164.509193,156.885956,48.856804,74.066203,98.806628,82.130309,304.7
14664,14664,171.040122,157.642928,69.907268,87.181299,92.238332,93.312715,332.5
14667,14667,153.686786,146.427343,43.36613,88.835366,92.70879,81.51042,426.7
14670,14670,166.609195,144.402334,35.772261,77.129409,80.819775,80.471161,359.7
14673,14673,171.826269,147.491614,35.885973,71.110845,78.951477,76.943977,323.4
14676,14676,169.643747,151.189712,45.777188,73.389547,80.347942,72.868557,349.0
14679,14679,172.892579,142.66198,44.380642,82.10987,85.296679,66.598629,362.0
14682,14682,172.185371,153.141794,40.616489,75.977251,92.490158,76.656799,352.8
14685,14685,172.725461,154.039402,35.577427,72.226773,90.522079,69.198433,328.1
14688,14688,157.382681,139.720812,68.690582,88.981651,84.744907,65.425504,326.1
14691,14691,126.122407,156.066223,58.206513,61.942443,85.30465,76.813313,325.6
14694,14694,156.087154,151.149441,38.885277,69.594003,74.009964,77.639327,349.8
14697,14697,167.847292,169.249245,58.420008,57.667091,75.147831,66.320644,344.5
14700,14700,169.968598,155.508229,81.664553,63.247349,66.600834,58.975107,337.7
14703,14703,136.813726,163.811741,68.092949,57.912399,60.40179,77.576191,330.1
14706,14706,171.464646,157.75252,79.24376,77.029621,67.974834,72.116778,301.0
14709,14709,155.108324,146.579175,85.616372,71.965009,66.075938,61.046616,301.8
14712,14712,172.271513,156.164449,87.489922,64.425962,65.575155,74.649414,313.4
14715,14715,175.903865,166.02451,75.689683,61.400172,62.617059,66.924778,290.5
14718,14718,148.33401,157.479843,34.035789,64.83954,59.653559,66.802354,272.0
14721,14721,169.916531,150.781665,23.339764,70.505127,65.501242,70.09153,258.9
14724,14724,179.38844,156.43856,18.478696,62.296612,67.015857,76.585916,259.2
14727,14727,176.289692,149.334664,17.127191,66.397675,62.809549,75.476393,242.8
14730,14730,173.009825,154.878866,16.546191,70.177978,67.090736,60.566205,255.1
14733,14733,164.039092,168.647033,18.553874,56.77887,69.090139,72.158488,300.0
14736,14736,171.561188,162.824635,46.275246,67.693018,87.320176,98.995436,283.8
14739,14739,149.655283,161.860741,35.230013,77.531385,93.980713,79.49767,261.6
14742,14742,151.520885,161.133095,38.894931,63.644528,74.962582,81.841584,239.6
14745,14745,174.840423,153.980158,30.703975,77.410564,86.619577,92.033913,246.5
14748,14748,163.592545,143.687057,33.370972,95.78648,105.233093,90.994123,247.7
14751,14751,158.028152,131.512465,44.950722,116.383782,124.155869,106.363985,257.0
14754,14754,163.738056,157.725884,50.23588,105.627716,113.655424,94.503271,261.3
14757,14757,147.249006,135.244453,45.480421,110.866906,106.580932,87.519366,253.2
14760,14760,144.151709,134.398327,45.819505,117.056556,109.363402,85.353174,249.1
14763,14763,157.80474,148.613341,50.046617,112.397701,114.279575,94.636907,237.8
14766,14766,152.104979,136.254909,55.3681,121.473365,115.761261,94.953528,250.9
14769,14769,162.048329,154.140222,58.166143,114.73653,124.009649,95.754867,252.5
14772,14772,166.097159,148.971904,51.198731,122.813253,120.212815,103.668309,250.2
14775,14775,172.822371,143.042716,53.464877,120.165029,122.588144,109.145776,268.0
14778,14778,172.083811,144.627819,53.722718,124.547423,140.086561,123.482217,267.0
14781,14781,170.579379,127.529222,49.770328,122.093742,150.192323,118.601549,271.8
14784,14784,170.25038,121.869295,51.263803,120.794314,147.276035,112.512888,254.7
14787,14787,164.382994,107.393397,48.777773,117.571037,153.804873,124.802499,237.5
14790,14790,150.263794,112.101421,49.810458,111.269238,141.55606,112.894303,223.0
14793,14793,155.235578,114.860412,50.047935,106.877868,149.064449,115.625237,205.2
14796,14796,148.390669,126.131064,52.467234,98.595909,155.283378,112.979203,231.8
14799,14799,153.121843,136.590713,44.798367,87.649859,151.893661,119.609816,201.7
14802,14802,149.594657,141.380197,44.763312,77.211698,159.852601,94.256331,197.1
14805,14805,135.390575,130.682745,55.672362,88.258542,163.124671,105.468525,200.1
14808,14808,127.685628,144.867142,65.960174,79.490922,163.296716,97.250989,205.4
14811,14811,111.627822,145.351981,86.678482,83.258561,163.043411,94.739537,197.6
14814,14814,120.206906,140.656675,94.66535,90.109198,160.257842,124.845158,190.0
14817,14817,105.134189,140.092447,116.508432,91.580432,156.850312,129.937746,198.0
14820,14820,100.270072,136.153187,124.23645,94.466274,148.636348,137.781274,217.5
14823,14823,88.963243,138.172439,124.588978,94.834861,146.641331,130.121977,217.8
14826,14826,94.333559,136.087322,131.03759,91.111466,150.320474,144.774583,221.4
14829,14829,90.592756,131.15369,138.759227,94.716804,147.406654,141.213121,217.4
14832,14832,98.257634,130.350823,137.909493,102.709124,147.590032,146.562099,214.1
14835,14835,100.031999,125.966891,138.614233,113.294596,151.18541,141.143612,233.4
14838,14838,100.139276,126.568572,136.65423,113.133099,152.667053,142.291775,221.5
14841,14841,87.400926,122.763547,142.114275,125.211345,136.275835,113.335188,228.0
14844,14844,96.296709,114.208237,132.167859,124.757569,127.084904,113.409705,244.6
14847,14847,94.515198,107.687965,135.416329,116.835804,138.144323,113.163826,221.0
14850,14850,102.760492,127.774376,128.705169,86.88608,151.704893,129.819501,227.6
14853,14853,100.467014,151.232677,117.796586,49.908676,145.588669,158.079959,221.0
14856,14856,117.733323,159.61018,88.896564,32.912677,147.734872,165.716211,201.5
14859,14859,104.558621,154.410936,101.197398,27.109903,141.071339,172.5697,181.4
14862,14862,107.302871,148.274432,95.348564,26.964929,150.926911,172.726996,171.1
14865,14865,137.943193,149.688264,93.883841,25.462811,148.404406,173.081718,206.9
14868,14868,132.033142,146.80767,102.835767,25.673929,150.258102,172.136722,213.8
14871,14871,137.490897,147.884713,97.853158,26.41932,152.177915,167.977993,204.1
14874,14874,139.010376,148.734203,95.819322,27.159409,155.219288,166.696647,178.4
14877,14877,141.300027,147.099839,90.050933,27.321918,157.279047,167.538373,157.4
14880,14880,133.323783,145.085056,85.015176,31.390579,148.267553,164.687037,138.5
14883,14883,90.351302,138.22108,100.56741,56.094543,159.336036,162.558048,147.6
14886,14886,92.918584,143.478925,127.587503,67.87436,159.291724,157.99227,123.3
14889,14889,127.421244,138.693765,107.301997,84.923418,159.644185,153.910368,132.2
14892,14892,130.991489,141.165175,107.434801,87.280439,159.862538,152.193374,158.5
14895,14895,138.488856,138.341535,95.68926,92.603774,160.484232,153.792833,92.2
14898,14898,140.972227,140.948098,89.849475,91.509282,159.96327,154.808534,37.3
14901,14901,139.104232,143.043968,95.040199,87.420429,159.867532,159.164194,64.7
14904,14904,134.651602,144.663723,103.680953,86.290778,158.533097,162.022979,97.6
14907,14907,138.201934,143.263841,95.49003,87.730069,159.84537,156.85023,77.6
14910,14910,138.706996,143.273036,94.921186,87.812006,160.150111,159.042881,86.7
14913,14913,134.772812,143.283038,101.041779,86.569853,159.781469,155.702516,67.6
14916,14916,134.239789,139.074941,102.602417,93.389886,158.922516,153.974703,54.0
14919,14919,118.884833,142.913862,122.424089,84.602562,158.92084,156.424678,40.6
14922,14922,130.005521,147.043424,102.980365,79.583643,159.142107,159.284184,54.2
14925,14925,130.795056,144.936001,105.859699,85.231864,159.371414,152.865836,89.5
14928,14928,139.0481,147.816025,91.383865,80.722947,160.032453,155.174644,88.5
14931,14931,145.920846,140.335902,78.377119,94.725387,160.13936,156.509317,65.4
14934,14934,141.936932,141.338144,83.75478,89.735461,160.262462,156.998629,70.5
14937,14937,142.744001,144.822348,83.112763,84.133993,159.870557,157.089962,52.3
14940,14940,140.536024,146.347051,87.350678,81.800277,156.377585,158.534189,61.9
14943,14943,138.129684,145.157623,91.673551,83.627115,160.325128,156.211411,58.0
14946,14946,136.320211,144.45943,97.837087,87.196205,159.012459,157.40664,75.9
14949,14949,134.726526,145.276243,102.725203,85.420506,155.72025,158.795032,94.5
14952,14952,143.088584,143.892451,78.019195,81.6996,161.227024,159.483494,84.3
14955,14955,128.157508,147.966498,108.896899,79.780677,160.312861,153.405567,78.1
14958,14958,142.063481,144.680775,85.224895,84.90218,157.70474,159.887909,95.7
14961,14961,136.702036,143.384574,98.24181,88.209688,158.488493,159.680712,74.8
14964,14964,125.412707,145.438447,121.072623,85.658792,159.347167,152.015757,72.6
14967,14967,135.715371,145.683843,102.297899,85.638033,156.917836,159.113854,82.6
14970,14970,132.371289,146.341512,107.060965,82.843366,159.781648,158.690057,114.4
14973,14973,140.689017,152.563199,83.967535,65.716094,159.750352,158.001588,106.9
14976,14976,140.759556,136.844247,81.55304,87.725728,160.554087,157.647329,107.2
14979,14979,128.49385,135.725005,105.425825,93.063444,160.691696,155.088573,106.4
14982,14982,123.178785,137.050791,110.433005,87.7292,159.281368,155.95511,85.9
14985,14985,124.182664,137.599851,116.040959,92.057816,155.997864,158.61813,66.2
14988,14988,125.742034,142.605499,108.116625,81.823868,159.0045,156.698286,98.4
14991,14991,126.91232,147.772589,114.170935,79.443935,161.120073,156.062313,112.7
14994,14994,124.553215,143.818551,113.872441,85.092458,159.930627,151.39972,117.7
14997,14997,126.49006,141.444254,114.242034,89.266629,160.441693,152.385061,100.5
15000,15000,125.630814,142.800329,116.012633,87.801941,159.937212,154.297986,116.3
15003,15003,139.980965,141.736873,86.851886,86.41194,160.119284,154.250885,96.5
15006,15006,135.410919,141.45796,99.481757,89.472924,159.974189,155.103363,74.9
15009,15009,143.108425,140.405054,77.426695,85.787632,160.582463,156.429873,84.9
15012,15012,131.904036,143.719217,95.172098,79.11371,161.109368,151.77716,120.2
15015,15015,131.199002,144.883429,101.062753,79.870533,160.217964,154.050102,126.8
15018,15018,128.576392,143.989437,108.74591,84.327033,160.125945,155.426131,106.7
15021,15021,135.904878,144.025741,92.912622,84.198594,159.036367,156.169497,112.9
15024,15024,136.359994,145.916795,94.394024,83.258959,157.811579,157.295316,101.4
15027,15027,142.146402,145.394174,84.134731,83.054953,157.639951,157.690684,106.2
15030,15030,138.052784,144.082769,90.753868,87.788643,159.503355,154.933631,107.8
15033,15033,140.620713,145.264216,79.622271,75.368995,159.552089,149.297513,130.5
15036,15036,135.825228,147.797778,99.917478,76.937818,158.42337,153.15233,126.2
15039,15039,140.3575,147.306197,90.708309,81.280222,159.941416,150.176706,119.4
15042,15042,135.547424,146.670031,96.564007,82.759982,159.765883,154.3659,125.3
15045,15045,132.405524,144.707972,104.708885,86.071303,158.117744,150.8395,107.9
15048,15048,135.395491,145.102397,100.656473,85.44704,159.281792,153.770613,110.4
15051,15051,135.011088,143.045593,94.922318,88.408167,160.071448,153.585007,121.3
15054,15054,133.176706,145.379612,97.451301,83.390413,159.73504,153.905095,148.6
15057,15057,138.219919,148.684659,94.165074,79.389172,157.402065,157.469993,140.9
15060,15060,135.70739,147.20316,99.037948,83.511553,157.292909,156.274259,126.8
15063,15063,137.691506,145.361547,96.502065,83.226317,156.886923,159.541854,129.5
15066,15066,140.2828,146.09971,91.389521,84.182556,159.59986,158.267507,144.7
15069,15069,142.877372,147.781422,90.891962,85.759766,159.505097,158.098491,131.3
15072,15072,142.384957,146.003613,89.74627,89.608622,157.037793,159.341188,146.8
15075,15075,133.262738,143.445363,104.843065,93.84405,160.672446,154.71718,154.0
15078,15078,134.060241,144.130565,103.340878,88.412193,160.335232,154.646396,138.2
15081,15081,140.523673,145.567636,87.609482,83.6556,160.85441,155.524985,144.8
15084,15084,132.709426,147.274571,102.706127,75.086026,160.545826,154.886707,144.5
15087,15087,112.474081,150.47674,121.199861,46.490054,157.559391,154.902403,130.8
15090,15090,106.124807,142.879714,137.08058,42.684285,160.65417,156.879571,161.3
15093,15093,98.494904,147.271775,115.913835,30.620116,160.457527,151.137082,175.6
15096,15096,114.401593,150.541662,138.734795,28.620429,162.046507,156.737095,158.5
15099,15099,122.689334,150.037371,141.371275,28.602172,162.400422,160.308257,156.0
15102,15102,117.271765,150.904882,139.506395,27.457066,161.986365,160.44639,142.6
15105,15105,129.423842,151.289829,138.559765,27.519683,162.430109,162.564316,128.3
15108,15108,120.720798,152.63419,140.622545,26.883327,158.424955,161.297398,142.6
15111,15111,107.591162,147.077975,129.687609,30.494724,162.818717,154.932336,162.6
15114,15114,105.080613,148.556556,129.341133,30.79572,160.304105,154.595764,150.0
15117,15117,95.515178,145.92681,139.161922,37.279303,151.208426,163.96106,157.0
15120,15120,105.274442,153.588729,127.989477,38.632452,154.27372,162.092181,167.1
15123,15123,128.51173,151.42972,88.328195,51.636075,118.369768,116.822866,150.5
15126,15126,120.033151,149.183376,108.076812,60.706942,131.033205,132.25325,145.0
15129,15129,118.774428,142.630789,113.86594,73.022961,139.223707,134.117029,160.3
15132,15132,107.892122,139.868504,134.565028,82.765869,132.991958,134.225552,179.8
15135,15135,113.45056,152.129035,139.823485,71.543791,149.563108,149.638196,170.7
15138,15138,116.28547,151.891722,139.936326,68.817361,150.899098,151.094216,167.4
15141,15141,104.899449,145.096906,145.802962,79.444793,149.136307,148.614996,137.8
15144,15144,96.773649,136.109095,141.44027,89.291835,150.55923,157.732069,143.8
15147,15147,99.062717,145.001568,144.581306,76.461354,151.44906,150.885681,139.1
15150,15150,100.06692,141.908939,142.281008,80.379999,157.194298,156.838912,185.4
15153,15153,96.439542,144.157011,135.712737,79.062495,156.580556,150.535031,185.1
15156,15156,99.701147,144.211452,138.251358,78.997443,151.844026,147.444756,178.7
15159,15159,105.195748,144.681517,143.711365,79.045431,152.337051,148.250803,173.3
15162,15162,118.004757,145.588343,139.854969,80.237169,155.032506,147.284112,147.7
15165,15165,116.28427,147.339256,139.889884,76.198895,155.295562,147.723208,146.9
15168,15168,104.14908,146.973674,147.405805,75.188493,158.910356,147.667127,140.1
15171,15171,116.867369,152.975606,134.826065,65.832611,161.689655,153.349687,186.0
15174,15174,135.645541,155.338638,106.148204,65.741266,162.402019,153.938086,182.4
15177,15177,135.309224,155.742174,103.920469,61.66542,163.024002,153.996686,167.8
15180,15180,139.432986,150.881987,95.821982,68.924474,162.638965,153.806616,171.2
15183,15183,122.38935,154.284954,130.04626,68.612263,161.045707,156.395412,149.3
15186,15186,119.399378,154.433333,134.460178,70.870442,162.132392,156.198442,147.3
15189,15189,133.93071,154.896769,108.862616,69.777475,162.65671,158.526856,157.7
15192,15192,126.410157,154.217273,120.217753,67.642018,162.097567,157.661817,192.4
15195,15195,119.222792,155.953304,133.232642,68.367594,160.628122,156.698596,174.0
15198,15198,146.03379,158.988929,86.194681,63.141238,161.134457,158.863084,177.0
15201,15201,123.105922,154.946405,129.350732,73.928652,161.282187,157.253126,159.6
15204,15204,127.981222,153.201526,120.213887,74.465992,161.261695,158.921446,148.4
15207,15207,114.794921,153.017033,137.934603,74.407549,160.944063,157.363952,160.3
15210,15210,120.460821,153.258769,130.741565,73.925042,160.942143,159.64728,154.8
15213,15213,122.482317,151.956883,124.42957,72.848105,160.463259,161.637629,201.2
15216,15216,129.854088,153.06403,112.53542,72.294436,161.474023,159.865728,213.0
15219,15219,127.136152,154.083635,116.795882,72.654274,161.219554,158.991496,209.8
15222,15222,122.819384,150.098619,126.809249,77.482296,160.854325,158.662707,200.2
15225,15225,117.815458,151.887752,131.034056,73.365848,161.568663,158.305425,178.2
15228,15228,120.284547,150.922303,130.132745,76.028582,160.661069,160.549969,167.0
15231,15231,122.43178,152.945477,129.404438,71.809002,159.688763,161.053442,184.5
15234,15234,128.174429,155.749277,117.195083,68.348356,159.919737,160.754529,241.2
15237,15237,124.842375,153.994784,126.731833,73.356954,159.563812,161.428269,220.3
15240,15240,123.527522,154.474991,124.886823,72.276769,161.266102,159.893665,212.6
15243,15243,143.104679,155.45713,91.206717,71.67107,161.312579,159.969859,194.4
15246,15246,116.624604,154.091631,132.732051,72.350416,161.561944,158.020068,184.0
15249,15249,114.930818,154.000965,137.780973,72.895578,161.493417,156.283435,171.6
15252,15252,128.484204,155.228945,116.195365,73.363743,160.968696,156.787291,174.7
15255,15255,124.274343,153.262691,126.302624,76.293958,160.807045,159.429315,215.5
15258,15258,117.469579,154.22094,134.501774,73.529044,161.155365,157.423297,209.9
15261,15261,129.368656,155.070496,117.923195,70.58539,160.583447,159.836659,206.7
15264,15264,123.097183,155.439332,128.60312,72.015606,162.079048,157.097243,214.5
15267,15267,130.444743,154.839563,114.588622,71.068467,160.27655,160.282016,194.4
15270,15270,126.110503,154.638629,122.17274,71.905687,160.851205,159.252544,165.5
15273,15273,121.017809,153.689611,129.242315,73.612841,161.095977,159.494923,196.2
15276,15276,121.994605,154.45019,128.451842,71.904171,161.091217,159.431673,203.7
15279,15279,121.080383,152.033895,130.147284,74.378492,161.922918,159.514125,185.0
15282,15282,127.049082,152.312698,125.335195,75.939192,161.561165,158.750909,190.7
15285,15285,113.107673,152.873168,132.991581,73.131527,161.645169,158.31626,199.5
15288,15288,125.118414,153.371823,121.460984,73.187093,158.33815,161.208051,197.8
15291,15291,126.640543,153.516094,121.466872,72.965331,159.504585,158.380271,202.7
15294,15294,122.80944,152.716607,124.439579,72.635238,161.229707,159.430166,219.0
15297,15297,127.231122,154.253529,118.721473,71.034149,159.847573,160.450397,232.2
15300,15300,116.522737,154.154227,137.238891,72.697549,158.145294,161.952241,226.1
15303,15303,124.74242,154.055975,124.754631,72.86574,159.68859,161.706748,216.5
15306,15306,132.090036,153.808858,112.335865,74.276946,160.368929,160.588629,195.3
15309,15309,132.240907,153.529989,112.132324,72.440845,160.11588,162.695944,169.7
15312,15312,126.385429,153.663357,119.672123,73.54575,161.910069,159.712058,195.2
15315,15315,130.13572,156.16348,114.750094,69.059983,158.989747,162.822627,226.3
15318,15318,123.206195,152.185649,124.980687,76.240184,159.873702,161.489143,212.2
15321,15321,120.06666,154.234217,130.253312,72.357756,159.733864,160.771303,179.6
15324,15324,120.884394,152.502508,128.347496,73.53557,161.128498,157.35861,180.1
15327,15327,120.294869,151.707244,127.002168,72.513325,161.627505,158.963325,173.9
15330,15330,125.03908,155.307087,124.161927,71.32269,158.58913,162.107122,182.8
15333,15333,126.813038,153.012835,123.702937,73.976647,160.867804,160.103218,193.3
15336,15336,130.175577,154.854101,117.070783,71.325717,160.691869,160.314529,198.9
15339,15339,131.200615,153.32318,117.386834,71.813953,160.222891,159.824058,194.1
15342,15342,127.088128,153.801968,121.983649,74.093936,161.321071,157.66212,186.4
15345,15345,122.71743,154.582953,128.470335,73.359379,160.997431,159.821338,186.1
15348,15348,128.641587,153.871398,117.637686,73.920539,161.265957,161.214017,162.2
15351,15351,125.902125,150.778921,121.651355,78.118305,161.157191,161.139369,175.3
15354,15354,124.404264,154.093999,124.696673,70.739264,159.646359,161.710862,213.0
15357,15357,114.129078,149.992299,139.294349,79.416239,161.870159,157.465172,211.2
15360,15360,120.969035,152.11455,129.961199,72.582222,161.435483,157.488246,195.0
15363,15363,121.081895,152.384179,127.794111,71.488073,160.052026,159.779108,191.5
15366,15366,122.299817,152.003148,126.337643,73.35897,159.816746,158.926625,188.8
15369,15369,129.584258,153.491672,115.785656,71.971542,160.942629,159.620712,187.8
15372,15372,131.035377,153.133035,110.22474,74.559889,161.70699,157.439202,213.1
15375,15375,125.568127,153.584916,123.047789,74.234072,160.984513,161.28514,216.0
15378,15378,128.022057,155.50055,120.110557,72.261471,161.014221,159.61038,202.1
15381,15381,130.102418,152.978617,119.033715,73.651917,159.826555,160.850626,199.3
15384,15384,117.609716,150.727878,137.96923,79.800923,161.477809,157.981564,174.4
15387,15387,118.382233,153.372635,133.075854,73.027152,161.109099,157.978339,175.6
15390,15390,125.292833,152.957015,121.414507,74.735127,161.280915,157.748609,176.2
15393,15393,119.728602,152.075563,130.41119,74.855195,161.251307,156.847129,202.7
15396,15396,126.879328,153.860571,119.360708,73.526838,160.322689,159.437854,209.9
15399,15399,122.76033,151.421282,126.514525,77.244846,159.677967,156.415543,219.2
15402,15402,123.772563,148.81323,123.114582,80.962921,159.69678,154.82953,212.3
15405,15405,123.344064,138.840582,121.727539,97.879441,158.883369,152.328687,192.2
15408,15408,118.590496,128.942517,129.412228,116.13318,160.749517,149.264603,161.9
15411,15411,114.908779,126.392587,137.37025,123.54014,160.250672,143.931044,176.2
15414,15414,110.416054,121.56589,138.14773,130.452907,160.717573,146.15225,187.8
15417,15417,101.218232,126.752265,143.05898,131.871265,161.461443,150.586045,204.8
15420,15420,122.831332,126.079543,125.260283,132.062007,153.998657,140.154642,189.1
15423,15423,127.706581,126.447782,115.994672,130.386125,161.235815,148.292364,185.2
15426,15426,125.824254,122.663038,119.542415,129.830005,160.497858,146.902095,179.7
15429,15429,118.775853,127.190909,125.21302,129.303724,160.697212,152.436252,170.0
15432,15432,111.57044,126.870681,136.225297,128.602581,161.611507,151.105132,170.1
15435,15435,117.29026,127.028574,129.845776,126.137642,161.510577,150.61112,190.2
15438,15438,118.850143,124.152075,128.871854,130.73341,156.205695,143.941755,204.6
15441,15441,118.776481,124.860041,130.4429,129.775206,160.117071,145.855934,185.0
15444,15444,126.156008,126.79885,118.797842,130.435105,158.796816,144.848426,196.4
15447,15447,119.738356,125.239083,126.876237,130.91737,158.493543,145.163573,183.6
15450,15450,119.695229,125.833612,125.672403,127.034104,160.477352,152.445536,177.8
15453,15453,117.950233,124.637314,130.257075,130.050563,158.133928,147.806732,186.2
15456,15456,124.34043,120.809968,118.548725,129.987644,159.755603,150.016518,209.9
15459,15459,122.849717,121.877591,121.537582,130.899678,158.553449,147.969999,201.3
15462,15462,125.208768,122.27619,117.053451,130.18268,157.040705,146.935079,210.3
15465,15465,122.487014,120.391554,120.77599,129.637908,157.603404,146.135791,177.1
15468,15468,123.70593,127.81969,120.010549,128.970591,156.647292,144.736268,158.5
15471,15471,124.872641,121.910759,116.460854,128.322898,157.807195,146.19613,148.5
15474,15474,126.192098,126.901903,115.247267,128.291552,153.675211,142.575351,157.2
15477,15477,125.415245,123.317068,119.526919,128.902338,158.886627,148.400314,204.1
15480,15480,122.551315,124.069965,128.420861,129.528982,155.841659,143.640973,190.6
15483,15483,116.756962,124.930423,133.383802,129.582864,159.168337,144.987728,189.4
15486,15486,118.379408,125.676717,132.824624,130.352181,159.048634,143.652385,178.3
15489,15489,117.238118,125.991286,130.780656,127.946377,160.297629,146.666758,174.7
15492,15492,118.279105,126.826858,128.747007,127.623711,161.0781,148.317224,178.1
15495,15495,121.151087,123.433732,124.768153,129.113115,157.751651,146.414851,185.1
15498,15498,121.127053,125.618593,124.158752,128.914626,157.182112,141.972239,209.2
15501,15501,130.399256,119.281322,107.212341,129.608789,159.116356,148.471584,204.5
15504,15504,123.883127,123.223236,119.027447,128.317164,158.19554,143.497639,192.8
15507,15507,127.33364,123.315361,115.719922,126.781653,159.587013,147.808189,184.5
15510,15510,122.005593,122.57698,125.236664,127.275434,159.953416,145.743777,173.3
15513,15513,125.286779,125.58044,121.79466,127.784035,156.424677,143.960439,161.4
15516,15516,124.138405,127.094185,120.565722,128.461529,153.023498,139.071911,176.6
15519,15519,131.72453,123.241949,107.459507,127.047154,156.282107,145.190701,216.8
15522,15522,114.852386,125.870156,133.019599,128.36535,156.15335,141.980312,203.3
15525,15525,123.153603,124.816061,118.034831,123.382708,159.301241,147.75813,195.6
15528,15528,133.665239,121.144671,102.950621,126.078091,158.607467,150.902481,197.9
15531,15531,127.98189,123.186805,117.072346,127.446291,158.747475,147.897035,196.5
15534,15534,134.499216,123.148569,104.416394,124.040963,158.101123,145.735702,183.7
15537,15537,124.79358,124.348303,122.116976,127.26041,156.975075,145.051146,198.8
15540,15540,127.890119,124.445951,115.921244,125.078478,158.256267,146.518686,215.2
15543,15543,125.943936,125.506573,118.32125,125.176128,159.805089,146.903461,209.0
15546,15546,123.396989,123.250497,121.500658,126.276531,158.748105,147.021105,181.3
15549,15549,121.950835,124.459793,123.15628,126.683808,160.075196,147.05892,165.2
15552,15552,124.089937,125.63296,120.241756,125.391836,160.182028,150.26063,171.3
15555,15555,120.245758,122.795601,125.573581,124.611607,157.532281,147.172804,151.3
15558,15558,124.910686,125.68595,118.594584,125.891963,158.555591,147.668645,163.6
15561,15561,135.557464,126.012054,102.551699,121.060162,159.925006,146.920696,192.1
15564,15564,129.890487,122.013762,114.064493,126.154859,160.231007,147.962291,190.9
15567,15567,127.321512,123.773226,116.389843,127.799307,157.644046,146.356979,191.6
15570,15570,125.331772,123.6191,117.31798,128.680662,158.398642,147.508434,181.6
15573,15573,128.693759,125.545395,112.191059,125.768965,159.922977,149.999477,171.5
15576,15576,130.179957,123.166721,109.172,124.633748,158.63432,147.975417,188.8
15579,15579,119.321904,128.056462,128.735957,126.225434,156.669799,145.454075,221.5
15582,15582,116.219179,124.816435,130.291714,128.865074,160.101645,148.986043,197.2
15585,15585,119.389767,127.044455,129.862334,127.407622,156.341936,142.033917,183.7
15588,15588,121.896518,125.08848,126.17793,127.332642,158.364549,142.51087,186.1
15591,15591,126.49689,122.531055,116.079576,129.615656,158.89457,146.968749,178.6
15594,15594,124.76963,122.827816,118.968198,129.96404,155.006191,145.760022,159.4
15597,15597,120.119075,118.931883,128.980181,129.165638,157.348,143.798508,150.8
15600,15600,123.763236,126.800303,122.108594,126.649114,158.825753,147.06537,208.3
15603,15603,124.240105,127.832134,120.859559,124.241494,160.125996,151.511852,213.7
15606,15606,131.742741,127.557123,109.490836,125.425746,156.645351,143.545639,212.5
15609,15609,129.562838,119.880997,111.248979,127.795323,159.240737,149.675518,198.4
15612,15612,122.081447,124.261203,123.118533,126.199734,157.016946,148.824743,177.5
15615,15615,135.556668,122.989496,100.157916,126.402997,158.161954,150.838515,180.2
15618,15618,127.024425,126.444255,119.45306,125.385191,160.1105,150.686047,184.2
15621,15621,128.837912,125.848568,117.093844,123.558502,159.680478,151.923302,230.8
15624,15624,125.303425,123.172964,117.664388,127.026509,159.250007,153.67189,218.9
15627,15627,124.438836,123.487179,121.192688,125.971463,159.445323,150.106381,208.9
15630,15630,118.812038,131.6386,129.877178,125.8225,158.076352,142.753479,220.7
15633,15633,129.017131,125.918726,109.045175,121.528117,160.251278,152.16083,200.0
15636,15636,127.413198,129.155087,119.905966,125.477102,157.382756,147.186854,190.3
15639,15639,124.200204,125.76711,119.734336,123.769774,159.819953,148.682672,184.2
15642,15642,131.296953,125.150454,111.44916,123.308179,159.389681,150.124392,214.9
15645,15645,125.85746,125.595567,119.677439,124.594817,160.171971,152.329122,225.5
15648,15648,135.285861,126.901516,102.131111,121.483908,160.696636,151.26115,223.4
15651,15651,130.991057,128.128302,110.55211,122.571788,160.595116,149.679734,223.9
15654,15654,136.034428,124.49387,102.489911,123.537195,159.356149,151.521676,192.0
15657,15657,129.745102,129.231036,110.827485,123.229788,159.590535,148.55072,170.2
15660,15660,133.392733,129.066272,104.601282,119.487315,160.83266,152.31248,180.4
15663,15663,128.951576,132.83077,114.927625,122.032126,159.418626,144.908294,217.4
15666,15666,131.637296,129.056735,111.446429,124.991637,161.092277,151.284887,230.5
15669,15669,126.388995,124.821085,115.71576,125.375954,161.077731,154.259163,221.4
15672,15672,126.109822,126.363047,120.171351,128.708452,161.267559,148.626899,216.5
15675,15675,125.444076,124.557234,120.798204,127.451192,159.872291,146.693509,202.4
15678,15678,133.756481,126.419637,106.253299,123.118374,160.743981,152.242164,171.0
15681,15681,126.922729,130.522138,120.617234,122.861863,160.40558,153.461201,186.2
15684,15684,131.664733,127.134508,109.479458,125.469953,159.248508,149.12183,215.3
15687,15687,129.124007,121.521356,108.856329,128.289261,160.7891,153.2076,203.5
15690,15690,132.060154,124.296098,109.001936,129.526235,158.479246,148.477014,189.9
15693,15693,133.880834,130.012767,111.918053,127.077973,157.490705,143.458819,202.8
15696,15696,124.875403,124.735262,119.333055,125.584912,159.721235,152.076978,191.0
15699,15699,135.466773,124.623937,100.87541,122.496432,160.09296,151.117644,187.5
15702,15702,137.451981,123.625587,96.70441,124.819898,160.072191,151.384227,200.8
15705,15705,134.682755,125.803575,101.970911,127.620418,157.348306,146.547058,248.0
15708,15708,123.785005,127.166977,121.907908,126.408125,160.506334,151.211196,227.5
15711,15711,133.566336,129.848864,107.761923,119.685519,160.268144,153.632662,199.5
15714,15714,133.751523,129.802082,107.411747,117.556962,160.72826,149.930783,218.8
15717,15717,134.908179,127.899885,105.917907,122.105503,159.958181,151.40196,206.3
15720,15720,132.615155,123.084218,106.599049,127.302617,158.081125,148.066497,186.8
15723,15723,134.604633,124.297184,103.986195,126.032198,159.208274,149.376648,182.7
15726,15726,130.046931,127.376836,109.612923,125.395042,156.09136,148.145402,224.9
15729,15729,134.191262,129.031867,105.196125,124.904997,159.626794,150.441119,225.2
15732,15732,125.878346,126.013195,120.388013,125.215839,158.082556,148.368729,218.5
15735,15735,142.02596,125.876232,93.580278,123.851144,155.266915,146.840844,213.7
15738,15738,142.589674,126.829282,93.58173,123.558966,159.172427,148.457255,185.4
15741,15741,140.395072,126.003213,96.265278,125.331762,158.750666,147.091264,184.8
15744,15744,137.488517,127.878387,100.879317,122.457685,156.302847,143.340251,189.1
15747,15747,139.331949,123.068381,94.568563,126.896555,158.226051,148.846104,214.0
15750,15750,134.182691,124.940962,102.721275,124.197641,161.222872,152.077908,219.8
15753,15753,134.171278,130.10594,104.842949,119.006704,160.753974,158.375981,193.5
15756,15756,145.521877,133.76122,82.843838,108.05663,160.690621,156.542771,202.4
15759,15759,140.505691,134.495123,88.221851,110.646019,161.775559,151.37177,215.4
15762,15762,136.095015,139.123689,108.079512,108.621012,161.441158,152.28621,212.4
15765,15765,141.4472,138.610104,94.969008,103.782098,159.785301,158.375806,234.0
15768,15768,145.563115,134.59957,87.431936,112.077661,159.20241,152.255212,227.3
15771,15771,144.506963,137.333728,85.090251,105.909923,159.446147,157.072512,219.7
15774,15774,134.216007,143.883741,108.034687,106.264082,159.51873,139.2248,230.9
15777,15777,140.978531,139.417043,97.869004,108.992172,158.690024,157.329165,201.8
15780,15780,138.335654,141.815943,104.884992,112.199506,160.929727,153.0644,198.1
15783,15783,139.812841,139.727517,101.230157,113.630742,159.466336,159.084049,176.0
15786,15786,139.027176,136.316873,94.627222,112.879876,161.367705,157.879551,190.9
15789,15789,142.161424,145.025754,94.60972,107.051854,160.535209,156.669009,230.2
15792,15792,139.569048,138.64317,92.724784,105.873566,160.376757,156.482873,208.9
15795,15795,135.18899,139.933271,106.544004,114.030563,159.79749,154.710653,207.2
15798,15798,131.085898,140.804171,114.872582,112.648474,160.016281,147.48521,211.9
15801,15801,136.582683,137.501013,104.976328,114.885908,155.480611,151.587827,170.7
15804,15804,135.889892,137.065473,104.301499,114.367843,158.272478,151.414088,178.7
15807,15807,141.00893,134.874257,87.284596,104.999207,160.320764,152.408584,240.1
15810,15810,136.603222,138.735407,106.985362,113.682535,160.106229,157.503797,246.5
15813,15813,139.464728,139.651537,99.78141,110.576809,159.276585,155.520117,221.1
15816,15816,138.313869,138.195015,101.701484,109.682106,159.896743,151.825066,225.3
15819,15819,146.883018,139.831932,85.955698,105.821891,156.761572,149.210102,214.6
15822,15822,140.442021,136.906687,99.581926,114.716962,159.154394,155.387305,208.4
15825,15825,141.215455,134.591881,92.963378,115.264522,158.04503,156.475517,218.7
15828,15828,131.252143,138.634888,112.901001,115.662199,159.834122,157.862881,257.8
15831,15831,131.984062,135.288132,112.932628,117.925881,160.499782,155.758988,245.0
15834,15834,136.211773,141.328918,102.74825,105.161001,160.220441,154.691847,232.5
15837,15837,141.064804,140.761585,97.308095,114.161972,160.335123,154.198134,217.9
15840,15840,143.125548,138.056785,89.955186,107.266433,159.665287,158.282844,226.6
15843,15843,139.614485,145.057544,99.35854,106.721795,156.780725,157.801326,202.8
15846,15846,136.940168,140.181414,102.644022,110.879169,160.154427,159.617124,206.3
15849,15849,139.552985,137.773468,102.150069,114.659846,158.193413,158.954699,223.6
15852,15852,143.405043,134.551199,93.328298,116.144854,161.639191,156.427161,222.6
15855,15855,138.525348,140.305109,99.511048,114.006078,158.392581,150.653033,226.4
15858,15858,140.115567,136.72866,97.131234,117.903739,159.282435,147.795709,221.7
15861,15861,140.242479,133.510917,97.386433,120.676521,161.519464,156.79343,201.5
15864,15864,143.138417,128.739736,91.276105,121.164027,160.514932,162.568761,189.6
15867,15867,141.552763,137.798093,95.773124,110.066024,157.075543,161.168926,202.0
15870,15870,142.673663,139.097751,98.752331,108.414105,157.388761,160.048608,208.0
15873,15873,142.347322,138.580334,96.987009,113.034568,159.300911,157.113165,218.0
15876,15876,138.656388,138.296775,103.863161,116.059805,158.078347,158.621119,211.5
15879,15879,142.315277,138.45901,97.877296,112.5856,158.577865,159.132796,230.4
15882,15882,148.241748,136.183146,83.703477,109.150044,160.862622,144.68092,219.7
15885,15885,146.763559,142.576507,86.395733,108.965267,160.636916,154.362346,194.9
15888,15888,149.540176,140.7294,80.614939,102.641754,159.751528,158.275568,193.5
15891,15891,138.970181,142.923778,100.63986,109.603187,160.442592,150.309152,241.7
15894,15894,144.550702,138.111081,90.02245,107.663472,157.632758,152.837108,247.0
15897,15897,142.764992,138.488316,97.731898,112.639635,160.23712,151.640417,240.5
15900,15900,142.177925,138.006045,100.2305,114.537478,159.727107,148.113998,233.5
15903,15903,140.563249,136.920066,99.015259,114.886589,159.297001,155.777316,224.8
15906,15906,139.303315,138.651629,102.173988,112.474778,160.158172,152.977349,204.7
15909,15909,139.908607,133.37584,96.83449,117.114689,159.813199,155.560656,220.5
15912,15912,135.777105,133.330044,103.398049,116.807151,161.254811,153.944752,242.7
15915,15915,138.253586,126.264671,96.716236,123.699552,161.213232,158.842073,239.8
15918,15918,142.975314,127.136335,89.535098,124.513474,160.426654,154.746049,224.4
15921,15921,141.18947,127.904196,93.453367,125.837703,159.576111,151.762247,218.4
15924,15924,121.079888,128.976,125.458933,126.815494,160.648432,152.790293,215.1
15927,15927,118.382209,134.85487,131.457185,129.529557,158.353915,148.645872,217.0
15930,15930,141.291749,122.029284,85.388669,123.780954,160.286089,150.542726,226.2
15933,15933,130.002472,121.111112,109.758791,128.966245,161.127503,149.823143,259.3
15936,15936,119.144525,125.016087,129.936625,128.682179,161.514122,148.826349,247.3
15939,15939,120.546931,126.088283,128.967657,127.236741,161.003018,153.385114,246.8
15942,15942,117.236563,127.830161,131.433906,127.481112,160.779888,150.472384,217.6
15945,15945,127.660536,127.152322,117.776188,126.165319,160.857362,152.767425,223.3
15948,15948,124.483514,124.760998,119.915351,127.799425,160.899704,146.507448,211.9
15951,15951,137.543141,124.653674,92.617878,123.975106,161.487284,153.516299,208.8
15954,15954,126.173407,126.123809,113.678022,123.002317,161.891591,155.811988,264.4
15957,15957,125.101998,122.423189,117.560534,128.925636,162.17406,154.481816,257.3
15960,15960,131.699598,125.995148,109.077118,128.13048,159.044764,147.643954,266.6
15963,15963,125.645549,126.584874,120.086408,130.18731,158.646745,147.774295,261.9
15966,15966,136.55681,121.918845,101.283911,127.63126,158.829888,150.022247,244.0
15969,15969,125.82565,124.067778,120.766663,128.881463,161.364086,152.248675,234.7
15972,15972,120.168319,127.201516,128.596811,130.022988,156.058419,141.846728,251.8
15975,15975,114.56906,128.182611,135.580599,128.454658,159.800091,146.432857,255.7
15978,15978,109.412932,128.8589,144.505807,129.899151,159.18481,146.307916,264.5
15981,15981,130.865558,123.206129,112.033625,127.894197,158.748675,144.563573,263.3
15984,15984,125.763625,124.601093,121.517941,128.779811,159.493768,146.646085,262.8
15987,15987,137.303011,124.249751,98.853913,127.251842,159.488176,152.112054,260.4
15990,15990,127.214607,126.134386,116.371654,127.731665,156.526668,146.079979,227.2
15993,15993,123.905474,127.1889,121.431314,129.255376,159.790732,147.400525,217.5
15996,15996,133.749793,128.381305,102.981498,116.868086,162.250824,152.595294,261.3
15999,15999,126.535706,125.08698,111.549219,129.21558,161.448313,153.491273,259.2
16002,16002,135.059032,123.385673,98.841815,127.417523,157.758499,150.403932,249.8
16005,16005,130.355833,125.672298,103.974102,119.730406,162.023881,150.794059,243.0
16008,16008,131.524859,121.298245,104.844395,128.753308,160.055302,148.754101,234.8
16011,16011,124.142442,127.182189,119.992468,126.140873,157.968564,145.107042,235.6
16014,16014,123.116218,129.438289,122.207059,128.666518,157.752196,147.246003,245.6
16017,16017,134.29318,125.289771,103.605212,126.863115,153.414399,142.078438,255.2
16020,16020,122.515506,124.082961,125.444538,128.735261,160.228569,150.104409,251.5
16023,16023,131.336138,123.987402,107.970285,127.183473,159.951028,148.593009,226.3
16026,16026,135.397924,122.111226,102.952311,125.687384,159.609172,149.907956,241.1
16029,16029,132.742857,123.598698,107.16022,127.933529,158.852817,146.897931,227.8
16032,16032,126.104308,127.60099,119.320539,128.4602,160.834462,148.84809,218.3
16035,16035,132.526304,121.437652,105.692121,127.588653,160.640858,149.099759,206.3
16038,16038,127.903672,122.454283,113.184414,128.839473,161.1187,150.649606,243.2
16041,16041,116.190603,127.118904,134.335954,128.885509,158.823028,143.796528,246.5
16044,16044,119.703853,122.313316,128.270796,129.278797,160.826272,150.536101,229.4
16047,16047,137.901358,127.836363,99.426674,126.412696,160.666055,154.844285,232.2
16050,16050,123.116759,125.639388,125.462643,128.769824,158.561635,150.189803,234.8
16053,16053,130.588083,123.087221,109.011252,127.142894,158.712054,149.868917,223.3
16056,16056,130.733739,122.540815,109.111635,127.899887,160.067675,153.780992,226.8
16059,16059,125.567335,125.212952,119.560895,129.47983,156.813352,149.227815,229.7
16062,16062,120.97323,119.780444,123.572933,129.469481,157.07281,150.650028,245.1
16065,16065,128.606507,121.667025,113.686111,128.790719,158.782722,149.391502,221.2
16068,16068,127.717056,123.35746,113.067811,128.770275,161.226181,150.965194,218.7
16071,16071,128.761761,126.688816,113.75936,127.866001,152.808343,143.373591,212.9
16074,16074,120.287002,128.945345,130.476281,128.735092,154.457273,143.74087,211.9
16077,16077,130.981636,119.965418,99.403109,120.087697,161.866694,149.601997,210.7
16080,16080,118.978897,126.64455,128.450247,127.950483,160.927274,145.555531,230.1
16083,16083,133.501015,122.608171,105.241605,125.636727,161.968701,153.548033,231.5
16086,16086,132.891707,125.434217,106.410826,127.474571,155.926304,145.014157,208.9
16089,16089,134.892735,122.95127,102.65671,127.731939,157.819445,150.242893,213.9
16092,16092,132.162807,124.043734,108.488741,124.928165,161.042602,152.875364,207.8
16095,16095,132.622696,122.958371,106.026277,126.821253,161.625013,156.054004,203.0
16098,16098,124.171133,123.63922,124.078937,128.508981,159.06197,148.455403,201.2
16101,16101,124.28176,123.944103,125.765993,127.885098,159.750057,148.712262,231.5
16104,16104,120.595714,125.937871,128.115612,126.536573,161.043901,148.815769,253.4
16107,16107,128.564134,125.253721,111.984433,125.353888,160.545591,150.944395,247.9
16110,16110,129.14197,124.96064,112.328019,128.715071,159.158908,149.328369,235.0
16113,16113,125.914128,123.428791,113.988504,128.98645,160.663003,150.526559,225.8
16116,16116,125.359395,122.594559,119.778984,129.019498,161.114447,152.629147,227.8
16119,16119,120.150354,127.987839,130.943936,127.900075,160.024218,150.278798,229.8
16122,16122,125.194304,127.335754,120.773214,129.959122,155.957956,147.127464,254.0
16125,16125,122.289326,124.277206,125.907022,126.430597,160.917658,152.896636,248.0
16128,16128,133.984357,120.678775,97.584865,123.522969,161.060502,153.391786,236.8
16131,16131,132.399064,122.995055,100.222648,118.369018,161.7309,153.013793,246.0
16134,16134,137.196155,124.312993,101.064233,126.868649,161.530987,151.359836,230.1
16137,16137,116.628054,130.343088,136.815355,127.963913,158.737969,146.306401,209.1
16140,16140,122.88993,123.10408,123.056418,127.900075,161.0725,151.543855,219.2
16143,16143,135.50126,122.542313,96.676476,121.751453,162.1696,153.836136,241.4
16146,16146,121.580213,125.012505,126.350443,126.103955,161.666695,153.260599,248.0
16149,16149,123.159797,126.640989,121.474078,126.577403,159.926844,149.008394,249.8
16152,16152,125.576623,127.091949,118.210973,127.63357,155.466722,146.107042,255.6
16155,16155,121.147398,128.702904,130.523864,130.744268,157.088702,143.857452,258.7
16158,16158,127.96366,127.592271,114.012837,126.850518,157.597505,145.360385,235.6
16161,16161,128.881716,123.230948,105.193527,118.516082,162.254227,145.643292,229.4
16164,16164,125.423709,121.956338,121.899328,130.539603,159.043788,147.589412,261.9
16167,16167,129.671084,122.638163,115.36413,129.500996,159.117179,150.242347,248.7
16170,16170,122.035303,121.296852,125.616054,128.087636,160.522121,149.890133,243.4
16173,16173,129.746273,129.784877,115.242773,129.39724,157.915151,145.073067,232.3
16176,16176,124.052909,124.050038,119.832152,128.136793,160.684056,151.66066,198.9
16179,16179,131.582917,123.257078,109.765996,128.465716,161.179657,153.048426,216.8
16182,16182,136.121936,126.663522,104.924674,128.824409,157.91811,147.445583,221.5
16185,16185,123.145587,125.496845,122.476646,128.484989,161.587287,152.775807,236.0
16188,16188,124.215903,127.044179,121.405003,127.639077,160.058958,150.190885,238.7
16191,16191,126.55897,126.229852,117.884974,128.156434,159.287323,150.249733,242.0
16194,16194,109.627106,123.724462,138.668702,124.99742,161.543813,152.687602,264.2
16197,16197,128.53391,121.779417,110.023072,124.789669,161.587409,155.591636,248.1
16200,16200,121.33594,133.200483,125.047038,125.011081,161.080992,152.221299,242.1
16203,16203,125.849675,122.893471,116.422498,130.500365,156.594053,148.608565,204.7
16206,16206,110.414982,129.571678,139.760671,130.607943,156.738673,148.224861,
16209,16209,127.522371,125.103914,117.434062,130.131739,154.592208,145.793769,
16212,16212,130.632357,122.234762,111.902764,128.757265,159.855236,149.244126,
16215,16215,126.079801,129.206954,119.704709,129.840334,157.89808,145.858333,
16218,16218,124.670471,124.891177,120.276613,128.789833,156.983726,148.387869,
16221,16221,129.303691,125.507974,112.61664,127.324574,157.988187,149.925751,
16224,16224,120.558244,131.615575,125.802065,126.475251,160.75894,145.895386,
16227,16227,123.769153,124.715834,120.539292,126.541618,160.765379,151.196176,
16230,16230,131.714652,127.605941,110.214102,125.771407,161.17201,149.857495,
16233,16233,122.359758,127.640236,125.721285,129.326878,160.110193,149.822302,
16236,16236,128.08862,130.146031,117.278102,128.563567,156.73852,145.869922,
16239,16239,132.07498,124.44865,108.632182,128.521747,161.165596,149.320366,
16242,16242,134.836442,125.470492,100.776177,124.051343,161.681282,154.078647,
16245,16245,126.661518,129.099274,117.075928,127.771559,158.113773,149.967289,
16248,16248,127.054177,125.649103,114.942309,128.366759,158.613639,150.285831,
16251,16251,131.39594,121.467154,106.077881,125.073666,160.958426,154.185591,
16254,16254,119.580742,126.695084,130.170553,128.447078,160.123557,149.870027,
16257,16257,123.260714,123.259553,123.241667,128.953329,158.018876,147.971791,
16260,16260,123.932873,123.698454,120.342385,129.75173,157.176224,146.197876,
16263,16263,137.795896,124.700192,104.383488,127.793029,154.415409,142.638558,
16266,16266,121.924489,125.962772,125.035084,126.013208,159.00754,142.963028,
16269,16269,121.366403,126.60986,123.722964,128.766856,157.430981,143.939443,
16272,16272,124.893004,127.369038,120.205232,127.725651,152.312083,141.250662,
16275,16275,126.571139,126.02597,118.111115,127.870223,156.291087,149.206944,
16278,16278,124.376688,125.759122,121.248177,128.887834,159.737748,149.62714,
16281,16281,131.264398,124.824822,110.553953,129.440724,156.179792,146.548038,
16284,16284,124.677541,123.968087,120.234921,130.183887,159.241279,146.218573,
16287,16287,133.94208,124.796886,107.444704,126.087984,160.254123,150.127175,
16290,16290,126.142429,127.683173,118.314556,127.768225,158.914804,152.944311,
16293,16293,120.629782,125.85568,129.218075,128.472451,160.866425,148.808462,
16296,16296,132.770692,123.405824,107.43664,126.889793,161.175721,152.654089,
16299,16299,134.177964,127.602033,104.930804,121.474674,161.568476,151.640188,
16302,16302,135.176014,127.30814,104.54121,124.519091,160.328657,149.050445,
16305,16305,127.305887,124.101708,110.288055,122.581831,160.487524,148.688428,
16308,16308,118.254271,124.89935,130.998031,127.567503,157.723282,147.149806,
16311,16311,115.47334,130.232599,132.195535,129.234909,158.993163,150.749342,
16314,16314,121.34345,123.724791,125.423578,129.680386,158.918324,150.022271,
16317,16317,122.203286,125.494486,126.939847,128.205874,157.655528,148.858775,
16320,16320,123.821529,125.766006,121.10908,126.884666,160.313626,154.128086,
16323,16323,112.493985,125.677597,134.863694,129.466656,160.795428,152.683398,
16326,16326,120.919052,125.253656,126.942548,128.604452,157.24114,147.034079,
16329,16329,123.033341,126.228238,123.564717,130.169607,159.864266,148.800565,
16332,16332,123.754394,125.005992,121.113317,130.494306,156.993711,146.570112,
16335,16335,123.705602,125.469282,122.510057,131.862433,154.605388,144.489283,
16338,16338,126.662502,121.377282,119.050114,129.810945,159.716955,148.505049,
16341,16341,121.883484,129.14518,126.761344,131.536137,159.536581,149.484092,
16344,16344,119.239425,120.157142,127.772933,130.574879,158.224929,148.037546,
16347,16347,121.823366,120.962174,127.50547,129.770913,156.514823,147.119902,
16350,16350,122.834701,124.43685,123.459784,131.005027,152.302168,141.475042,
16353,16353,112.260681,127.439837,136.886768,131.239021,159.186782,148.254582,
16356,16356,121.122671,126.332576,126.555139,129.524995,157.052592,147.581449,
16359,16359,121.598844,129.276866,126.182114,131.26004,151.500319,139.803557,
16362,16362,125.446084,120.744955,116.091363,130.734332,160.455239,152.885912,
16365,16365,124.205811,123.58542,124.5517,129.270653,157.600308,146.779203,
16368,16368,122.62249,123.707602,123.379743,130.260784,159.431358,149.860906,
16371,16371,116.91,125.26088,128.475869,127.901161,159.052914,149.329074,
16374,16374,113.583356,124.170634,135.991729,129.703542,156.521379,143.792489,
16377,16377,122.653968,121.119149,121.035953,126.895599,159.394213,154.303282,
16380,16380,105.045632,123.598231,140.462644,129.510182,155.31763,149.277154,
16383,16383,117.641753,123.713705,125.672616,126.830496,160.214229,138.060095,
16386,16386,116.428553,128.982536,130.750793,125.491326,159.514644,151.603323,
16389,16389,110.157644,127.483873,137.636472,128.636568,160.007467,152.95963,
16392,16392,110.244421,124.997802,142.013104,130.091799,159.805308,152.337887,
16395,16395,123.048753,120.182724,123.373325,129.59567,159.433875,152.0876,
16398,16398,120.297192,130.097276,129.313504,128.312852,158.265363,148.775846,
16401,16401,119.462462,123.028495,126.68341,130.356272,157.335384,147.070684,
16404,16404,118.72577,120.69074,128.67204,131.047286,159.262545,148.972531,
16407,16407,125.050555,123.650011,123.48587,128.2964,159.072634,148.659506,
16410,16410,114.647135,127.121438,137.1093,127.490577,159.68153,148.694824,
16413,16413,106.318247,129.569926,140.353432,130.19139,159.215826,147.957128,
16416,16416,103.466962,127.037648,142.926409,131.645374,155.894274,143.566161,
16419,16419,111.434775,124.339362,137.188455,131.227036,157.160912,145.456492,
16422,16422,108.360824,126.041856,138.494328,131.130233,159.607703,147.141346,
16425,16425,117.241025,131.331388,131.701517,132.271711,156.592008,147.350307,
16428,16428,117.002272,121.442071,129.750557,131.137412,160.226718,152.851018,
16431,16431,113.436457,128.330741,135.20371,131.835416,157.415777,147.2802,
16434,16434,122.630511,124.411082,124.612147,130.725339,157.797996,144.952387,
16437,16437,121.485504,122.090758,125.262045,131.164172,159.410286,148.321603,
16440,16440,112.995878,125.251575,135.266208,129.774378,160.550945,149.279772,
16443,16443,109.45116,126.402613,138.436579,130.104828,160.099171,148.132083,
16446,16446,127.731899,123.442368,114.990408,127.04091,160.522745,153.550717,
16449,16449,112.406608,123.876118,134.940113,129.892596,159.436567,150.671655,
16452,16452,121.751974,124.630871,127.371406,131.696929,156.234185,145.546896,
16455,16455,119.780296,126.131703,127.174445,131.480746,156.573207,144.688172,
16458,16458,120.768927,126.122551,129.135933,130.04618,158.722439,143.599716,
16461,16461,122.304684,125.547554,127.666068,127.333216,160.416439,152.299504,
16464,16464,107.87569,131.170312,142.38671,130.966549,159.174533,147.268496,
16467,16467,107.293805,132.109128,144.346243,131.290845,158.593225,147.558102,
16470,16470,114.346712,118.881479,136.599638,130.552338,159.579517,150.87477,
16473,16473,109.047014,126.720477,139.759394,129.097689,159.001843,148.544097,
16476,16476,115.970694,126.54924,134.881921,130.696107,155.195345,144.289561,
16479,16479,128.378182,124.104511,117.771235,128.20635,158.381954,148.304356,
16482,16482,118.375032,122.235244,132.159793,130.395885,154.579391,145.706926,
16485,16485,107.69141,125.492389,140.169836,131.02067,153.774004,144.042986,
16488,16488,112.859391,121.813601,134.33241,131.167099,155.914011,143.934581,
16491,16491,112.604343,124.541388,131.262497,129.279362,157.228248,145.705769,
16494,16494,114.473814,124.551323,129.983295,128.984056,156.157285,143.724485,
16497,16497,116.301746,123.430014,129.414465,129.851247,159.760968,149.175793,
16500,16500,121.401413,119.934861,123.401035,130.357428,160.662347,155.422299,
16503,16503,115.827869,125.465426,129.413179,130.506007,154.226697,145.521821,
16506,16506,116.895199,126.427008,129.249269,131.824125,150.231185,139.003754,
16509,16509,117.067185,119.535076,127.671507,130.622701,160.446119,150.981991,
16512,16512,122.000409,123.059522,123.039178,132.215327,158.827516,151.235915,
16515,16515,120.851475,125.172802,122.020297,132.15092,157.061052,144.319196,
16518,16518,115.4908,122.862967,132.976147,131.06243,155.070023,142.738973,
16521,16521,112.93654,121.06019,135.040984,129.679819,153.846592,142.251626,
16524,16524,118.172477,122.353835,127.963153,130.540881,154.831677,145.769434,
16527,16527,107.666002,124.627145,139.083164,130.958361,155.429028,145.495032,
16530,16530,105.85312,125.584463,137.609311,131.182325,152.345975,139.596961,
16533,16533,118.447772,122.827917,126.11689,131.005067,155.868502,142.410498,
16536,16536,115.424668,121.487444,132.305782,131.049701,156.653733,144.850273,
16539,16539,123.85438,121.933883,122.546384,130.886953,154.141141,145.81775,
16542,16542,115.92116,123.017552,130.750528,129.320911,153.960662,143.865961,
16545,16545,117.854302,123.247579,128.680639,130.928369,149.72668,140.201603,
16548,16548,120.821678,121.219816,122.552587,131.440031,156.107322,146.227456,
16551,16551,118.278058,125.789633,126.855883,129.477951,156.65097,145.559633,
16554,16554,116.732411,119.829522,128.208007,130.368695,159.599165,149.603399,
16557,16557,119.27432,122.664481,126.981784,130.474125,160.311753,153.02112,
16560,16560,116.530481,127.132409,133.733519,131.136373,157.68727,149.527997,
16563,16563,120.306627,116.021859,126.804026,131.444246,157.480328,148.708635,
16566,16566,117.35458,123.86598,130.598094,127.915963,159.968606,149.205794,
16569,16569,116.799681,127.038431,130.819181,129.097914,160.322913,150.178166,
16572,16572,108.323558,128.749395,139.063944,125.482034,160.853372,152.415961,
16575,16575,128.169899,123.879165,115.743678,124.541343,160.957757,155.090257,
16578,16578,125.028049,124.896758,122.388092,130.731377,160.571722,151.07093,
16581,16581,127.774405,121.741414,116.626308,128.852203,160.797036,154.384422,
16584,16584,111.469489,123.462888,135.967666,132.233208,160.18698,152.198698,
16587,16587,123.813216,119.895372,120.665456,131.080523,160.170113,153.146673,
16590,16590,118.720113,122.840592,126.426485,132.048622,155.049331,145.354278,
16593,16593,116.726186,123.40224,130.14113,132.217046,155.641099,144.471219,
16596,16596,121.83464,121.475723,123.15613,132.21015,152.786599,143.639637,
16599,16599,105.509096,125.299906,140.166486,129.917485,156.899146,143.865095,
16602,16602,122.786233,121.289527,120.555853,131.483369,160.311514,150.076524,
16605,16605,118.927886,123.642842,126.521453,128.346354,159.979365,153.48633,
16608,16608,109.466285,125.742061,134.287567,131.722406,158.24281,149.049328,
16611,16611,120.160877,122.243264,123.997868,131.210101,158.070568,148.948269,
16614,16614,135.83507,122.481558,104.201338,125.999367,160.16384,149.053761,
16617,16617,121.158675,124.30109,127.929594,130.014829,160.112039,151.231106,
16620,16620,115.739614,123.720624,131.323415,128.13342,159.001278,148.586633,
16623,16623,118.541675,118.743083,125.170803,129.083437,158.572004,146.616223,
16626,16626,122.248094,122.273406,122.438167,129.516628,157.159771,145.223686,
16629,16629,120.060387,121.625977,127.250899,129.455209,157.850356,145.771715,
16632,16632,116.421526,121.80799,131.018183,129.74858,157.031927,146.381041,
16635,16635,123.056969,121.94788,121.642119,127.518536,159.054424,150.063905,
16638,16638,115.243319,123.886495,129.944959,131.051378,157.565683,149.405936,
16641,16641,117.367106,121.081725,127.266559,130.084257,157.963652,150.132845,
16644,16644,116.646151,122.41595,130.400128,128.228455,155.481702,147.035563,
16647,16647,113.558931,124.767157,131.968063,131.588877,155.647232,144.586506,
16650,16650,119.154065,121.623922,125.697379,128.809698,159.727573,150.363088,
16653,16653,117.193943,116.97325,126.261895,130.478708,159.439489,150.62852,
16656,16656,124.01878,122.260869,118.173079,123.067523,160.19907,148.56157,
16659,16659,122.057305,127.816057,123.409623,130.855804,160.143809,148.46666,
16662,16662,100.947847,125.631457,140.637706,131.6731,157.457327,148.807823,
16665,16665,110.908014,120.095674,136.328667,129.650174,159.591118,153.397215,
16668,16668,121.577961,122.996479,122.317323,125.638757,159.701365,153.618065,
16671,16671,122.569168,121.634512,121.654861,129.723503,158.383694,148.342142,
16674,16674,122.830751,118.02944,118.015366,128.290931,159.700944,151.409977,
16677,16677,128.8544,123.439874,113.34899,126.497261,159.558227,153.040947,
16680,16680,115.180658,127.490639,131.63171,132.391599,159.104081,151.786848,
16683,16683,118.905087,117.917839,126.725648,131.18859,155.857722,148.217454,
16686,16686,119.1106,120.501025,125.145776,129.616578,159.774933,155.6183,
16689,16689,115.786471,123.914607,126.640715,128.613935,157.484769,147.760931,
16692,16692,128.004013,120.982946,116.583333,131.604883,156.560813,150.238817,
16695,16695,112.351809,121.067065,134.351386,131.307715,154.894034,146.897679,
16698,16698,114.790904,121.565907,128.744649,130.946828,156.43019,147.840594,
16701,16701,120.07266,125.025831,126.213764,130.74714,154.108512,145.111753,
16704,16704,125.320401,116.177407,115.029596,130.269406,154.915822,143.905894,
16707,16707,122.066676,119.246008,122.577073,130.01942,154.86685,143.275752,
16710,16710,126.313791,118.995993,117.65069,127.936359,158.492125,148.856567,
16713,16713,119.074088,122.717648,126.972973,129.744353,159.010591,149.075689,
16716,16716,124.424756,122.693099,120.689407,129.202798,159.523482,148.770481,
16719,16719,122.570744,123.494413,124.758018,130.937851,155.141491,145.239241,
16722,16722,111.246981,123.79217,134.044849,131.205525,157.162204,148.388881,
16725,16725,116.179001,120.952261,128.537376,131.157745,155.836777,144.90955,
16728,16728,117.764821,120.702061,128.035139,131.328645,155.154335,144.81462,
16731,16731,108.101308,125.198993,136.927721,130.812124,157.654584,145.342752,
16734,16734,115.254959,129.716188,130.215907,126.639901,157.633447,143.268761,
16737,16737,120.627092,125.52558,123.037338,126.728283,158.863275,152.33476,
16740,16740,127.239847,122.912265,113.462813,125.27067,160.021105,152.410702,
16743,16743,119.690429,125.689505,129.32645,131.779243,157.674089,149.807872,
16746,16746,126.5912,123.06883,117.984484,131.534756,153.401865,145.72172,
16749,16749,121.916807,119.923831,120.462387,131.285034,151.471297,141.995422,
16752,16752,131.125275,120.921604,108.804359,132.584684,152.863583,143.585162,
16755,16755,128.159902,116.542348,114.978441,132.238102,153.329902,147.634943,
16758,16758,108.893993,120.61155,133.566176,132.491531,153.738104,144.621328,
16761,16761,109.27496,124.424696,133.997585,132.609685,157.723114,146.242861,
16764,16764,123.389003,121.548345,119.335662,131.524423,155.721793,147.650443,
16767,16767,133.34083,121.118652,109.075342,133.156276,154.213026,145.473818,
16770,16770,120.169407,125.473553,126.254062,134.144983,150.60422,142.206239,
16773,16773,115.002592,121.908192,134.256528,134.043419,155.603631,148.737785,
16776,16776,133.025133,120.188213,106.3633,130.302575,152.932096,143.702374,
16779,16779,117.939938,122.780042,134.055926,133.355564,152.84491,143.950803,
16782,16782,112.145278,126.225967,136.674259,133.594714,151.420992,143.794538,
16785,16785,111.608216,123.141628,135.092652,134.94855,155.250553,144.676346,
16788,16788,116.452923,119.189889,126.10816,133.558798,153.189081,143.448754,
16791,16791,121.355886,117.449549,119.831366,133.409116,155.009025,144.549799,
16794,16794,117.379136,120.72714,126.466321,133.807459,155.615114,148.675211,
16797,16797,114.083887,123.062776,127.380329,133.527904,150.917254,142.923416,
16800,16800,127.257451,116.351662,113.939422,132.864799,158.397192,146.837762,
16803,16803,132.940603,113.792182,113.985181,128.475339,158.919971,147.359825,
16806,16806,133.30862,127.203545,106.704401,101.378026,156.982956,148.560789,
16809,16809,136.577373,145.05642,94.236451,63.754194,159.636532,158.478769,
16812,16812,134.116476,140.40907,92.433287,58.952685,160.357718,161.562651,
16815,16815,118.263683,133.225305,102.770622,57.755836,160.001062,161.071505,
16818,16818,98.889141,130.970913,123.736946,62.09901,157.354538,161.301824,
16821,16821,110.098318,130.031855,112.973953,62.088425,157.377135,158.829606,
16824,16824,111.486452,133.017847,110.34348,58.831047,157.584736,161.743642,
16827,16827,99.34627,128.920207,126.47365,61.913782,159.082245,156.857038,
16830,16830,106.776337,128.964524,119.191217,63.353146,159.059405,161.310681,
16833,16833,101.395593,130.427763,125.541303,60.752745,158.453255,162.549781,
16836,16836,104.116091,129.284041,117.807976,61.799694,154.592711,153.436793,
16839,16839,113.012458,129.271175,106.328327,64.365965,157.092217,157.516273,
16842,16842,101.565509,128.486503,116.522945,66.279229,155.700078,164.685616,
